cluster_id,TransactionID,shared_attribute,cluster_fraud_rate
19,3023392,card_addr,0.1111111111111111
19,3076162,card_addr,0.1111111111111111
19,3076489,card_addr,0.1111111111111111
19,2987019,card_addr,0.1111111111111111
19,3519084,card_addr,0.1111111111111111
19,2991507,card_addr,0.1111111111111111
19,3015316,card_addr,0.1111111111111111
19,3283283,card_addr,0.1111111111111111
19,3498425,card_addr,0.1111111111111111
95,3576330,card_addr,0.1034482758620689
95,3300363,card_addr,0.1034482758620689
95,3415443,card_addr,0.1034482758620689
95,3459863,card_addr,0.1034482758620689
95,3163933,card_addr,0.1034482758620689
95,3497762,card_addr,0.1034482758620689
95,3261861,card_addr,0.1034482758620689
95,3072167,card_addr,0.1034482758620689
95,3334835,card_addr,0.1034482758620689
95,3221178,card_addr,0.1034482758620689
95,3266618,card_addr,0.1034482758620689
95,3460415,card_addr,0.1034482758620689
95,3259975,card_addr,0.1034482758620689
95,3557835,card_addr,0.1034482758620689
95,3377870,card_addr,0.1034482758620689
95,3555668,card_addr,0.1034482758620689
95,3200215,card_addr,0.1034482758620689
95,3278297,card_addr,0.1034482758620689
95,2987097,card_addr,0.1034482758620689
95,3080155,card_addr,0.1034482758620689
95,3380702,card_addr,0.1034482758620689
95,3437792,card_addr,0.1034482758620689
95,3366500,card_addr,0.1034482758620689
95,3087589,card_addr,0.1034482758620689
95,3079926,card_addr,0.1034482758620689
95,3193974,card_addr,0.1034482758620689
95,3007736,card_addr,0.1034482758620689
95,3479164,card_addr,0.1034482758620689
95,2992127,card_addr,0.1034482758620689
102,3495940,device,0.2127659574468085
102,3454472,device,0.2127659574468085
102,3400718,device,0.2127659574468085
102,3039253,device,0.2127659574468085
102,3493397,device,0.2127659574468085
102,3555349,device,0.2127659574468085
102,3431964,device,0.2127659574468085
102,3039262,device,0.2127659574468085
102,3447329,device,0.2127659574468085
102,3506215,device,0.2127659574468085
102,3063337,device,0.2127659574468085
102,3063339,device,0.2127659574468085
102,3398198,device,0.2127659574468085
102,3547192,device,0.2127659574468085
102,3554873,device,0.2127659574468085
102,3450943,device,0.2127659574468085
102,3107398,device,0.2127659574468085
102,3288652,device,0.2127659574468085
102,3288658,device,0.2127659574468085
102,3397202,device,0.2127659574468085
102,3288661,device,0.2127659574468085
102,3399766,device,0.2127659574468085
102,3288671,device,0.2127659574468085
102,2987105,device,0.2127659574468085
102,3122279,device,0.2127659574468085
102,3306088,device,0.2127659574468085
102,3247209,device,0.2127659574468085
102,3467897,device,0.2127659574468085
102,3430523,device,0.2127659574468085
102,3412098,device,0.2127659574468085
102,3430536,device,0.2127659574468085
102,3499656,device,0.2127659574468085
102,3458188,device,0.2127659574468085
102,3038354,device,0.2127659574468085
102,3430546,device,0.2127659574468085
102,3038360,device,0.2127659574468085
102,3038369,device,0.2127659574468085
102,3038372,device,0.2127659574468085
102,3394729,device,0.2127659574468085
102,3560116,device,0.2127659574468085
102,3254968,device,0.2127659574468085
102,3573446,device,0.2127659574468085
102,3401939,device,0.2127659574468085
102,3401944,device,0.2127659574468085
102,3430641,device,0.2127659574468085
102,3430647,device,0.2127659574468085
102,3558135,device,0.2127659574468085
102,3491065,device,0.2127659574468085
102,3577079,device,0.2127659574468085
102,3577083,device,0.2127659574468085
102,3577084,device,0.2127659574468085
102,3430655,device,0.2127659574468085
102,3577087,device,0.2127659574468085
102,3401988,device,0.2127659574468085
102,3577092,device,0.2127659574468085
102,3401992,device,0.2127659574468085
102,3577103,device,0.2127659574468085
102,3089685,device,0.2127659574468085
102,3374888,device,0.2127659574468085
102,3228978,device,0.2127659574468085
102,3577147,device,0.2127659574468085
102,3493718,device,0.2127659574468085
102,3321177,device,0.2127659574468085
102,3159392,device,0.2127659574468085
102,3335015,device,0.2127659574468085
102,3108713,device,0.2127659574468085
102,3241321,device,0.2127659574468085
102,3391852,device,0.2127659574468085
102,3053951,device,0.2127659574468085
102,3126144,device,0.2127659574468085
102,3053955,device,0.2127659574468085
102,3535240,device,0.2127659574468085
102,3321227,device,0.2127659574468085
102,3381646,device,0.2127659574468085
102,3043728,device,0.2127659574468085
102,3086227,device,0.2127659574468085
102,3290003,device,0.2127659574468085
102,3553171,device,0.2127659574468085
102,3381654,device,0.2127659574468085
102,3567509,device,0.2127659574468085
102,3127705,device,0.2127659574468085
102,3381660,device,0.2127659574468085
102,3405215,device,0.2127659574468085
102,3270055,device,0.2127659574468085
102,3541936,device,0.2127659574468085
102,3013623,card_addr+device,0.2127659574468085
102,3367871,device,0.2127659574468085
102,3261889,device,0.2127659574468085
102,3367875,device,0.2127659574468085
102,3367876,device,0.2127659574468085
102,3454951,device,0.2127659574468085
102,3288567,device,0.2127659574468085
102,3446268,device,0.2127659574468085
102,3013631,card_addr+device,0.2127659574468085
126,3196938,card_addr,0.0795454545454545
126,3196940,card_addr,0.0795454545454545
126,3504141,card_addr,0.0795454545454545
126,3088416,card_addr,0.0795454545454545
126,3113009,card_addr+device,0.0795454545454545
126,3094071,card_addr,0.0795454545454545
126,3430972,card_addr,0.0795454545454545
126,3113030,card_addr+device,0.0795454545454545
126,3244106,card_addr,0.0795454545454545
126,3064913,card_addr,0.0795454545454545
126,3384402,card_addr,0.0795454545454545
126,3244121,card_addr,0.0795454545454545
126,3061861,card_addr,0.0795454545454545
126,3158135,card_addr,0.0795454545454545
126,3550840,card_addr,0.0795454545454545
126,3054201,device,0.0795454545454545
126,3334265,card_addr,0.0795454545454545
126,3093114,card_addr,0.0795454545454545
126,2987131,card_addr,0.0795454545454545
126,3311233,card_addr,0.0795454545454545
126,3569281,card_addr,0.0795454545454545
126,3569284,card_addr,0.0795454545454545
126,3102859,device,0.0795454545454545
126,3095692,card_addr+device,0.0795454545454545
126,3550862,card_addr,0.0795454545454545
126,3094166,card_addr,0.0795454545454545
126,3006615,card_addr,0.0795454545454545
126,3094171,card_addr,0.0795454545454545
126,2987175,card_addr,0.0795454545454545
126,3536551,card_addr,0.0795454545454545
126,3549351,card_addr,0.0795454545454545
126,3164331,card_addr,0.0795454545454545
126,3023535,card_addr,0.0795454545454545
126,3536566,card_addr,0.0795454545454545
126,3094214,card_addr,0.0795454545454545
126,3100364,card_addr,0.0795454545454545
126,3344596,card_addr,0.0795454545454545
126,3311323,card_addr,0.0795454545454545
126,3064045,card_addr,0.0795454545454545
126,3100398,card_addr,0.0795454545454545
126,3127541,card_addr,0.0795454545454545
126,3213047,card_addr,0.0795454545454545
126,3374839,card_addr,0.0795454545454545
126,3155705,card_addr,0.0795454545454545
126,3067641,card_addr,0.0795454545454545
126,3032318,card_addr,0.0795454545454545
126,3044096,card_addr+device,0.0795454545454545
126,3028743,card_addr,0.0795454545454545
126,3096328,card_addr,0.0795454545454545
126,3044104,card_addr+device,0.0795454545454545
126,3044117,card_addr+device,0.0795454545454545
126,3207446,card_addr,0.0795454545454545
126,3023645,card_addr,0.0795454545454545
126,3344678,card_addr,0.0795454545454545
126,3163948,card_addr,0.0795454545454545
126,3204908,card_addr,0.0795454545454545
126,3029298,device,0.0795454545454545
126,3103547,card_addr,0.0795454545454545
126,3047743,card_addr+device,0.0795454545454545
126,3076934,card_addr,0.0795454545454545
126,3012429,card_addr,0.0795454545454545
126,3090765,device,0.0795454545454545
126,3096406,card_addr,0.0795454545454545
126,3071331,card_addr,0.0795454545454545
126,3068260,card_addr,0.0795454545454545
126,3031916,card_addr,0.0795454545454545
126,3553645,card_addr,0.0795454545454545
126,3104624,card_addr,0.0795454545454545
126,3094897,card_addr,0.0795454545454545
126,3087730,card_addr,0.0795454545454545
126,3326322,card_addr,0.0795454545454545
126,3325815,card_addr,0.0795454545454545
126,3087737,card_addr,0.0795454545454545
126,3088766,card_addr,0.0795454545454545
126,3499912,card_addr,0.0795454545454545
126,3020188,card_addr,0.0795454545454545
126,3002272,device,0.0795454545454545
126,3010465,card_addr,0.0795454545454545
126,3466146,card_addr,0.0795454545454545
126,3134894,card_addr,0.0795454545454545
126,3037617,card_addr+device,0.0795454545454545
126,3014578,card_addr,0.0795454545454545
126,3052990,card_addr,0.0795454545454545
126,3405769,card_addr,0.0795454545454545
126,3450318,card_addr,0.0795454545454545
126,3082190,card_addr,0.0795454545454545
126,3134951,card_addr,0.0795454545454545
126,2991615,card_addr,0.0795454545454545
162,3217547,card_addr,0.1
162,3358352,card_addr,0.1
162,3330335,card_addr,0.1
162,2987171,card_addr,0.1
162,3049510,card_addr,0.1
162,3248943,card_addr,0.1
162,3371697,card_addr,0.1
162,3248947,card_addr,0.1
162,3142580,card_addr,0.1
162,3309364,card_addr,0.1
162,3468468,card_addr,0.1
162,3352248,card_addr,0.1
162,3097150,card_addr,0.1
162,3038017,card_addr,0.1
162,3471430,card_addr,0.1
162,3049291,card_addr,0.1
162,3175627,card_addr,0.1
162,3471436,card_addr,0.1
162,3050575,card_addr,0.1
162,2987477,card_addr,0.1
162,3462618,card_addr,0.1
162,2990939,card_addr,0.1
162,3286240,card_addr,0.1
162,3225968,card_addr,0.1
162,3363186,card_addr,0.1
162,3341301,card_addr,0.1
162,3471478,card_addr,0.1
162,3034615,card_addr,0.1
162,3195897,card_addr,0.1
162,3121018,card_addr,0.1
175,3524066,card_addr,0.125
175,3092860,card_addr,0.125
175,3409126,card_addr,0.125
175,3303337,card_addr,0.125
175,3011983,card_addr,0.125
175,3010640,card_addr,0.125
175,2987185,card_addr,0.125
175,3071792,card_addr,0.125
175,3100305,card_addr,0.125
175,3215825,card_addr,0.125
175,3064597,card_addr,0.125
175,3218735,card_addr,0.125
175,3052088,card_addr,0.125
175,3524060,card_addr,0.125
175,3303323,card_addr,0.125
175,3034012,card_addr,0.125
192,3361666,card_addr,0.35
192,3053076,card_addr,0.35
192,3429398,card_addr,0.35
192,3436955,card_addr,0.35
192,3025440,card_addr,0.35
192,3190305,card_addr,0.35
192,3448992,card_addr,0.35
192,3047331,card_addr,0.35
192,3021989,card_addr,0.35
192,3022000,card_addr,0.35
192,3041841,card_addr,0.35
192,3010099,card_addr,0.35
192,3125689,card_addr,0.35
192,2987203,card_addr,0.35
192,3433167,card_addr,0.35
192,3015128,card_addr,0.35
192,3190375,card_addr,0.35
192,3349609,card_addr,0.35
192,2998766,card_addr,0.35
192,3175930,card_addr,0.35
228,2987240,device,0.6
228,3092872,card_addr+device,0.6
228,2987243,device,0.6
228,2987245,device,0.6
228,3092881,card_addr+device,0.6
235,3526656,device,0.0804455445544554
235,3018756,card_addr,0.0804455445544554
235,3393541,card_addr,0.0804455445544554
235,3133446,card_addr,0.0804455445544554
235,3538949,device,0.0804455445544554
235,3473421,card_addr,0.0804455445544554
235,3129358,card_addr,0.0804455445544554
235,3201038,device,0.0804455445544554
235,3403794,card_addr,0.0804455445544554
235,3018772,card_addr,0.0804455445544554
235,3260443,card_addr,0.0804455445544554
235,3008540,card_addr+device,0.0804455445544554
235,3467292,card_addr,0.0804455445544554
235,3549216,card_addr,0.0804455445544554
235,3549218,card_addr,0.0804455445544554
235,3010597,card_addr,0.0804455445544554
235,3035178,card_addr,0.0804455445544554
235,3096621,card_addr,0.0804455445544554
235,3393584,device,0.0804455445544554
235,3221556,card_addr,0.0804455445544554
235,3332149,card_addr,0.0804455445544554
235,3035190,card_addr,0.0804455445544554
235,3237942,device,0.0804455445544554
235,3424310,device,0.0804455445544554
235,3055676,card_addr,0.0804455445544554
235,3510332,card_addr,0.0804455445544554
235,3274815,device,0.0804455445544554
235,3012672,card_addr,0.0804455445544554
235,3006529,device,0.0804455445544554
235,3199042,card_addr,0.0804455445544554
235,3033156,card_addr,0.0804455445544554
235,3082309,card_addr,0.0804455445544554
235,3014729,device,0.0804455445544554
235,3571786,card_addr,0.0804455445544554
235,3303506,card_addr,0.0804455445544554
235,3108946,card_addr,0.0804455445544554
235,3014743,card_addr,0.0804455445544554
235,3557465,device,0.0804455445544554
235,2996317,device,0.0804455445544554
235,3205215,device,0.0804455445544554
235,3399775,device,0.0804455445544554
235,3018848,card_addr,0.0804455445544554
235,3033190,card_addr,0.0804455445544554
235,3029095,card_addr,0.0804455445544554
235,3268711,device,0.0804455445544554
235,3133549,card_addr,0.0804455445544554
235,3438705,card_addr,0.0804455445544554
235,3565682,device,0.0804455445544554
235,3565684,device,0.0804455445544554
235,3350645,card_addr,0.0804455445544554
235,3346550,card_addr,0.0804455445544554
235,3033206,card_addr,0.0804455445544554
235,3020919,card_addr,0.0804455445544554
235,3463290,card_addr,0.0804455445544554
235,3549306,card_addr,0.0804455445544554
235,3340412,card_addr,0.0804455445544554
235,3100801,device,0.0804455445544554
235,3342468,card_addr,0.0804455445544554
235,3516549,device,0.0804455445544554
235,3516550,device,0.0804455445544554
235,3477641,card_addr,0.0804455445544554
235,3035274,card_addr,0.0804455445544554
235,3516556,device,0.0804455445544554
235,3031182,card_addr,0.0804455445544554
235,3516558,device,0.0804455445544554
235,3039388,card_addr+device,0.0804455445544554
235,3557534,card_addr,0.0804455445544554
235,3031199,card_addr,0.0804455445544554
235,3020964,device,0.0804455445544554
235,3487909,card_addr,0.0804455445544554
235,3014823,card_addr+device,0.0804455445544554
235,3014827,card_addr+device,0.0804455445544554
235,3281068,card_addr,0.0804455445544554
235,3205294,card_addr,0.0804455445544554
235,3072178,card_addr,0.0804455445544554
235,3205305,card_addr,0.0804455445544554
235,3440827,card_addr,0.0804455445544554
235,3029179,card_addr,0.0804455445544554
235,3016891,card_addr,0.0804455445544554
235,3522750,device,0.0804455445544554
235,3367111,device,0.0804455445544554
235,3559624,device,0.0804455445544554
235,3121355,device,0.0804455445544554
235,3381452,card_addr,0.0804455445544554
235,3399885,device,0.0804455445544554
235,3475665,card_addr,0.0804455445544554
235,3473618,card_addr,0.0804455445544554
235,3147987,card_addr,0.0804455445544554
235,3008727,card_addr,0.0804455445544554
235,3399897,device,0.0804455445544554
235,3485914,card_addr,0.0804455445544554
235,3426525,device,0.0804455445544554
235,3483875,device,0.0804455445544554
235,3307752,device,0.0804455445544554
235,3055858,card_addr,0.0804455445544554
235,3090675,device,0.0804455445544554
235,3211508,device,0.0804455445544554
235,3033333,card_addr,0.0804455445544554
235,3399928,card_addr,0.0804455445544554
235,3029241,card_addr,0.0804455445544554
235,3096832,card_addr,0.0804455445544554
235,3008770,card_addr,0.0804455445544554
235,3352836,card_addr,0.0804455445544554
235,3004677,card_addr,0.0804455445544554
235,3029255,card_addr+device,0.0804455445544554
235,3514635,device,0.0804455445544554
235,3453197,card_addr,0.0804455445544554
235,3260686,card_addr,0.0804455445544554
235,3059986,card_addr,0.0804455445544554
235,3498262,card_addr,0.0804455445544554
235,3311897,card_addr,0.0804455445544554
235,3459357,card_addr,0.0804455445544554
235,3195166,card_addr,0.0804455445544554
235,3336482,card_addr,0.0804455445544554
235,3244322,device,0.0804455445544554
235,3100970,card_addr,0.0804455445544554
235,3322154,card_addr,0.0804455445544554
235,3479852,device,0.0804455445544554
235,3021100,card_addr,0.0804455445544554
235,3084589,card_addr,0.0804455445544554
235,2994479,card_addr,0.0804455445544554
235,3008814,card_addr,0.0804455445544554
235,3008819,card_addr,0.0804455445544554
235,3068213,card_addr,0.0804455445544554
235,3201340,card_addr,0.0804455445544554
235,3293501,card_addr,0.0804455445544554
235,3197248,card_addr,0.0804455445544554
235,3154241,card_addr,0.0804455445544554
235,3014977,card_addr+device,0.0804455445544554
235,3017024,card_addr,0.0804455445544554
235,3025220,card_addr,0.0804455445544554
235,3191106,card_addr,0.0804455445544554
235,3008839,card_addr,0.0804455445544554
235,3092815,device,0.0804455445544554
235,3023186,card_addr,0.0804455445544554
235,3512659,card_addr,0.0804455445544554
235,3236180,card_addr,0.0804455445544554
235,3125587,device,0.0804455445544554
235,3385694,device,0.0804455445544554
235,3023208,card_addr,0.0804455445544554
235,3371375,card_addr,0.0804455445544554
235,2994546,card_addr,0.0804455445544554
235,3385717,device,0.0804455445544554
235,3035512,card_addr,0.0804455445544554
235,3430785,card_addr,0.0804455445544554
235,3178885,card_addr,0.0804455445544554
235,3015051,card_addr,0.0804455445544554
235,3019152,card_addr,0.0804455445544554
235,3342738,device,0.0804455445544554
235,3303828,card_addr,0.0804455445544554
235,3051925,card_addr,0.0804455445544554
235,3019159,card_addr,0.0804455445544554
235,3019165,card_addr,0.0804455445544554
235,3363234,card_addr,0.0804455445544554
235,3219874,card_addr,0.0804455445544554
235,3039654,card_addr,0.0804455445544554
235,3330471,card_addr,0.0804455445544554
235,3324329,card_addr,0.0804455445544554
235,3402153,device,0.0804455445544554
235,3027371,card_addr,0.0804455445544554
235,3019179,card_addr,0.0804455445544554
235,3010989,card_addr,0.0804455445544554
235,3275182,device,0.0804455445544554
235,3211695,card_addr,0.0804455445544554
235,3197360,device,0.0804455445544554
235,3015081,card_addr,0.0804455445544554
235,3412402,card_addr,0.0804455445544554
235,3228082,card_addr,0.0804455445544554
235,3137972,card_addr,0.0804455445544554
235,3021235,card_addr,0.0804455445544554
235,3088823,card_addr,0.0804455445544554
235,3545529,card_addr,0.0804455445544554
235,3039674,card_addr,0.0804455445544554
235,3033529,card_addr,0.0804455445544554
235,3140028,card_addr,0.0804455445544554
235,3248573,card_addr,0.0804455445544554
235,3246528,card_addr,0.0804455445544554
235,3019203,card_addr,0.0804455445544554
235,3535300,card_addr,0.0804455445544554
235,3137989,card_addr,0.0804455445544554
235,3492294,card_addr,0.0804455445544554
235,3506634,device,0.0804455445544554
235,3322316,card_addr,0.0804455445544554
235,3234255,device,0.0804455445544554
235,3543505,device,0.0804455445544554
235,3346898,device,0.0804455445544554
235,3119571,card_addr,0.0804455445544554
235,3467734,card_addr,0.0804455445544554
235,3025376,card_addr,0.0804455445544554
235,3191276,device,0.0804455445544554
235,3185135,device,0.0804455445544554
235,3013105,card_addr,0.0804455445544554
235,2992627,device,0.0804455445544554
235,3174901,card_addr,0.0804455445544554
235,3176951,card_addr,0.0804455445544554
235,3027447,device,0.0804455445544554
235,3185143,device,0.0804455445544554
235,3545594,card_addr,0.0804455445544554
235,3334649,card_addr,0.0804455445544554
235,3414523,device,0.0804455445544554
235,3023361,card_addr,0.0804455445544554
235,3217923,card_addr,0.0804455445544554
235,3187204,card_addr,0.0804455445544554
235,3303940,device,0.0804455445544554
235,3387910,card_addr,0.0804455445544554
235,3365384,device,0.0804455445544554
235,3019278,card_addr,0.0804455445544554
235,3222031,card_addr,0.0804455445544554
235,3379729,card_addr,0.0804455445544554
235,3539475,card_addr,0.0804455445544554
235,3099156,card_addr,0.0804455445544554
235,3445275,device,0.0804455445544554
235,3570206,card_addr+device,0.0804455445544554
235,3469860,card_addr,0.0804455445544554
235,3260966,card_addr,0.0804455445544554
235,3240487,card_addr,0.0804455445544554
235,3217958,card_addr,0.0804455445544554
235,3187241,device,0.0804455445544554
235,3254826,card_addr,0.0804455445544554
235,3424810,card_addr,0.0804455445544554
235,3103272,device,0.0804455445544554
235,3252784,card_addr,0.0804455445544554
235,3088949,card_addr,0.0804455445544554
235,3338806,card_addr,0.0804455445544554
235,3375670,card_addr,0.0804455445544554
235,3033659,card_addr,0.0804455445544554
235,3033660,card_addr,0.0804455445544554
235,3519041,card_addr,0.0804455445544554
235,3107394,device,0.0804455445544554
235,3013186,card_addr,0.0804455445544554
235,3361349,card_addr,0.0804455445544554
235,3279434,card_addr,0.0804455445544554
235,3005003,device,0.0804455445544554
235,3543628,card_addr,0.0804455445544554
235,3297874,card_addr,0.0804455445544554
235,3138133,card_addr,0.0804455445544554
235,3478106,device,0.0804455445544554
235,3510877,device,0.0804455445544554
235,3533407,device,0.0804455445544554
235,3031649,card_addr,0.0804455445544554
235,3164769,device,0.0804455445544554
235,3510883,device,0.0804455445544554
235,3363430,card_addr,0.0804455445544554
235,3086952,card_addr,0.0804455445544554
235,3086953,card_addr,0.0804455445544554
235,3091050,device,0.0804455445544554
235,3410545,card_addr,0.0804455445544554
235,3514993,card_addr,0.0804455445544554
235,3009145,card_addr,0.0804455445544554
235,3285626,card_addr,0.0804455445544554
235,3549819,card_addr,0.0804455445544554
235,3240575,card_addr,0.0804455445544554
235,3285632,card_addr,0.0804455445544554
235,3449473,card_addr,0.0804455445544554
235,3060358,card_addr,0.0804455445544554
235,3084935,device,0.0804455445544554
235,3005065,card_addr,0.0804455445544554
235,3396240,device,0.0804455445544554
235,3003031,card_addr+device,0.0804455445544554
235,3074712,card_addr,0.0804455445544554
235,3011224,card_addr,0.0804455445544554
235,3404444,card_addr,0.0804455445544554
235,3392160,card_addr,0.0804455445544554
235,3449505,card_addr,0.0804455445544554
235,3021476,card_addr,0.0804455445544554
235,3443366,device,0.0804455445544554
235,3480241,card_addr,0.0804455445544554
235,3269300,device,0.0804455445544554
235,3437242,card_addr,0.0804455445544554
235,3041988,device,0.0804455445544554
235,3269325,device,0.0804455445544554
235,3410637,card_addr,0.0804455445544554
235,3150543,card_addr,0.0804455445544554
235,3179217,card_addr,0.0804455445544554
235,3058390,card_addr,0.0804455445544554
235,3019482,card_addr,0.0804455445544554
235,3119836,card_addr,0.0804455445544554
235,3078881,device,0.0804455445544554
235,3437282,device,0.0804455445544554
235,3570402,card_addr,0.0804455445544554
235,3052264,card_addr+device,0.0804455445544554
235,3097320,card_addr,0.0804455445544554
235,3064554,card_addr,0.0804455445544554
235,3162860,card_addr,0.0804455445544554
235,3310316,card_addr,0.0804455445544554
235,3158777,card_addr,0.0804455445544554
235,3009275,card_addr+device,0.0804455445544554
235,3263228,card_addr,0.0804455445544554
235,3187453,card_addr,0.0804455445544554
235,3218171,card_addr,0.0804455445544554
235,3468034,card_addr,0.0804455445544554
235,3015428,card_addr+device,0.0804455445544554
235,3042053,card_addr,0.0804455445544554
235,3552008,card_addr,0.0804455445544554
235,3449609,device,0.0804455445544554
235,3187465,card_addr,0.0804455445544554
235,3515147,card_addr,0.0804455445544554
235,3255053,card_addr,0.0804455445544554
235,3318541,card_addr,0.0804455445544554
235,3197714,card_addr,0.0804455445544554
235,3359506,device,0.0804455445544554
235,3437332,device,0.0804455445544554
235,3179286,card_addr,0.0804455445544554
235,3398423,card_addr,0.0804455445544554
235,3533592,device,0.0804455445544554
235,3554076,card_addr,0.0804455445544554
235,3134239,card_addr,0.0804455445544554
235,3531558,device,0.0804455445544554
235,3545894,device,0.0804455445544554
235,3015471,card_addr+device,0.0804455445544554
235,3351345,card_addr,0.0804455445544554
235,3078969,card_addr,0.0804455445544554
235,3078972,card_addr+device,0.0804455445544554
235,3197763,card_addr,0.0804455445544554
235,3377988,card_addr,0.0804455445544554
235,3005251,card_addr,0.0804455445544554
235,3134280,device,0.0804455445544554
235,3472206,card_addr,0.0804455445544554
235,3404624,device,0.0804455445544554
235,3408720,card_addr,0.0804455445544554
235,3472212,card_addr,0.0804455445544554
235,2995030,device,0.0804455445544554
235,3373912,card_addr,0.0804455445544554
235,3507037,device,0.0804455445544554
235,3146591,card_addr,0.0804455445544554
235,3507042,device,0.0804455445544554
235,3474275,card_addr,0.0804455445544554
235,3203940,card_addr,0.0804455445544554
235,3171172,card_addr,0.0804455445544554
235,2993001,device,0.0804455445544554
235,3103595,card_addr+device,0.0804455445544554
235,3310447,card_addr,0.0804455445544554
235,3337075,card_addr,0.0804455445544554
235,3031927,card_addr,0.0804455445544554
235,3064697,card_addr,0.0804455445544554
235,3029884,card_addr,0.0804455445544554
235,3439491,card_addr,0.0804455445544554
235,3320707,device,0.0804455445544554
235,3058565,card_addr,0.0804455445544554
235,3474309,card_addr,0.0804455445544554
235,3320711,card_addr,0.0804455445544554
235,3099529,card_addr,0.0804455445544554
235,3142539,device,0.0804455445544554
235,3525520,device,0.0804455445544554
235,3103635,device,0.0804455445544554
235,3255188,card_addr,0.0804455445544554
235,3509140,card_addr,0.0804455445544554
235,3337110,card_addr,0.0804455445544554
235,3226516,card_addr,0.0804455445544554
235,3163034,device,0.0804455445544554
235,3025820,device,0.0804455445544554
235,3367837,device,0.0804455445544554
235,3439523,card_addr,0.0804455445544554
235,3089317,card_addr,0.0804455445544554
235,3138471,device,0.0804455445544554
235,3367848,device,0.0804455445544554
235,3361705,device,0.0804455445544554
235,3492778,card_addr,0.0804455445544554
235,3371947,card_addr,0.0804455445544554
235,3034031,card_addr,0.0804455445544554
235,3439537,card_addr,0.0804455445544554
235,3025844,card_addr,0.0804455445544554
235,3165110,card_addr,0.0804455445544554
235,3447738,card_addr,0.0804455445544554
235,3154876,card_addr,0.0804455445544554
235,3351487,card_addr,0.0804455445544554
235,3240896,card_addr,0.0804455445544554
235,3251137,card_addr,0.0804455445544554
235,3314629,card_addr,0.0804455445544554
235,3441607,card_addr,0.0804455445544554
235,3351495,card_addr,0.0804455445544554
235,3447751,device,0.0804455445544554
235,3275719,device,0.0804455445544554
235,3075019,device,0.0804455445544554
235,3056588,device,0.0804455445544554
235,3015630,card_addr,0.0804455445544554
235,3072976,card_addr,0.0804455445544554
235,3089363,card_addr,0.0804455445544554
235,3044310,card_addr,0.0804455445544554
235,3126230,card_addr,0.0804455445544554
235,3550168,card_addr,0.0804455445544554
235,3124184,device,0.0804455445544554
235,3347421,card_addr,0.0804455445544554
235,3109858,card_addr,0.0804455445544554
235,3009511,card_addr,0.0804455445544554
235,3046376,card_addr,0.0804455445544554
235,3216366,device,0.0804455445544554
235,3017712,device,0.0804455445544554
235,3539954,card_addr,0.0804455445544554
235,3099636,device,0.0804455445544554
235,3109878,card_addr,0.0804455445544554
235,3042294,card_addr,0.0804455445544554
235,3126264,card_addr,0.0804455445544554
235,3093498,card_addr,0.0804455445544554
235,3466238,card_addr,0.0804455445544554
235,3036159,card_addr,0.0804455445544554
235,3515392,card_addr,0.0804455445544554
235,3081217,card_addr+device,0.0804455445544554
235,3453957,card_addr,0.0804455445544554
235,2993157,card_addr,0.0804455445544554
235,3150853,device,0.0804455445544554
235,3187727,card_addr,0.0804455445544554
235,3415057,card_addr,0.0804455445544554
235,3550227,card_addr,0.0804455445544554
235,3472405,device,0.0804455445544554
235,3472411,device,0.0804455445544554
235,3011615,card_addr,0.0804455445544554
235,3380257,device,0.0804455445544554
235,3355683,card_addr,0.0804455445544554
235,3234854,card_addr,0.0804455445544554
235,3271721,card_addr,0.0804455445544554
235,3126316,card_addr,0.0804455445544554
235,3148846,card_addr,0.0804455445544554
235,3206191,card_addr+device,0.0804455445544554
235,3220528,device,0.0804455445544554
235,2999345,card_addr+device,0.0804455445544554
235,3318833,card_addr,0.0804455445544554
235,3570739,device,0.0804455445544554
235,3271732,card_addr,0.0804455445544554
235,3570740,device,0.0804455445544554
235,3144760,card_addr,0.0804455445544554
235,3126330,card_addr,0.0804455445544554
235,3411003,card_addr,0.0804455445544554
235,3378244,card_addr,0.0804455445544554
235,3130437,card_addr,0.0804455445544554
235,3132486,card_addr,0.0804455445544554
235,3130439,card_addr,0.0804455445544554
235,3097672,device,0.0804455445544554
235,3148870,card_addr,0.0804455445544554
235,3337285,card_addr,0.0804455445544554
235,3570763,device,0.0804455445544554
235,3202124,device,0.0804455445544554
235,3130444,card_addr,0.0804455445544554
235,3507279,card_addr,0.0804455445544554
235,3081297,card_addr+device,0.0804455445544554
235,3570769,device,0.0804455445544554
235,3351637,card_addr,0.0804455445544554
235,3185749,device,0.0804455445544554
235,3365975,card_addr,0.0804455445544554
235,3378263,card_addr,0.0804455445544554
235,3130457,card_addr,0.0804455445544554
235,3130458,card_addr,0.0804455445544554
235,3023963,card_addr,0.0804455445544554
235,3542108,card_addr,0.0804455445544554
235,3050589,device,0.0804455445544554
235,3570779,device,0.0804455445544554
235,3355743,device,0.0804455445544554
235,3132512,card_addr,0.0804455445544554
235,3206241,card_addr+device,0.0804455445544554
235,3378271,card_addr,0.0804455445544554
235,3243109,card_addr,0.0804455445544554
235,3517542,card_addr,0.0804455445544554
235,3230822,device,0.0804455445544554
235,3241061,device,0.0804455445544554
235,3517551,card_addr,0.0804455445544554
235,3036277,card_addr,0.0804455445544554
235,3099767,card_addr,0.0804455445544554
235,3247224,device,0.0804455445544554
235,3187835,device,0.0804455445544554
235,3056764,card_addr,0.0804455445544554
235,3257469,card_addr,0.0804455445544554
235,3187837,device,0.0804455445544554
235,3234949,card_addr,0.0804455445544554
235,3202185,device,0.0804455445544554
235,3392655,device,0.0804455445544554
235,3009679,card_addr,0.0804455445544554
235,3517583,card_addr,0.0804455445544554
235,3517591,card_addr,0.0804455445544554
235,3208350,device,0.0804455445544554
235,3122340,card_addr,0.0804455445544554
235,3179690,card_addr,0.0804455445544554
235,3218630,card_addr,0.0804455445544554
235,3378380,card_addr,0.0804455445544554
235,3087569,card_addr,0.0804455445544554
235,3235025,device,0.0804455445544554
235,3062996,card_addr,0.0804455445544554
235,3464409,device,0.0804455445544554
235,3341533,card_addr,0.0804455445544554
235,3083486,card_addr,0.0804455445544554
235,3026141,card_addr,0.0804455445544554
235,3083489,card_addr,0.0804455445544554
235,3310817,card_addr,0.0804455445544554
235,3300585,card_addr,0.0804455445544554
235,3087595,device,0.0804455445544554
235,3138795,device,0.0804455445544554
235,3126509,device,0.0804455445544554
235,3484911,device,0.0804455445544554
235,3163376,device,0.0804455445544554
235,2987250,card_addr,0.0804455445544554
235,3476723,card_addr,0.0804455445544554
235,3007730,card_addr+device,0.0804455445544554
235,3005685,card_addr,0.0804455445544554
235,3472633,card_addr,0.0804455445544554
235,3038459,card_addr,0.0804455445544554
235,3491071,card_addr,0.0804455445544554
235,3388673,device,0.0804455445544554
235,3026182,card_addr,0.0804455445544554
235,3071239,card_addr,0.0804455445544554
235,3394822,device,0.0804455445544554
235,3015953,card_addr,0.0804455445544554
235,3089688,card_addr,0.0804455445544554
235,3173665,card_addr,0.0804455445544554
235,3421475,card_addr,0.0804455445544554
235,3269931,card_addr,0.0804455445544554
235,3003698,device,0.0804455445544554
235,3448115,card_addr,0.0804455445544554
235,3118388,device,0.0804455445544554
235,3003705,device,0.0804455445544554
235,3003716,device,0.0804455445544554
235,3089736,card_addr,0.0804455445544554
235,3278160,card_addr,0.0804455445544554
235,3093841,card_addr,0.0804455445544554
235,3009875,card_addr,0.0804455445544554
235,3208532,device,0.0804455445544554
235,2999637,card_addr,0.0804455445544554
235,3222869,device,0.0804455445544554
235,3362135,device,0.0804455445544554
235,3362136,device,0.0804455445544554
235,3222873,device,0.0804455445544554
235,3378527,device,0.0804455445544554
235,3009889,card_addr+device,0.0804455445544554
235,3177827,device,0.0804455445544554
235,3411301,device,0.0804455445544554
235,3241317,card_addr,0.0804455445544554
235,3018086,card_addr,0.0804455445544554
235,3360108,card_addr,0.0804455445544554
235,3519853,card_addr,0.0804455445544554
235,3464560,device,0.0804455445544554
235,3335537,card_addr,0.0804455445544554
235,3519857,card_addr,0.0804455445544554
235,3548531,device,0.0804455445544554
235,3335542,card_addr,0.0804455445544554
235,3026294,card_addr,0.0804455445544554
235,3249531,card_addr,0.0804455445544554
235,3446140,device,0.0804455445544554
235,3335549,card_addr,0.0804455445544554
235,3376516,card_addr,0.0804455445544554
235,3138949,device,0.0804455445544554
235,3220874,device,0.0804455445544554
235,3073419,card_addr,0.0804455445544554
235,3333515,card_addr,0.0804455445544554
235,3020173,card_addr,0.0804455445544554
235,3376536,card_addr,0.0804455445544554
235,3112347,card_addr,0.0804455445544554
235,3462563,card_addr+device,0.0804455445544554
235,3556771,card_addr,0.0804455445544554
235,3145129,card_addr,0.0804455445544554
235,3063211,card_addr+device,0.0804455445544554
235,3112365,device,0.0804455445544554
235,3167662,device,0.0804455445544554
235,3100081,card_addr,0.0804455445544554
235,3003829,card_addr,0.0804455445544554
235,3362230,device,0.0804455445544554
235,3395004,card_addr,0.0804455445544554
235,3009984,card_addr,0.0804455445544554
235,3493316,card_addr,0.0804455445544554
235,3253701,card_addr,0.0804455445544554
235,3075527,card_addr,0.0804455445544554
235,3114442,device,0.0804455445544554
235,3018188,card_addr,0.0804455445544554
235,3534285,card_addr,0.0804455445544554
235,3542481,card_addr,0.0804455445544554
235,3167699,device,0.0804455445544554
235,3024345,card_addr,0.0804455445544554
235,3184090,card_addr,0.0804455445544554
235,3526108,card_addr,0.0804455445544554
235,3020257,card_addr,0.0804455445544554
235,3124705,device,0.0804455445544554
235,3358178,device,0.0804455445544554
235,3126756,card_addr,0.0804455445544554
235,3143141,card_addr,0.0804455445544554
235,3007976,card_addr,0.0804455445544554
235,3395049,device,0.0804455445544554
235,3032553,card_addr,0.0804455445544554
235,3032555,card_addr,0.0804455445544554
235,3100140,device,0.0804455445544554
235,3540460,card_addr,0.0804455445544554
235,3005934,card_addr,0.0804455445544554
235,3540462,card_addr,0.0804455445544554
235,3167724,device,0.0804455445544554
235,3167728,device,0.0804455445544554
235,3540466,card_addr,0.0804455445544554
235,3003898,device,0.0804455445544554
235,3358203,card_addr,0.0804455445544554
235,3227130,device,0.0804455445544554
235,3276284,card_addr,0.0804455445544554
235,3403262,card_addr,0.0804455445544554
235,3161600,card_addr,0.0804455445544554
235,3063296,card_addr,0.0804455445544554
235,3278342,card_addr,0.0804455445544554
235,3008012,card_addr+device,0.0804455445544554
235,3026446,card_addr,0.0804455445544554
235,3091985,card_addr,0.0804455445544554
235,3016209,card_addr+device,0.0804455445544554
235,3534353,device,0.0804455445544554
235,3558931,device,0.0804455445544554
235,3558933,device,0.0804455445544554
235,3304984,card_addr,0.0804455445544554
235,3360280,card_addr,0.0804455445544554
235,3032600,card_addr,0.0804455445544554
235,3245594,device,0.0804455445544554
235,3356191,device,0.0804455445544554
235,3159586,card_addr,0.0804455445544554
235,3526179,device,0.0804455445544554
235,3520037,card_addr,0.0804455445544554
235,3053093,device,0.0804455445544554
235,3022381,card_addr+device,0.0804455445544554
235,3448367,device,0.0804455445544554
235,2999863,card_addr,0.0804455445544554
235,3253816,card_addr+device,0.0804455445544554
235,3350071,device,0.0804455445544554
235,3149372,card_addr,0.0804455445544554
235,3354173,card_addr,0.0804455445544554
235,3143230,card_addr,0.0804455445544554
235,3233342,device,0.0804455445544554
235,3485250,device,0.0804455445544554
235,3008068,card_addr,0.0804455445544554
235,3006021,card_addr,0.0804455445544554
235,3561030,device,0.0804455445544554
235,3036743,card_addr,0.0804455445544554
235,3485259,device,0.0804455445544554
235,3008081,card_addr,0.0804455445544554
235,3110481,device,0.0804455445544554
235,3008084,card_addr,0.0804455445544554
235,3008085,card_addr,0.0804455445544554
235,2999892,card_addr,0.0804455445544554
235,3272278,device,0.0804455445544554
235,3028568,card_addr,0.0804455445544554
235,3208802,card_addr,0.0804455445544554
235,3135075,device,0.0804455445544554
235,3348068,card_addr,0.0804455445544554
235,3141220,card_addr,0.0804455445544554
235,3245670,device,0.0804455445544554
235,3008103,card_addr,0.0804455445544554
235,3163752,card_addr,0.0804455445544554
235,3567215,card_addr,0.0804455445544554
235,3477105,card_addr,0.0804455445544554
235,3405427,card_addr,0.0804455445544554
235,3239540,card_addr,0.0804455445544554
235,3253878,card_addr+device,0.0804455445544554
235,3032697,card_addr,0.0804455445544554
235,3135098,device,0.0804455445544554
235,3092091,card_addr,0.0804455445544554
235,3364475,device,0.0804455445544554
235,3135102,device,0.0804455445544554
235,3405442,device,0.0804455445544554
235,3083907,card_addr,0.0804455445544554
235,3391108,card_addr,0.0804455445544554
235,3208842,card_addr,0.0804455445544554
235,3110546,device,0.0804455445544554
235,3217042,device,0.0804455445544554
235,3069590,card_addr,0.0804455445544554
235,3198617,card_addr,0.0804455445544554
235,3106461,card_addr,0.0804455445544554
235,3292833,card_addr,0.0804455445544554
235,3233442,device,0.0804455445544554
235,3198627,card_addr,0.0804455445544554
235,3536547,card_addr,0.0804455445544554
235,3446437,device,0.0804455445544554
235,3102373,card_addr,0.0804455445544554
235,3190441,card_addr,0.0804455445544554
235,3055276,card_addr,0.0804455445544554
235,3497646,card_addr,0.0804455445544554
235,3237553,card_addr,0.0804455445544554
235,3370679,card_addr,0.0804455445544554
235,3288770,device,0.0804455445544554
235,3374792,card_addr,0.0804455445544554
235,3110609,device,0.0804455445544554
235,3012308,card_addr,0.0804455445544554
235,3163861,device,0.0804455445544554
235,3083990,card_addr+device,0.0804455445544554
235,3110613,device,0.0804455445544554
235,3559125,device,0.0804455445544554
235,3100377,card_addr,0.0804455445544554
235,3028695,card_addr,0.0804455445544554
235,3086047,card_addr,0.0804455445544554
235,3536608,card_addr,0.0804455445544554
235,3182304,card_addr,0.0804455445544554
235,3004129,card_addr,0.0804455445544554
235,3053283,card_addr,0.0804455445544554
235,3442404,card_addr,0.0804455445544554
235,3354340,device,0.0804455445544554
235,3512034,card_addr,0.0804455445544554
235,3505888,device,0.0804455445544554
235,3118825,device,0.0804455445544554
235,3133166,card_addr,0.0804455445544554
235,3221230,device,0.0804455445544554
235,3012335,card_addr,0.0804455445544554
235,3012337,card_addr,0.0804455445544554
235,3034867,card_addr,0.0804455445544554
235,3426036,device,0.0804455445544554
235,3395319,card_addr,0.0804455445544554
235,3536634,card_addr,0.0804455445544554
235,3012346,card_addr,0.0804455445544554
235,3108604,card_addr,0.0804455445544554
235,3018493,card_addr,0.0804455445544554
235,3540733,device,0.0804455445544554
235,3389183,card_addr,0.0804455445544554
235,3280639,device,0.0804455445544554
235,3077890,device,0.0804455445544554
235,3020548,card_addr,0.0804455445544554
235,3546886,device,0.0804455445544554
235,3346187,card_addr,0.0804455445544554
235,3385105,card_addr,0.0804455445544554
235,3366676,card_addr,0.0804455445544554
235,3366685,card_addr,0.0804455445544554
235,3270431,device,0.0804455445544554
235,3262239,card_addr,0.0804455445544554
235,3270433,device,0.0804455445544554
235,3270435,card_addr+device,0.0804455445544554
235,3170085,card_addr,0.0804455445544554
235,3106598,device,0.0804455445544554
235,3082024,card_addr,0.0804455445544554
235,3096361,card_addr,0.0804455445544554
235,3411754,card_addr,0.0804455445544554
235,3510066,card_addr,0.0804455445544554
235,2998073,card_addr,0.0804455445544554
235,3567423,card_addr,0.0804455445544554
235,3301186,card_addr,0.0804455445544554
235,3004226,card_addr,0.0804455445544554
235,3196742,card_addr,0.0804455445544554
235,3553097,card_addr,0.0804455445544554
235,3118923,device,0.0804455445544554
235,3000140,card_addr,0.0804455445544554
235,3073868,card_addr,0.0804455445544554
235,3536719,card_addr,0.0804455445544554
235,3536724,card_addr,0.0804455445544554
235,3462998,card_addr,0.0804455445544554
235,3194711,card_addr,0.0804455445544554
235,3123035,card_addr,0.0804455445544554
235,3059550,card_addr,0.0804455445544554
235,3561312,card_addr,0.0804455445544554
235,3381090,device,0.0804455445544554
235,3534693,card_addr,0.0804455445544554
235,3084135,card_addr,0.0804455445544554
235,3014504,card_addr,0.0804455445544554
235,3198825,card_addr,0.0804455445544554
235,3100522,card_addr,0.0804455445544554
235,3426151,card_addr,0.0804455445544554
235,3110764,device,0.0804455445544554
235,3192685,card_addr,0.0804455445544554
235,3372910,card_addr,0.0804455445544554
235,3151727,card_addr,0.0804455445544554
235,3080049,device,0.0804455445544554
235,3037042,card_addr,0.0804455445544554
235,3544946,card_addr,0.0804455445544554
235,3575666,device,0.0804455445544554
235,3276662,card_addr,0.0804455445544554
235,3544952,card_addr,0.0804455445544554
235,3544956,card_addr,0.0804455445544554
235,3450750,device,0.0804455445544554
235,3575678,device,0.0804455445544554
235,3110782,device,0.0804455445544554
235,3110786,device,0.0804455445544554
235,3264388,card_addr,0.0804455445544554
235,3334022,device,0.0804455445544554
235,3024774,card_addr,0.0804455445544554
235,3151752,card_addr,0.0804455445544554
235,3080073,device,0.0804455445544554
235,3127178,card_addr,0.0804455445544554
235,3100554,device,0.0804455445544554
235,3020684,card_addr,0.0804455445544554
235,3264397,card_addr,0.0804455445544554
235,3086219,card_addr,0.0804455445544554
235,3133327,card_addr,0.0804455445544554
235,3098512,card_addr+device,0.0804455445544554
235,3557259,device,0.0804455445544554
235,3319699,device,0.0804455445544554
235,3430292,card_addr,0.0804455445544554
235,3575705,device,0.0804455445544554
235,3026843,card_addr,0.0804455445544554
235,3303325,device,0.0804455445544554
235,3020704,card_addr,0.0804455445544554
235,3575713,device,0.0804455445544554
235,3018660,card_addr,0.0804455445544554
235,3119013,card_addr,0.0804455445544554
235,3170215,card_addr,0.0804455445544554
235,3575720,device,0.0804455445544554
235,3256235,card_addr,0.0804455445544554
235,3438509,device,0.0804455445544554
235,3360686,device,0.0804455445544554
235,3334063,card_addr,0.0804455445544554
235,3250094,device,0.0804455445544554
235,3360691,device,0.0804455445544554
235,3415990,card_addr,0.0804455445544554
235,3006391,card_addr+device,0.0804455445544554
235,3026875,card_addr+device,0.0804455445544554
235,3153851,device,0.0804455445544554
235,3299261,card_addr,0.0804455445544554
235,3096511,card_addr,0.0804455445544554
235,3207103,card_addr,0.0804455445544554
235,3440580,device,0.0804455445544554
235,3493830,card_addr,0.0804455445544554
235,3557318,card_addr,0.0804455445544554
235,3041226,card_addr,0.0804455445544554
235,3030986,card_addr,0.0804455445544554
235,3538898,card_addr,0.0804455445544554
235,3024850,card_addr,0.0804455445544554
235,3456980,card_addr,0.0804455445544554
235,3010517,card_addr,0.0804455445544554
235,3014616,card_addr,0.0804455445544554
235,3479518,card_addr,0.0804455445544554
235,3035118,card_addr,0.0804455445544554
235,3170287,card_addr,0.0804455445544554
235,3526641,device,0.0804455445544554
235,3368952,device,0.0804455445544554
235,3053565,device,0.0804455445544554
235,3538943,device,0.0804455445544554
327,3155456,device,0.8333333333333334
327,3155444,device,0.8333333333333334
327,3150134,device,0.8333333333333334
327,2987352,device,0.8333333333333334
327,3155449,device,0.8333333333333334
327,3150139,device,0.8333333333333334
333,3272837,card_addr,0.075
333,3059079,card_addr,0.075
333,3014153,card_addr,0.075
333,3272591,card_addr,0.075
333,3337233,card_addr,0.075
333,3509267,card_addr,0.075
333,3009303,card_addr,0.075
333,3487385,card_addr,0.075
333,3528220,card_addr,0.075
333,3546782,card_addr,0.075
333,3320736,card_addr,0.075
333,3490210,card_addr,0.075
333,3029795,card_addr,0.075
333,3288869,card_addr,0.075
333,3563184,card_addr,0.075
333,3567926,card_addr,0.075
333,3368759,card_addr,0.075
333,3448888,card_addr,0.075
333,3479351,card_addr,0.075
333,3067709,card_addr,0.075
333,3524415,card_addr,0.075
333,3368901,card_addr,0.075
333,3115079,card_addr,0.075
333,3414225,card_addr,0.075
333,2990162,card_addr,0.075
333,3207510,card_addr,0.075
333,3338714,card_addr,0.075
333,3190875,card_addr,0.075
333,3281371,card_addr,0.075
333,3054173,card_addr,0.075
333,3167071,card_addr,0.075
333,2987360,card_addr,0.075
333,3233120,card_addr,0.075
333,3251937,card_addr,0.075
333,3131621,card_addr,0.075
333,3374829,card_addr,0.075
333,3364079,card_addr,0.075
333,2991984,card_addr,0.075
333,3206137,card_addr,0.075
333,3112570,card_addr,0.075
339,3049730,card_addr,0.1666666666666666
339,2987367,card_addr,0.1666666666666666
339,3100619,card_addr,0.1666666666666666
339,3041168,card_addr,0.1666666666666666
339,3101720,card_addr,0.1666666666666666
339,3101725,card_addr,0.1666666666666666
369,3263489,card_addr,0.1927710843373494
369,3447818,card_addr,0.1927710843373494
369,3232270,card_addr,0.1927710843373494
369,3422737,card_addr,0.1927710843373494
369,3062808,card_addr,0.1927710843373494
369,3272216,card_addr,0.1927710843373494
369,3263519,card_addr,0.1927710843373494
369,3289121,card_addr,0.1927710843373494
369,3382307,card_addr,0.1927710843373494
369,3450405,card_addr,0.1927710843373494
369,3428902,card_addr,0.1927710843373494
369,3121703,card_addr,0.1927710843373494
369,3289129,card_addr,0.1927710843373494
369,3367473,card_addr,0.1927710843373494
369,3060282,card_addr,0.1927710843373494
369,3263484,card_addr,0.1927710843373494
369,3453008,card_addr,0.1927710843373494
369,3374677,card_addr,0.1927710843373494
369,2998870,card_addr,0.1927710843373494
369,3319387,card_addr,0.1927710843373494
369,3377764,card_addr,0.1927710843373494
369,3450986,card_addr,0.1927710843373494
369,3319403,card_addr,0.1927710843373494
369,3456110,card_addr,0.1927710843373494
369,3399798,card_addr,0.1927710843373494
369,3261560,card_addr,0.1927710843373494
369,3023498,card_addr,0.1927710843373494
369,3291787,card_addr,0.1927710843373494
369,3475088,card_addr,0.1927710843373494
369,3410578,card_addr,0.1927710843373494
369,3002012,card_addr,0.1927710843373494
369,3039910,card_addr,0.1927710843373494
369,3261608,card_addr,0.1927710843373494
369,3110569,card_addr,0.1927710843373494
369,3191474,card_addr,0.1927710843373494
369,3261110,card_addr,0.1927710843373494
369,3230910,card_addr,0.1927710843373494
369,3227840,card_addr,0.1927710843373494
369,3324107,card_addr,0.1927710843373494
369,3013842,card_addr,0.1927710843373494
369,3495127,card_addr,0.1927710843373494
369,3173083,card_addr,0.1927710843373494
369,3153125,card_addr,0.1927710843373494
369,3495141,card_addr,0.1927710843373494
369,3495145,card_addr,0.1927710843373494
369,3495152,card_addr,0.1927710843373494
369,3173116,card_addr,0.1927710843373494
369,3264253,card_addr,0.1927710843373494
369,3495177,card_addr,0.1927710843373494
369,3185418,card_addr,0.1927710843373494
369,3043597,card_addr,0.1927710843373494
369,3428116,card_addr,0.1927710843373494
369,3336496,card_addr,0.1927710843373494
369,3023155,card_addr,0.1927710843373494
369,3016001,card_addr,0.1927710843373494
369,3336514,card_addr,0.1927710843373494
369,3339079,card_addr,0.1927710843373494
369,3387720,card_addr,0.1927710843373494
369,3431772,card_addr,0.1927710843373494
369,3386724,card_addr,0.1927710843373494
369,3315057,card_addr,0.1927710843373494
369,3029364,card_addr,0.1927710843373494
369,3367809,card_addr,0.1927710843373494
369,3012999,card_addr,0.1927710843373494
369,2987404,card_addr,0.1927710843373494
369,3179919,card_addr,0.1927710843373494
369,2997138,card_addr,0.1927710843373494
369,3146643,card_addr,0.1927710843373494
369,3287960,card_addr,0.1927710843373494
369,3164578,card_addr,0.1927710843373494
369,3442082,card_addr,0.1927710843373494
369,3424690,card_addr,0.1927710843373494
369,3210164,card_addr,0.1927710843373494
369,3321805,card_addr,0.1927710843373494
369,3341791,card_addr,0.1927710843373494
369,3321828,card_addr,0.1927710843373494
369,3399662,card_addr,0.1927710843373494
369,3263473,card_addr,0.1927710843373494
369,3272177,card_addr,0.1927710843373494
369,3365876,card_addr,0.1927710843373494
369,3336694,card_addr,0.1927710843373494
369,3332604,card_addr,0.1927710843373494
369,3078653,card_addr,0.1927710843373494
398,3067649,device,0.1428571428571428
398,3158408,device,0.1428571428571428
398,3038826,device,0.1428571428571428
398,2987439,device,0.1428571428571428
398,3183614,device,0.1428571428571428
398,3120952,device,0.1428571428571428
398,3118750,device,0.1428571428571428
430,2997606,card_addr,0.1666666666666666
430,3337003,card_addr,0.1666666666666666
430,3018443,card_addr,0.1666666666666666
430,3411004,card_addr,0.1666666666666666
430,2987478,card_addr,0.1666666666666666
430,3044380,card_addr,0.1666666666666666
441,3062914,device,0.0921052631578947
441,3285123,device,0.0921052631578947
441,3317764,device,0.0921052631578947
441,3056517,device,0.0921052631578947
441,3034120,device,0.0921052631578947
441,3363721,device,0.0921052631578947
441,3051658,device,0.0921052631578947
441,3264395,device,0.0921052631578947
441,3246860,device,0.0921052631578947
441,3410952,device,0.0921052631578947
441,3317774,device,0.0921052631578947
441,3018895,device,0.0921052631578947
441,3415051,device,0.0921052631578947
441,3328401,device,0.0921052631578947
441,3150867,device,0.0921052631578947
441,3136405,device,0.0921052631578947
441,3565207,device,0.0921052631578947
441,3421210,device,0.0921052631578947
441,3432219,device,0.0921052631578947
441,3207197,device,0.0921052631578947
441,2988062,device,0.0921052631578947
441,2988064,device,0.0921052631578947
441,3317793,device,0.0921052631578947
441,3230244,device,0.0921052631578947
441,3135397,device,0.0921052631578947
441,3406374,device,0.0921052631578947
441,3118887,device,0.0921052631578947
441,3118888,device,0.0921052631578947
441,3271977,device,0.0921052631578947
441,3506986,device,0.0921052631578947
441,3220909,device,0.0921052631578947
441,3118894,device,0.0921052631578947
441,3267119,device,0.0921052631578947
441,3094194,device,0.0921052631578947
441,3087795,device,0.0921052631578947
441,3440819,device,0.0921052631578947
441,3350200,device,0.0921052631578947
441,3166649,device,0.0921052631578947
441,3080898,device,0.0921052631578947
441,3291975,device,0.0921052631578947
441,3185480,device,0.0921052631578947
441,3340488,device,0.0921052631578947
441,3126730,device,0.0921052631578947
441,3100363,device,0.0921052631578947
441,3328203,device,0.0921052631578947
441,3353288,device,0.0921052631578947
441,3263438,device,0.0921052631578947
441,3267278,device,0.0921052631578947
441,3400910,device,0.0921052631578947
441,3114449,device,0.0921052631578947
441,3456200,device,0.0921052631578947
441,3355990,device,0.0921052631578947
441,3505608,device,0.0921052631578947
441,3196124,device,0.0921052631578947
441,3309150,device,0.0921052631578947
441,2990559,device,0.0921052631578947
441,3495646,device,0.0921052631578947
441,2987489,device,0.0921052631578947
441,3048290,device,0.0921052631578947
441,3524833,device,0.0921052631578947
441,3566183,device,0.0921052631578947
441,3518697,device,0.0921052631578947
441,3269484,device,0.0921052631578947
441,3039214,device,0.0921052631578947
441,3064815,device,0.0921052631578947
441,2994544,device,0.0921052631578947
441,3111025,device,0.0921052631578947
441,3208561,device,0.0921052631578947
441,3269487,device,0.0921052631578947
441,3376753,device,0.0921052631578947
441,3480177,device,0.0921052631578947
441,3515119,device,0.0921052631578947
441,3359352,device,0.0921052631578947
441,3269497,device,0.0921052631578947
441,3410555,device,0.0921052631578947
441,3565309,device,0.0921052631578947
443,3571929,card_addr,0.5
443,3020220,card_addr,0.5
443,2987492,card_addr,0.5
443,3174869,card_addr,0.5
473,2987523,card_addr,0.4166666666666667
473,3154696,card_addr,0.4166666666666667
473,2987529,card_addr,0.4166666666666667
473,2987531,card_addr,0.4166666666666667
473,3402512,card_addr,0.4166666666666667
473,3085204,card_addr,0.4166666666666667
473,3033496,card_addr,0.4166666666666667
473,2997016,card_addr,0.4166666666666667
473,3141785,card_addr,0.4166666666666667
473,3088805,card_addr,0.4166666666666667
473,2989617,card_addr,0.4166666666666667
473,3300785,card_addr,0.4166666666666667
473,2994612,card_addr,0.4166666666666667
473,3077300,card_addr,0.4166666666666667
473,3189945,card_addr,0.4166666666666667
473,3525311,card_addr,0.4166666666666667
473,3085889,card_addr,0.4166666666666667
473,3377987,card_addr,0.4166666666666667
473,3121349,card_addr,0.4166666666666667
473,3178184,card_addr,0.4166666666666667
473,3402568,card_addr,0.4166666666666667
473,3222351,card_addr,0.4166666666666667
473,3036510,card_addr,0.4166666666666667
473,3184222,card_addr,0.4166666666666667
473,3025632,card_addr,0.4166666666666667
473,3070560,card_addr,0.4166666666666667
473,3129831,card_addr,0.4166666666666667
473,3206377,card_addr,0.4166666666666667
473,3486827,card_addr,0.4166666666666667
473,3476336,card_addr,0.4166666666666667
473,3184241,card_addr,0.4166666666666667
473,3164146,card_addr,0.4166666666666667
473,3554163,card_addr,0.4166666666666667
473,3113461,card_addr,0.4166666666666667
473,3206392,card_addr,0.4166666666666667
473,3417468,card_addr,0.4166666666666667
560,2987617,device,0.0909090909090909
560,3521730,device,0.0909090909090909
560,3124675,device,0.0909090909090909
560,3070917,device,0.0909090909090909
560,3159238,device,0.0909090909090909
560,3577030,device,0.0909090909090909
560,3567001,device,0.0909090909090909
560,3402895,device,0.0909090909090909
560,3452563,device,0.0909090909090909
560,3466999,device,0.0909090909090909
560,3550201,device,0.0909090909090909
592,2987650,card_addr,0.3181818181818182
592,3404431,card_addr,0.3181818181818182
592,3120659,card_addr,0.3181818181818182
592,3056793,card_addr,0.3181818181818182
592,3569434,card_addr,0.3181818181818182
592,2994467,card_addr,0.3181818181818182
592,3255461,card_addr,0.3181818181818182
592,3531050,card_addr,0.3181818181818182
592,3164463,card_addr,0.3181818181818182
592,3321399,card_addr,0.3181818181818182
592,3110592,card_addr,0.3181818181818182
592,3510347,card_addr,0.3181818181818182
592,3485397,card_addr,0.3181818181818182
592,3403356,card_addr,0.3181818181818182
592,3063135,card_addr,0.3181818181818182
592,3403360,card_addr,0.3181818181818182
592,3127650,card_addr,0.3181818181818182
592,3024617,card_addr,0.3181818181818182
592,3088491,card_addr,0.3181818181818182
592,3272945,card_addr,0.3181818181818182
592,3528178,card_addr,0.3181818181818182
592,3026685,card_addr,0.3181818181818182
604,3019651,card_addr,0.0845070422535211
604,3013637,card_addr,0.0845070422535211
604,3133829,device,0.0845070422535211
604,3053447,card_addr,0.0845070422535211
604,3063048,card_addr,0.0845070422535211
604,3303433,card_addr,0.0845070422535211
604,3039627,card_addr,0.0845070422535211
604,3202443,card_addr,0.0845070422535211
604,2987663,card_addr,0.0845070422535211
604,3034383,card_addr,0.0845070422535211
604,3199505,card_addr,0.0845070422535211
604,3552017,card_addr,0.0845070422535211
604,3089683,card_addr,0.0845070422535211
604,3146512,card_addr,0.0845070422535211
604,3076501,card_addr,0.0845070422535211
604,3348630,card_addr,0.0845070422535211
604,3036695,card_addr,0.0845070422535211
604,3438229,card_addr,0.0845070422535211
604,3048217,card_addr,0.0845070422535211
604,3206173,card_addr,0.0845070422535211
604,3009055,card_addr,0.0845070422535211
604,3095971,card_addr,0.0845070422535211
604,3042725,card_addr,0.0845070422535211
604,3051687,card_addr,0.0845070422535211
604,3051690,card_addr,0.0845070422535211
604,3132075,card_addr,0.0845070422535211
604,3565611,device,0.0845070422535211
604,3490481,card_addr,0.0845070422535211
604,3042098,card_addr,0.0845070422535211
604,3541553,card_addr,0.0845070422535211
604,3259572,card_addr,0.0845070422535211
604,3236150,card_addr,0.0845070422535211
604,3134007,card_addr,0.0845070422535211
604,3070136,card_addr,0.0845070422535211
604,3271990,card_addr,0.0845070422535211
604,3165371,card_addr,0.0845070422535211
604,3012030,card_addr+device,0.0845070422535211
604,3048513,card_addr,0.0845070422535211
604,3185089,card_addr,0.0845070422535211
604,3283268,card_addr,0.0845070422535211
604,3022200,card_addr,0.0845070422535211
604,3531461,card_addr,0.0845070422535211
604,2988871,card_addr,0.0845070422535211
604,3080011,card_addr,0.0845070422535211
604,2997968,card_addr,0.0845070422535211
604,3433554,card_addr,0.0845070422535211
604,2991955,card_addr,0.0845070422535211
604,3473877,card_addr,0.0845070422535211
604,3207382,card_addr,0.0845070422535211
604,3014231,card_addr,0.0845070422535211
604,3011034,card_addr,0.0845070422535211
604,3465437,card_addr,0.0845070422535211
604,3397342,card_addr,0.0845070422535211
604,3017439,card_addr,0.0845070422535211
604,3178848,card_addr,0.0845070422535211
604,3037666,card_addr,0.0845070422535211
604,3397348,card_addr,0.0845070422535211
604,3326436,card_addr,0.0845070422535211
604,3069417,card_addr,0.0845070422535211
604,3183467,card_addr,0.0845070422535211
604,3295342,card_addr,0.0845070422535211
604,3295343,card_addr,0.0845070422535211
604,3229294,card_addr,0.0845070422535211
604,3082225,card_addr,0.0845070422535211
604,3214577,device,0.0845070422535211
604,3568757,device,0.0845070422535211
604,3159544,card_addr,0.0845070422535211
604,3501052,card_addr,0.0845070422535211
604,3405309,card_addr+device,0.0845070422535211
604,3451390,card_addr,0.0845070422535211
604,3007359,card_addr,0.0845070422535211
630,3407617,card_addr,0.4545454545454545
630,3413345,card_addr,0.4545454545454545
630,3552675,card_addr,0.4545454545454545
630,3407620,card_addr,0.4545454545454545
630,3552421,card_addr,0.4545454545454545
630,3347691,card_addr,0.4545454545454545
630,3071916,card_addr,0.4545454545454545
630,2987694,card_addr,0.4545454545454545
630,3552144,card_addr,0.4545454545454545
630,3294769,card_addr,0.4545454545454545
630,3039575,card_addr,0.4545454545454545
634,3171461,card_addr,0.1428571428571428
634,3317381,card_addr,0.1428571428571428
634,3254607,card_addr,0.1428571428571428
634,3036560,card_addr,0.1428571428571428
634,3083888,card_addr,0.1428571428571428
634,2987698,card_addr,0.1428571428571428
634,3405238,card_addr,0.1428571428571428
723,3317377,device,0.2631578947368421
723,2987800,device,0.2631578947368421
723,3413278,device,0.2631578947368421
723,3413282,device,0.2631578947368421
723,3361828,device,0.2631578947368421
723,3127463,device,0.2631578947368421
723,3413294,device,0.2631578947368421
723,3201714,device,0.2631578947368421
723,3541044,device,0.2631578947368421
723,3541050,device,0.2631578947368421
723,3325243,device,0.2631578947368421
723,3531336,device,0.2631578947368421
723,3397068,device,0.2631578947368421
723,3531343,device,0.2631578947368421
723,3291217,device,0.2631578947368421
723,3340888,device,0.2631578947368421
723,3462492,device,0.2631578947368421
723,3109101,device,0.2631578947368421
723,3219573,device,0.2631578947368421
787,3181057,card_addr,0.0898876404494382
787,3560450,card_addr,0.0898876404494382
787,3425795,card_addr,0.0898876404494382
787,3337739,card_addr,0.0898876404494382
787,3463704,card_addr,0.0898876404494382
787,3379233,card_addr,0.0898876404494382
787,3232297,card_addr,0.0898876404494382
787,3465770,card_addr,0.0898876404494382
787,3019826,card_addr+device,0.0898876404494382
787,3314227,card_addr,0.0898876404494382
787,3344437,card_addr,0.0898876404494382
787,3407933,card_addr,0.0898876404494382
787,3293249,card_addr,0.0898876404494382
787,3040835,card_addr,0.0898876404494382
787,3491910,card_addr,0.0898876404494382
787,3534408,card_addr,0.0898876404494382
787,3407946,card_addr,0.0898876404494382
787,3389013,card_addr,0.0898876404494382
787,3352149,card_addr,0.0898876404494382
787,3577436,card_addr,0.0898876404494382
787,3534942,device,0.0898876404494382
787,3242591,card_addr,0.0898876404494382
787,3534946,device,0.0898876404494382
787,3293286,card_addr,0.0898876404494382
787,3335277,card_addr,0.0898876404494382
787,3376239,card_addr,0.0898876404494382
787,3032176,card_addr,0.0898876404494382
787,3466864,card_addr,0.0898876404494382
787,3125882,card_addr,0.0898876404494382
787,3262075,card_addr,0.0898876404494382
787,3276414,card_addr,0.0898876404494382
787,3254912,card_addr,0.0898876404494382
787,3286145,card_addr,0.0898876404494382
787,3293315,card_addr,0.0898876404494382
787,3323529,card_addr,0.0898876404494382
787,3164301,card_addr,0.0898876404494382
787,3493005,card_addr,0.0898876404494382
787,3444879,card_addr,0.0898876404494382
787,3293843,card_addr,0.0898876404494382
787,3070101,card_addr,0.0898876404494382
787,3293849,card_addr,0.0898876404494382
787,3548317,card_addr+device,0.0898876404494382
787,3252382,card_addr,0.0898876404494382
787,3352746,card_addr,0.0898876404494382
787,3282604,card_addr,0.0898876404494382
787,3354799,card_addr,0.0898876404494382
787,3555510,device,0.0898876404494382
787,3307706,card_addr,0.0898876404494382
787,3494074,card_addr,0.0898876404494382
787,3255514,card_addr,0.0898876404494382
787,3248351,card_addr,0.0898876404494382
787,3099359,card_addr,0.0898876404494382
787,3555562,card_addr,0.0898876404494382
787,3139308,card_addr,0.0898876404494382
787,3359468,card_addr,0.0898876404494382
787,3552496,device,0.0898876404494382
787,3262711,card_addr,0.0898876404494382
787,3262716,card_addr,0.0898876404494382
787,3354883,card_addr,0.0898876404494382
787,3319567,card_addr,0.0898876404494382
787,3342610,card_addr,0.0898876404494382
787,3091226,card_addr,0.0898876404494382
787,3276592,card_addr,0.0898876404494382
787,3356469,card_addr,0.0898876404494382
787,3259705,card_addr,0.0898876404494382
787,3307328,card_addr,0.0898876404494382
787,3223368,card_addr,0.0898876404494382
787,3555658,device,0.0898876404494382
787,3026767,card_addr+device,0.0898876404494382
787,3391316,card_addr,0.0898876404494382
787,3516759,card_addr,0.0898876404494382
787,2987869,device,0.0898876404494382
787,3449187,card_addr,0.0898876404494382
787,3227499,card_addr,0.0898876404494382
787,3425142,card_addr,0.0898876404494382
787,3386241,card_addr,0.0898876404494382
787,3331460,card_addr,0.0898876404494382
787,3392411,card_addr,0.0898876404494382
787,3527080,card_addr,0.0898876404494382
787,3300777,card_addr,0.0898876404494382
787,3539884,device,0.0898876404494382
787,3539888,device,0.0898876404494382
787,3174348,card_addr,0.0898876404494382
787,3379154,card_addr,0.0898876404494382
787,3494355,card_addr,0.0898876404494382
787,3019753,device,0.0898876404494382
787,3011568,card_addr,0.0898876404494382
787,3415545,card_addr,0.0898876404494382
787,3019771,device,0.0898876404494382
790,3374080,device,0.12
790,3255683,device,0.12
790,3374084,device,0.12
790,3488774,device,0.12
790,3251335,device,0.12
790,3343881,device,0.12
790,3485073,device,0.12
790,3038747,device,0.12
790,3066525,device,0.12
790,3142559,device,0.12
790,3311903,device,0.12
790,3511711,device,0.12
790,3166628,device,0.12
790,3073067,device,0.12
790,3312171,device,0.12
790,3112749,device,0.12
790,3069875,device,0.12
790,2993204,device,0.12
790,3143603,device,0.12
790,3214387,device,0.12
790,3312180,device,0.12
790,3387321,device,0.12
790,3399357,device,0.12
790,3243838,device,0.12
790,3404357,device,0.12
790,3392328,device,0.12
790,3393352,device,0.12
790,3395144,device,0.12
790,3319499,device,0.12
790,3387341,device,0.12
790,3465426,device,0.12
790,3299413,device,0.12
790,3479254,device,0.12
790,3096663,device,0.12
790,3353054,device,0.12
790,3025759,device,0.12
790,2987872,device,0.12
790,3424865,device,0.12
790,3305954,device,0.12
790,3113955,device,0.12
790,3211619,device,0.12
790,3519972,device,0.12
790,3343464,device,0.12
790,3460200,device,0.12
790,3138668,device,0.12
790,3475437,device,0.12
790,3393394,device,0.12
790,3379574,device,0.12
790,3399542,device,0.12
790,3318525,device,0.12
802,3114372,device,0.3220338983050847
802,3404420,device,0.3220338983050847
802,3268745,device,0.3220338983050847
802,3404299,device,0.3220338983050847
802,3268748,device,0.3220338983050847
802,3168275,device,0.3220338983050847
802,3268755,device,0.3220338983050847
802,3079574,device,0.3220338983050847
802,3159319,device,0.3220338983050847
802,3287576,device,0.3220338983050847
802,3318169,device,0.3220338983050847
802,3287578,device,0.3220338983050847
802,3335577,device,0.3220338983050847
802,3268764,device,0.3220338983050847
802,3159325,device,0.3220338983050847
802,3119390,device,0.3220338983050847
802,3287582,device,0.3220338983050847
802,3335581,device,0.3220338983050847
802,3079585,device,0.3220338983050847
802,3340961,device,0.3220338983050847
802,3427233,device,0.3220338983050847
802,3485218,device,0.3220338983050847
802,3056677,device,0.3220338983050847
802,3159336,device,0.3220338983050847
802,3565480,device,0.3220338983050847
802,3119402,device,0.3220338983050847
802,3233708,device,0.3220338983050847
802,3429806,device,0.3220338983050847
802,3268783,device,0.3220338983050847
802,3429809,device,0.3220338983050847
802,3429815,device,0.3220338983050847
802,3077816,device,0.3220338983050847
802,3056953,device,0.3220338983050847
802,3429816,device,0.3220338983050847
802,3320891,device,0.3220338983050847
802,2997962,device,0.3220338983050847
802,3318101,device,0.3220338983050847
802,3079638,device,0.3220338983050847
802,3143127,device,0.3220338983050847
802,3361878,device,0.3220338983050847
802,3429077,device,0.3220338983050847
802,3207898,device,0.3220338983050847
802,3382747,device,0.3220338983050847
802,3429082,device,0.3220338983050847
802,3448021,device,0.3220338983050847
802,3429086,device,0.3220338983050847
802,3155167,device,0.3220338983050847
802,3058400,device,0.3220338983050847
802,3057249,device,0.3220338983050847
802,3234658,device,0.3220338983050847
802,3525218,device,0.3220338983050847
802,3429092,device,0.3220338983050847
802,3374572,device,0.3220338983050847
802,2987885,device,0.3220338983050847
802,3268718,device,0.3220338983050847
802,3275503,device,0.3220338983050847
802,3288941,device,0.3220338983050847
802,3273073,device,0.3220338983050847
802,3159412,device,0.3220338983050847
818,3068677,card_addr,0.1785714285714285
818,3080200,card_addr,0.1785714285714285
818,3062410,card_addr,0.1785714285714285
818,3288588,card_addr,0.1785714285714285
818,3288591,card_addr,0.1785714285714285
818,3103250,card_addr,0.1785714285714285
818,3121299,card_addr,0.1785714285714285
818,3159827,card_addr,0.1785714285714285
818,3010966,card_addr,0.1785714285714285
818,3074587,card_addr,0.1785714285714285
818,3442844,card_addr,0.1785714285714285
818,3368097,card_addr,0.1785714285714285
818,3254946,card_addr,0.1785714285714285
818,3345709,card_addr,0.1785714285714285
818,3047089,card_addr,0.1785714285714285
818,3191350,card_addr,0.1785714285714285
818,3032759,card_addr,0.1785714285714285
818,3102520,card_addr,0.1785714285714285
818,3235766,card_addr,0.1785714285714285
818,3345718,card_addr,0.1785714285714285
818,3079100,card_addr,0.1785714285714285
818,3039565,card_addr,0.1785714285714285
818,3390182,card_addr,0.1785714285714285
818,3380331,card_addr,0.1785714285714285
818,3363314,card_addr,0.1785714285714285
818,3197427,card_addr,0.1785714285714285
818,3492598,card_addr,0.1785714285714285
818,2987902,card_addr,0.1785714285714285
940,2988038,card_addr,0.7777777777777778
940,3570822,card_addr,0.7777777777777778
940,3103787,card_addr,0.7777777777777778
940,3570828,card_addr,0.7777777777777778
940,3570927,card_addr,0.7777777777777778
940,3372628,card_addr,0.7777777777777778
940,3570932,card_addr,0.7777777777777778
940,3570809,card_addr,0.7777777777777778
940,3570939,card_addr,0.7777777777777778
975,3304039,card_addr,0.25
975,3217193,card_addr,0.25
975,3217196,card_addr,0.25
975,3398381,card_addr,0.25
975,2988078,card_addr,0.25
975,3489228,card_addr,0.25
975,3489428,card_addr,0.25
975,3217174,card_addr,0.25
975,3217912,card_addr,0.25
975,3489241,card_addr,0.25
975,3450077,card_addr,0.25
975,3114623,card_addr,0.25
1015,3069185,card_addr,0.2307692307692307
1015,3495262,card_addr,0.2307692307692307
1015,3146595,card_addr,0.2307692307692307
1015,3517218,card_addr,0.2307692307692307
1015,3072553,card_addr,0.2307692307692307
1015,3138041,card_addr,0.2307692307692307
1015,3008337,card_addr,0.2307692307692307
1015,3315763,card_addr,0.2307692307692307
1015,3146612,card_addr,0.2307692307692307
1015,3133494,card_addr,0.2307692307692307
1015,3222870,card_addr,0.2307692307692307
1015,2988121,card_addr,0.2307692307692307
1015,3411902,card_addr,0.2307692307692307
1043,3096194,card_addr,0.3157894736842105
1043,3398799,card_addr,0.3157894736842105
1043,3535511,card_addr,0.3157894736842105
1043,3566617,card_addr,0.3157894736842105
1043,3574043,card_addr,0.3157894736842105
1043,3092638,card_addr,0.3157894736842105
1043,3563426,card_addr,0.3157894736842105
1043,3307947,card_addr,0.3157894736842105
1043,3373742,card_addr,0.3157894736842105
1043,3564733,card_addr,0.3157894736842105
1043,3573958,card_addr,0.3157894736842105
1043,3237066,card_addr,0.3157894736842105
1043,3221977,card_addr,0.3157894736842105
1043,3100123,card_addr,0.3157894736842105
1043,3473893,card_addr,0.3157894736842105
1043,3573989,card_addr,0.3157894736842105
1043,3566455,card_addr,0.3157894736842105
1043,2988152,card_addr,0.3157894736842105
1043,3204223,card_addr,0.3157894736842105
1058,2988169,card_addr,0.6666666666666666
1058,2997827,card_addr,0.6666666666666666
1058,2988173,card_addr,0.6666666666666666
1078,3247106,device,0.0869565217391304
1078,3398274,device,0.0869565217391304
1078,3398285,device,0.0869565217391304
1078,3087502,device,0.0869565217391304
1078,3166095,device,0.0869565217391304
1078,3505054,device,0.0869565217391304
1078,2988192,device,0.0869565217391304
1078,3448485,device,0.0869565217391304
1078,3448491,device,0.0869565217391304
1078,3050805,device,0.0869565217391304
1078,3039804,device,0.0869565217391304
1078,3532369,device,0.0869565217391304
1078,3461334,device,0.0869565217391304
1078,3308247,device,0.0869565217391304
1078,3421656,device,0.0869565217391304
1078,3386473,device,0.0869565217391304
1078,3289066,device,0.0869565217391304
1078,3495533,device,0.0869565217391304
1078,3367024,device,0.0869565217391304
1078,2998772,device,0.0869565217391304
1078,3506681,device,0.0869565217391304
1078,3547901,device,0.0869565217391304
1078,3398271,device,0.0869565217391304
1280,3271424,card_addr,0.8611111111111112
1280,2988418,card_addr,0.8611111111111112
1280,3418114,card_addr,0.8611111111111112
1280,3369359,card_addr,0.8611111111111112
1280,3050897,card_addr,0.8611111111111112
1280,3367064,card_addr,0.8611111111111112
1280,3538464,card_addr,0.8611111111111112
1280,3184289,card_addr,0.8611111111111112
1280,3298853,card_addr,0.8611111111111112
1280,3050920,card_addr,0.8611111111111112
1280,3538475,card_addr,0.8611111111111112
1280,3275181,card_addr,0.8611111111111112
1280,2993717,card_addr,0.8611111111111112
1280,3033144,card_addr,0.8611111111111112
1280,3480379,card_addr,0.8611111111111112
1280,3028035,card_addr,0.8611111111111112
1280,3242693,card_addr,0.8611111111111112
1280,3004360,card_addr,0.8611111111111112
1280,3513928,card_addr,0.8611111111111112
1280,3037770,card_addr,0.8611111111111112
1280,3440332,card_addr,0.8611111111111112
1280,3513937,card_addr,0.8611111111111112
1280,3464403,card_addr,0.8611111111111112
1280,3022553,card_addr,0.8611111111111112
1280,3406554,card_addr,0.8611111111111112
1280,3553370,card_addr,0.8611111111111112
1280,3005150,card_addr,0.8611111111111112
1280,3000286,card_addr,0.8611111111111112
1280,3514462,card_addr,0.8611111111111112
1280,3384417,card_addr,0.8611111111111112
1280,3045987,card_addr,0.8611111111111112
1280,3434856,card_addr,0.8611111111111112
1280,3004521,card_addr,0.8611111111111112
1280,3514477,card_addr,0.8611111111111112
1280,3266676,card_addr,0.8611111111111112
1280,3024383,card_addr,0.8611111111111112
1368,3031044,card_addr,0.2157258064516129
1368,3031050,card_addr,0.2157258064516129
1368,3270670,device,0.2157258064516129
1368,3291169,card_addr,0.2157258064516129
1368,3465250,card_addr,0.2157258064516129
1368,3184688,card_addr,0.2157258064516129
1368,3139634,card_addr,0.2157258064516129
1368,3424306,device,0.2157258064516129
1368,3414069,card_addr,0.2157258064516129
1368,3139649,card_addr,0.2157258064516129
1368,3242049,card_addr,0.2157258064516129
1368,3098694,card_addr,0.2157258064516129
1368,3014727,card_addr,0.2157258064516129
1368,3377223,device,0.2157258064516129
1368,3377225,device,0.2157258064516129
1368,3119174,card_addr,0.2157258064516129
1368,3250257,card_addr,0.2157258064516129
1368,3555410,card_addr,0.2157258064516129
1368,3272787,card_addr,0.2157258064516129
1368,3575892,card_addr,0.2157258064516129
1368,3006551,card_addr,0.2157258064516129
1368,3092570,card_addr,0.2157258064516129
1368,3465308,card_addr,0.2157258064516129
1368,3076190,card_addr,0.2157258064516129
1368,3065956,card_addr,0.2157258064516129
1368,3035238,card_addr,0.2157258064516129
1368,3137642,card_addr,0.2157258064516129
1368,3276909,card_addr,0.2157258064516129
1368,3018868,card_addr,0.2157258064516129
1368,3197046,card_addr,0.2157258064516129
1368,3264630,card_addr,0.2157258064516129
1368,3018874,card_addr,0.2157258064516129
1368,3113085,card_addr,0.2157258064516129
1368,3418253,card_addr+device,0.2157258064516129
1368,3018898,card_addr,0.2157258064516129
1368,3195033,card_addr,0.2157258064516129
1368,3383457,card_addr,0.2157258064516129
1368,3524774,card_addr,0.2157258064516129
1368,3362983,device,0.2157258064516129
1368,3033261,card_addr,0.2157258064516129
1368,3139782,card_addr,0.2157258064516129
1368,3033286,card_addr,0.2157258064516129
1368,3037394,card_addr,0.2157258064516129
1368,3471583,card_addr,0.2157258064516129
1368,3008738,card_addr,0.2157258064516129
1368,3201250,device,0.2157258064516129
1368,3008740,card_addr,0.2157258064516129
1368,3301606,card_addr,0.2157258064516129
1368,3500262,card_addr,0.2157258064516129
1368,3111144,device,0.2157258064516129
1368,3111151,device,0.2157258064516129
1368,3051761,device,0.2157258064516129
1368,3313906,card_addr,0.2157258064516129
1368,3111156,device,0.2157258064516129
1368,3111157,device,0.2157258064516129
1368,3111161,card_addr,0.2157258064516129
1368,3014906,card_addr,0.2157258064516129
1368,3051769,device,0.2157258064516129
1368,3082496,card_addr,0.2157258064516129
1368,3199233,card_addr,0.2157258064516129
1368,3051778,device,0.2157258064516129
1368,3111175,card_addr,0.2157258064516129
1368,3074320,device,0.2157258064516129
1368,3166491,card_addr,0.2157258064516129
1368,3004703,card_addr,0.2157258064516129
1368,3528996,device,0.2157258064516129
1368,3524901,card_addr,0.2157258064516129
1368,3529000,device,0.2157258064516129
1368,3529001,device,0.2157258064516129
1368,3512621,card_addr,0.2157258064516129
1368,3096885,card_addr+device,0.2157258064516129
1368,3074363,device,0.2157258064516129
1368,3539270,card_addr,0.2157258064516129
1368,3230029,card_addr,0.2157258064516129
1368,3481938,card_addr,0.2157258064516129
1368,3033431,card_addr,0.2157258064516129
1368,3146073,card_addr,0.2157258064516129
1368,3152221,card_addr,0.2157258064516129
1368,3498334,card_addr,0.2157258064516129
1368,3461470,device,0.2157258064516129
1368,3522916,card_addr,0.2157258064516129
1368,3461476,device,0.2157258064516129
1368,3334505,card_addr,0.2157258064516129
1368,3023210,card_addr,0.2157258064516129
1368,3461482,device,0.2157258064516129
1368,3238252,card_addr,0.2157258064516129
1368,3094893,card_addr,0.2157258064516129
1368,3088754,card_addr,0.2157258064516129
1368,3264904,card_addr,0.2157258064516129
1368,3555724,device,0.2157258064516129
1368,3013007,card_addr,0.2157258064516129
1368,3250585,card_addr,0.2157258064516129
1368,3541407,card_addr,0.2157258064516129
1368,3250592,card_addr,0.2157258064516129
1368,3148192,card_addr,0.2157258064516129
1368,3250594,card_addr,0.2157258064516129
1368,3230116,device,0.2157258064516129
1368,3396005,card_addr,0.2157258064516129
1368,3250598,card_addr,0.2157258064516129
1368,3013029,card_addr,0.2157258064516129
1368,3201457,card_addr,0.2157258064516129
1368,3566003,card_addr,0.2157258064516129
1368,3008952,card_addr,0.2157258064516129
1368,3385798,card_addr,0.2157258064516129
1368,3017163,card_addr,0.2157258064516129
1368,3324364,card_addr,0.2157258064516129
1368,3385811,card_addr,0.2157258064516129
1368,3217877,card_addr,0.2157258064516129
1368,3555798,card_addr,0.2157258064516129
1368,3078617,card_addr+device,0.2157258064516129
1368,3004891,card_addr,0.2157258064516129
1368,3025375,card_addr,0.2157258064516129
1368,2988512,card_addr,0.2157258064516129
1368,3170783,card_addr,0.2157258064516129
1368,3480041,card_addr,0.2157258064516129
1368,3535343,device,0.2157258064516129
1368,3535347,device,0.2157258064516129
1368,3449336,card_addr,0.2157258064516129
1368,3471874,device,0.2157258064516129
1368,3377668,card_addr,0.2157258064516129
1368,3066376,card_addr,0.2157258064516129
1368,3533332,card_addr,0.2157258064516129
1368,3099160,card_addr,0.2157258064516129
1368,3545624,device,0.2157258064516129
1368,3471898,device,0.2157258064516129
1368,3107358,card_addr,0.2157258064516129
1368,3035682,card_addr,0.2157258064516129
1368,3236398,card_addr,0.2157258064516129
1368,3287601,card_addr,0.2157258064516129
1368,3297841,card_addr,0.2157258064516129
1368,3082805,card_addr,0.2157258064516129
1368,3482167,card_addr,0.2157258064516129
1368,3361338,card_addr,0.2157258064516129
1368,3027524,card_addr,0.2157258064516129
1368,3441221,card_addr,0.2157258064516129
1368,3383886,card_addr,0.2157258064516129
1368,3019349,card_addr,0.2157258064516129
1368,3467862,card_addr,0.2157258064516129
1368,3316313,card_addr,0.2157258064516129
1368,3091036,card_addr,0.2157258064516129
1368,3041886,card_addr,0.2157258064516129
1368,3502690,card_addr,0.2157258064516129
1368,3205737,card_addr,0.2157258064516129
1368,3345004,card_addr,0.2157258064516129
1368,3277422,card_addr,0.2157258064516129
1368,3408496,card_addr,0.2157258064516129
1368,3099256,card_addr+device,0.2157258064516129
1368,3480187,card_addr,0.2157258064516129
1368,3099260,card_addr+device,0.2157258064516129
1368,3490431,card_addr,0.2157258064516129
1368,3482247,card_addr,0.2157258064516129
1368,3054224,device,0.2157258064516129
1368,3529362,card_addr,0.2157258064516129
1368,3482258,card_addr,0.2157258064516129
1368,3410581,device,0.2157258064516129
1368,3019420,card_addr,0.2157258064516129
1368,3056287,card_addr,0.2157258064516129
1368,3484328,card_addr,0.2157258064516129
1368,3056300,card_addr,0.2157258064516129
1368,3031726,card_addr,0.2157258064516129
1368,3392183,card_addr,0.2157258064516129
1368,3091131,card_addr,0.2157258064516129
1368,3545792,device,0.2157258064516129
1368,3240642,device,0.2157258064516129
1368,3240646,device,0.2157258064516129
1368,3134154,card_addr,0.2157258064516129
1368,3461835,card_addr,0.2157258064516129
1368,3082961,card_addr,0.2157258064516129
1368,3023571,card_addr+device,0.2157258064516129
1368,3074781,card_addr,0.2157258064516129
1368,3384040,card_addr,0.2157258064516129
1368,3343088,card_addr,0.2157258064516129
1368,3107575,card_addr+device,0.2157258064516129
1368,3009274,card_addr+device,0.2157258064516129
1368,3517179,card_addr,0.2157258064516129
1368,3171081,card_addr,0.2157258064516129
1368,3216137,card_addr,0.2157258064516129
1368,3461901,card_addr,0.2157258064516129
1368,3074835,card_addr,0.2157258064516129
1368,3011354,device,0.2157258064516129
1368,3547930,card_addr,0.2157258064516129
1368,3267360,card_addr,0.2157258064516129
1368,3498787,card_addr,0.2157258064516129
1368,3111727,card_addr,0.2157258064516129
1368,3140400,card_addr,0.2157258064516129
1368,3320634,card_addr,0.2157258064516129
1368,3457856,device,0.2157258064516129
1368,3117890,card_addr,0.2157258064516129
1368,3564357,device,0.2157258064516129
1368,3117894,card_addr,0.2157258064516129
1368,3457861,device,0.2157258064516129
1368,3015496,card_addr,0.2157258064516129
1368,3523405,card_addr,0.2157258064516129
1368,3017551,card_addr,0.2157258064516129
1368,3097426,card_addr+device,0.2157258064516129
1368,3492697,card_addr,0.2157258064516129
1368,3033948,card_addr,0.2157258064516129
1368,3291998,card_addr,0.2157258064516129
1368,3015521,card_addr,0.2157258064516129
1368,3015523,card_addr,0.2157258064516129
1368,3015524,card_addr,0.2157258064516129
1368,3058533,card_addr,0.2157258064516129
1368,3341158,device,0.2157258064516129
1368,3388264,card_addr,0.2157258064516129
1368,3183483,device,0.2157258064516129
1368,3079041,card_addr,0.2157258064516129
1368,3025794,card_addr,0.2157258064516129
1368,3388291,card_addr,0.2157258064516129
1368,3033990,card_addr,0.2157258064516129
1368,3113863,card_addr,0.2157258064516129
1368,3224454,card_addr,0.2157258064516129
1368,3113885,device,0.2157258064516129
1368,3388321,card_addr,0.2157258064516129
1368,3523490,card_addr,0.2157258064516129
1368,3093411,card_addr,0.2157258064516129
1368,3113890,device,0.2157258064516129
1368,3365800,device,0.2157258064516129
1368,3302313,card_addr,0.2157258064516129
1368,3359660,device,0.2157258064516129
1368,3146669,card_addr,0.2157258064516129
1368,3113911,device,0.2157258064516129
1368,3031994,card_addr,0.2157258064516129
1368,3113919,device,0.2157258064516129
1368,3027906,card_addr,0.2157258064516129
1368,3113923,device,0.2157258064516129
1368,3003340,card_addr,0.2157258064516129
1368,3163085,device,0.2157258064516129
1368,3023823,device,0.2157258064516129
1368,3023827,device,0.2157258064516129
1368,3255252,card_addr,0.2157258064516129
1368,3189737,card_addr,0.2157258064516129
1368,3029998,card_addr,0.2157258064516129
1368,3357682,device,0.2157258064516129
1368,3347459,card_addr,0.2157258064516129
1368,3109895,card_addr,0.2157258064516129
1368,3236873,card_addr,0.2157258064516129
1368,3236874,card_addr,0.2157258064516129
1368,3298313,card_addr,0.2157258064516129
1368,3408917,device,0.2157258064516129
1368,3013655,card_addr,0.2157258064516129
1368,3408920,device,0.2157258064516129
1368,3478556,card_addr,0.2157258064516129
1368,3068958,card_addr,0.2157258064516129
1368,3152926,device,0.2157258064516129
1368,3011618,card_addr,0.2157258064516129
1368,3068967,card_addr,0.2157258064516129
1368,3200039,card_addr,0.2157258064516129
1368,3068971,card_addr,0.2157258064516129
1368,3011630,card_addr,0.2157258064516129
1368,3394609,device,0.2157258064516129
1368,3011638,card_addr,0.2157258064516129
1368,3013687,card_addr,0.2157258064516129
1368,3394618,device,0.2157258064516129
1368,3069003,card_addr,0.2157258064516129
1368,3279953,card_addr,0.2157258064516129
1368,2991196,card_addr,0.2157258064516129
1368,3454044,card_addr,0.2157258064516129
1368,3419238,card_addr,0.2157258064516129
1368,3099753,device,0.2157258064516129
1368,3009645,card_addr,0.2157258064516129
1368,3337329,card_addr,0.2157258064516129
1368,3015806,card_addr,0.2157258064516129
1368,3406977,card_addr,0.2157258064516129
1368,3482766,card_addr,0.2157258064516129
1368,3112085,card_addr,0.2157258064516129
1368,3128472,card_addr,0.2157258064516129
1368,3435683,card_addr,0.2157258064516129
1368,3013796,card_addr,0.2157258064516129
1368,3058861,card_addr,0.2157258064516129
1368,3267765,card_addr,0.2157258064516129
1368,3468471,card_addr,0.2157258064516129
1368,3198138,card_addr,0.2157258064516129
1368,3144902,card_addr,0.2157258064516129
1368,3054796,card_addr,0.2157258064516129
1368,3380430,device,0.2157258064516129
1368,3017935,card_addr,0.2157258064516129
1368,3155158,card_addr,0.2157258064516129
1368,3026135,card_addr,0.2157258064516129
1368,3366109,device,0.2157258064516129
1368,3458270,card_addr,0.2157258064516129
1368,3353824,card_addr,0.2157258064516129
1368,3366114,device,0.2157258064516129
1368,3232998,card_addr,0.2157258064516129
1368,3007719,card_addr,0.2157258064516129
1368,3001577,card_addr,0.2157258064516129
1368,3097835,card_addr,0.2157258064516129
1368,3196143,card_addr,0.2157258064516129
1368,3235057,device,0.2157258064516129
1368,3235059,device,0.2157258064516129
1368,3466483,device,0.2157258064516129
1368,3366132,device,0.2157258064516129
1368,3366140,device,0.2157258064516129
1368,3036414,card_addr,0.2157258064516129
1368,3366152,device,0.2157258064516129
1368,3104010,card_addr,0.2157258064516129
1368,3509526,card_addr,0.2157258064516129
1368,3015972,card_addr+device,0.2157258064516129
1368,3204401,card_addr,0.2157258064516129
1368,3353918,card_addr,0.2157258064516129
1368,3194180,card_addr,0.2157258064516129
1368,2999623,device,0.2157258064516129
1368,3030346,card_addr,0.2157258064516129
1368,3034452,card_addr,0.2157258064516129
1368,3005793,card_addr,0.2157258064516129
1368,3007842,card_addr,0.2157258064516129
1368,3130734,device,0.2157258064516129
1368,3102065,card_addr,0.2157258064516129
1368,3081596,card_addr,0.2157258064516129
1368,3018109,card_addr,0.2157258064516129
1368,3220860,card_addr,0.2157258064516129
1368,3485063,device,0.2157258064516129
1368,3091860,card_addr,0.2157258064516129
1368,3005847,card_addr,0.2157258064516129
1368,3534232,card_addr,0.2157258064516129
1368,3437983,device,0.2157258064516129
1368,3071392,card_addr,0.2157258064516129
1368,3214751,card_addr,0.2157258064516129
1368,3095974,card_addr+device,0.2157258064516129
1368,3489193,card_addr,0.2157258064516129
1368,3030445,card_addr,0.2157258064516129
1368,3165613,device,0.2157258064516129
1368,3118516,card_addr,0.2157258064516129
1368,3249598,card_addr,0.2157258064516129
1368,3089854,card_addr,0.2157258064516129
1368,3050944,card_addr,0.2157258064516129
1368,3214789,card_addr,0.2157258064516129
1368,3157446,card_addr,0.2157258064516129
1368,3464650,card_addr,0.2157258064516129
1368,3284430,card_addr,0.2157258064516129
1368,3540431,device,0.2157258064516129
1368,3497424,card_addr,0.2157258064516129
1368,3540433,device,0.2157258064516129
1368,3540434,device,0.2157258064516129
1368,3540435,device,0.2157258064516129
1368,3540438,device,0.2157258064516129
1368,3540439,device,0.2157258064516129
1368,3540441,device,0.2157258064516129
1368,3167729,device,0.2157258064516129
1368,3456513,card_addr,0.2157258064516129
1368,3046919,card_addr,0.2157258064516129
1368,3106313,card_addr,0.2157258064516129
1368,3378700,device,0.2157258064516129
1368,3059218,device,0.2157258064516129
1368,2991634,card_addr,0.2157258064516129
1368,3378709,device,0.2157258064516129
1368,3563033,card_addr,0.2157258064516129
1368,3057178,card_addr,0.2157258064516129
1368,3059227,device,0.2157258064516129
1368,3542559,card_addr,0.2157258064516129
1368,3380768,card_addr,0.2157258064516129
1368,3425825,card_addr,0.2157258064516129
1368,3014179,card_addr,0.2157258064516129
1368,3282471,card_addr,0.2157258064516129
1368,3030569,card_addr,0.2157258064516129
1368,3378730,device,0.2157258064516129
1368,3100215,card_addr,0.2157258064516129
1368,3434039,card_addr,0.2157258064516129
1368,3440186,device,0.2157258064516129
1368,3167803,card_addr,0.2157258064516129
1368,3001918,card_addr,0.2157258064516129
1368,3010110,card_addr+device,0.2157258064516129
1368,3335744,device,0.2157258064516129
1368,3440190,device,0.2157258064516129
1368,3010115,card_addr+device,0.2157258064516129
1368,3419716,card_addr,0.2157258064516129
1368,3524164,card_addr,0.2157258064516129
1368,3008071,card_addr,0.2157258064516129
1368,3036756,card_addr,0.2157258064516129
1368,3466840,card_addr,0.2157258064516129
1368,3108447,card_addr,0.2157258064516129
1368,3030625,card_addr,0.2157258064516129
1368,3227235,card_addr,0.2157258064516129
1368,3497573,card_addr,0.2157258064516129
1368,3067499,card_addr,0.2157258064516129
1368,3466860,device,0.2157258064516129
1368,3147371,card_addr,0.2157258064516129
1368,3497595,card_addr,0.2157258064516129
1368,3008127,card_addr,0.2157258064516129
1368,3243648,card_addr,0.2157258064516129
1368,3264129,card_addr,0.2157258064516129
1368,3292800,card_addr,0.2157258064516129
1368,3292804,card_addr,0.2157258064516129
1368,3094151,card_addr,0.2157258064516129
1368,3083913,card_addr,0.2157258064516129
1368,3071645,card_addr,0.2157258064516129
1368,3139236,card_addr,0.2157258064516129
1368,3401385,card_addr,0.2157258064516129
1368,3026602,device,0.2157258064516129
1368,3026604,device,0.2157258064516129
1368,3034803,card_addr,0.2157258064516129
1368,3018421,card_addr,0.2157258064516129
1368,3528377,device,0.2157258064516129
1368,3528383,device,0.2157258064516129
1368,3014336,card_addr,0.2157258064516129
1368,3546817,card_addr,0.2157258064516129
1368,3528385,device,0.2157258064516129
1368,2997955,card_addr,0.2157258064516129
1368,3151555,card_addr,0.2157258064516129
1368,3448517,device,0.2157258064516129
1368,3448513,card_addr,0.2157258064516129
1368,3448515,card_addr,0.2157258064516129
1368,3497673,card_addr,0.2157258064516129
1368,3104460,card_addr+device,0.2157258064516129
1368,3143375,device,0.2157258064516129
1368,3188440,card_addr,0.2157258064516129
1368,3069658,card_addr,0.2157258064516129
1368,3448540,card_addr,0.2157258064516129
1368,3452641,card_addr,0.2157258064516129
1368,3159784,device,0.2157258064516129
1368,3016426,card_addr,0.2157258064516129
1368,3159786,device,0.2157258064516129
1368,3165932,card_addr,0.2157258064516129
1368,3518189,card_addr,0.2157258064516129
1368,3448557,card_addr,0.2157258064516129
1368,3159791,device,0.2157258064516129
1368,3159792,device,0.2157258064516129
1368,3528431,device,0.2157258064516129
1368,3159794,device,0.2157258064516129
1368,3528432,device,0.2157258064516129
1368,3528434,device,0.2157258064516129
1368,3518191,card_addr,0.2157258064516129
1368,3518196,card_addr,0.2157258064516129
1368,3161847,card_addr,0.2157258064516129
1368,3497714,card_addr,0.2157258064516129
1368,3475195,device,0.2157258064516129
1368,3266306,card_addr,0.2157258064516129
1368,3178244,card_addr,0.2157258064516129
1368,3266311,card_addr,0.2157258064516129
1368,3505928,card_addr,0.2157258064516129
1368,3102475,card_addr,0.2157258064516129
1368,3178253,card_addr,0.2157258064516129
1368,3221269,card_addr,0.2157258064516129
1368,3155735,card_addr,0.2157258064516129
1368,3008504,card_addr,0.2157258064516129
1368,3315481,card_addr,0.2157258064516129
1368,3024669,card_addr,0.2157258064516129
1368,3090206,card_addr,0.2157258064516129
1368,3030815,card_addr,0.2157258064516129
1368,2989856,card_addr,0.2157258064516129
1368,3260195,card_addr,0.2157258064516129
1368,3419940,device,0.2157258064516129
1368,3491621,card_addr,0.2157258064516129
1368,3518247,card_addr,0.2157258064516129
1368,3444520,card_addr,0.2157258064516129
1368,3010349,card_addr,0.2157258064516129
1368,2989870,card_addr,0.2157258064516129
1368,3557166,card_addr,0.2157258064516129
1368,3256112,card_addr,0.2157258064516129
1368,3440433,device,0.2157258064516129
1368,3016498,card_addr,0.2157258064516129
1368,3397432,card_addr,0.2157258064516129
1368,2989881,card_addr,0.2157258064516129
1368,3346241,card_addr,0.2157258064516129
1368,3344194,card_addr,0.2157258064516129
1368,3059525,card_addr,0.2157258064516129
1368,3069773,card_addr,0.2157258064516129
1368,3524445,device,0.2157258064516129
1368,3161951,card_addr,0.2157258064516129
1368,3018606,card_addr,0.2157258064516129
1368,3567478,device,0.2157258064516129
1368,3018617,card_addr,0.2157258064516129
1368,3014522,card_addr,0.2157258064516129
1368,3018621,device,0.2157258064516129
1368,3069822,card_addr,0.2157258064516129
1368,3051396,device,0.2157258064516129
1368,3018629,device,0.2157258064516129
1368,3532683,card_addr,0.2157258064516129
1368,3018635,device,0.2157258064516129
1368,3567502,device,0.2157258064516129
1368,3018642,device,0.2157258064516129
1368,3141525,card_addr,0.2157258064516129
1368,3018645,device,0.2157258064516129
1368,3018649,device,0.2157258064516129
1368,3538841,card_addr,0.2157258064516129
1368,3018654,card_addr,0.2157258064516129
1368,3014568,card_addr,0.2157258064516129
1368,3018671,device,0.2157258064516129
1368,3010487,card_addr,0.2157258064516129
1368,3018681,card_addr,0.2157258064516129
1368,3024828,card_addr,0.2157258064516129
1368,3121086,card_addr+device,0.2157258064516129
1368,3375044,card_addr,0.2157258064516129
1368,3018699,card_addr,0.2157258064516129
1368,3420108,device,0.2157258064516129
1368,3420113,device,0.2157258064516129
1368,3018706,card_addr,0.2157258064516129
1368,3420122,device,0.2157258064516129
1368,3499995,card_addr,0.2157258064516129
1368,3033051,card_addr,0.2157258064516129
1368,3104744,card_addr,0.2157258064516129
1368,3002348,card_addr,0.2157258064516129
1368,3545072,device,0.2157258064516129
1368,3557362,card_addr,0.2157258064516129
1368,3104760,card_addr,0.2157258064516129
1368,3319802,card_addr,0.2157258064516129
1368,3129343,card_addr,0.2157258064516129
1461,3491712,card_addr,0.6944444444444444
1461,3304067,card_addr,0.6944444444444444
1461,3116548,card_addr,0.6944444444444444
1461,3265799,card_addr,0.6944444444444444
1461,3494281,card_addr,0.6944444444444444
1461,3501452,card_addr,0.6944444444444444
1461,3115536,card_addr,0.6944444444444444
1461,3080720,card_addr,0.6944444444444444
1461,3539604,card_addr,0.6944444444444444
1461,3494296,card_addr,0.6944444444444444
1461,2988704,card_addr,0.6944444444444444
1461,3321632,card_addr,0.6944444444444444
1461,3265955,card_addr,0.6944444444444444
1461,3306151,card_addr,0.6944444444444444
1461,3121833,card_addr,0.6944444444444444
1461,3540653,card_addr,0.6944444444444444
1461,3244591,card_addr,0.6944444444444444
1461,3501747,card_addr,0.6944444444444444
1461,3121844,card_addr,0.6944444444444444
1461,3540662,card_addr,0.6944444444444444
1461,3464632,card_addr,0.6944444444444444
1461,3362233,card_addr,0.6944444444444444
1461,3131962,card_addr,0.6944444444444444
1461,3499067,card_addr,0.6944444444444444
1461,3217981,card_addr,0.6944444444444444
1461,3356736,card_addr,0.6944444444444444
1461,2988612,card_addr,0.6944444444444444
1461,3017801,card_addr,0.6944444444444444
1461,3132247,card_addr,0.6944444444444444
1461,3310041,card_addr,0.6944444444444444
1461,3491676,card_addr,0.6944444444444444
1461,3229035,card_addr,0.6944444444444444
1461,3491696,card_addr,0.6944444444444444
1461,3411315,card_addr,0.6944444444444444
1461,3132022,card_addr,0.6944444444444444
1461,3261691,card_addr,0.6944444444444444
1538,3027459,card_addr,1.0
1538,3023812,card_addr,1.0
1538,3021029,card_addr,1.0
1538,3031717,card_addr,1.0
1538,3045485,card_addr,1.0
1538,3030926,card_addr,1.0
1538,3031727,card_addr,1.0
1538,2997046,card_addr,1.0
1538,2988694,card_addr,1.0
1538,3030941,card_addr,1.0
1741,3514369,card_addr,0.1875
1741,3002885,card_addr,0.1875
1741,3122184,card_addr,0.1875
1741,3122186,card_addr,0.1875
1741,3109899,card_addr,0.1875
1741,3122189,card_addr,0.1875
1741,3550735,card_addr,0.1875
1741,3336215,card_addr,0.1875
1741,3109918,card_addr,0.1875
1741,3041849,card_addr,0.1875
1741,3214909,card_addr,0.1875
1741,3550799,card_addr,0.1875
1741,3521110,card_addr,0.1875
1741,3569252,card_addr,0.1875
1741,3065448,card_addr,0.1875
1741,3573352,card_addr,0.1875
1741,3383407,card_addr,0.1875
1741,3531377,card_addr,0.1875
1741,3298423,card_addr,0.1875
1741,3493507,card_addr,0.1875
1741,3124871,card_addr,0.1875
1741,3142797,card_addr,0.1875
1741,3142800,card_addr,0.1875
1741,3036820,card_addr,0.1875
1741,3353237,card_addr,0.1875
1741,3298455,card_addr,0.1875
1741,3115163,card_addr,0.1875
1741,3353244,card_addr,0.1875
1741,3318432,card_addr,0.1875
1741,3308210,card_addr,0.1875
1741,3217089,card_addr,0.1875
1741,3065028,card_addr,0.1875
1741,3250885,card_addr,0.1875
1741,3398341,card_addr,0.1875
1741,3398352,card_addr,0.1875
1741,3398355,card_addr,0.1875
1741,3543765,card_addr,0.1875
1741,3327190,card_addr,0.1875
1741,3543766,card_addr,0.1875
1741,3298013,card_addr,0.1875
1741,3378925,card_addr,0.1875
1741,3288822,card_addr,0.1875
1741,3332346,card_addr,0.1875
1741,3008250,card_addr,0.1875
1741,3002108,card_addr,0.1875
1741,3010811,card_addr,0.1875
1741,3008252,card_addr,0.1875
1741,3528961,card_addr,0.1875
1741,3002114,card_addr,0.1875
1741,3167516,card_addr,0.1875
1741,3573538,card_addr,0.1875
1741,3255592,card_addr,0.1875
1741,3472175,card_addr,0.1875
1741,3547439,card_addr,0.1875
1741,3255602,card_addr,0.1875
1741,3573557,card_addr,0.1875
1741,3407674,card_addr,0.1875
1741,3513164,card_addr,0.1875
1741,3456849,card_addr,0.1875
1741,3062620,card_addr,0.1875
1741,3035997,card_addr,0.1875
1741,3300705,card_addr,0.1875
1741,3332453,card_addr,0.1875
1741,3304312,card_addr,0.1875
1741,2988922,card_addr,0.1875
1741,3151744,card_addr,0.1875
1741,3315072,card_addr,0.1875
1741,3570057,card_addr,0.1875
1741,3043734,card_addr,0.1875
1741,3569048,card_addr,0.1875
1741,3252131,card_addr,0.1875
1741,3090369,card_addr,0.1875
1741,3472335,card_addr,0.1875
1741,3514323,card_addr,0.1875
1741,3448790,card_addr,0.1875
1741,3366873,card_addr,0.1875
1741,3301855,card_addr,0.1875
1741,3092455,card_addr,0.1875
1741,3315175,card_addr,0.1875
1741,3024368,card_addr,0.1875
1861,2989059,card_addr,0.7142857142857143
1861,2993929,card_addr,0.7142857142857143
1861,3024111,card_addr,0.7142857142857143
1861,3236688,card_addr,0.7142857142857143
1861,2989080,card_addr,0.7142857142857143
1861,3381819,card_addr,0.7142857142857143
1861,2993949,card_addr,0.7142857142857143
1912,3309184,card_addr,0.1694915254237288
1912,3192580,card_addr,0.1694915254237288
1912,3216393,card_addr,0.1694915254237288
1912,3230474,card_addr,0.1694915254237288
1912,3083149,device,0.1694915254237288
1912,3508238,card_addr,0.1694915254237288
1912,3070354,card_addr,0.1694915254237288
1912,3091987,card_addr,0.1694915254237288
1912,3252760,device,0.1694915254237288
1912,3521050,card_addr,0.1694915254237288
1912,3469466,card_addr,0.1694915254237288
1912,2991645,card_addr+device,0.1694915254237288
1912,3453854,card_addr,0.1694915254237288
1912,3028125,card_addr,0.1694915254237288
1912,2991650,card_addr+device,0.1694915254237288
1912,3174307,card_addr,0.1694915254237288
1912,3520419,card_addr,0.1694915254237288
1912,3422886,card_addr,0.1694915254237288
1912,3520427,card_addr,0.1694915254237288
1912,3340844,card_addr,0.1694915254237288
1912,3192493,card_addr,0.1694915254237288
1912,3252526,card_addr+device,0.1694915254237288
1912,3034286,card_addr,0.1694915254237288
1912,3252529,device,0.1694915254237288
1912,3478706,card_addr,0.1694915254237288
1912,3334199,card_addr,0.1694915254237288
1912,3251127,card_addr,0.1694915254237288
1912,2994745,card_addr+device,0.1694915254237288
1912,2989116,card_addr+device,0.1694915254237288
1912,3034048,card_addr,0.1694915254237288
1912,3178306,card_addr,0.1694915254237288
1912,3410754,card_addr,0.1694915254237288
1912,3480772,card_addr,0.1694915254237288
1912,3084359,card_addr,0.1694915254237288
1912,3086409,card_addr,0.1694915254237288
1912,3406284,card_addr,0.1694915254237288
1912,3140045,card_addr,0.1694915254237288
1912,3410636,card_addr,0.1694915254237288
1912,3520460,card_addr,0.1694915254237288
1912,3096528,card_addr,0.1694915254237288
1912,3285969,card_addr,0.1694915254237288
1912,3225810,card_addr,0.1694915254237288
1912,3265746,card_addr,0.1694915254237288
1912,3570508,card_addr,0.1694915254237288
1912,3433687,card_addr,0.1694915254237288
1912,2994776,card_addr+device,0.1694915254237288
1912,3330011,card_addr,0.1694915254237288
1912,3522013,card_addr,0.1694915254237288
1912,3132641,card_addr,0.1694915254237288
1912,3274341,card_addr,0.1694915254237288
1912,3500269,card_addr,0.1694915254237288
1912,3076974,card_addr,0.1694915254237288
1912,3461487,card_addr,0.1694915254237288
1912,3546993,card_addr,0.1694915254237288
1912,3447413,card_addr,0.1694915254237288
1912,3030645,card_addr,0.1694915254237288
1912,3285367,card_addr,0.1694915254237288
1912,3283192,card_addr,0.1694915254237288
1912,3180410,card_addr,0.1694915254237288
1940,3315586,card_addr,0.1212121212121212
1940,3230211,card_addr,0.1212121212121212
1940,3263108,card_addr,0.1212121212121212
1940,3233287,card_addr,0.1212121212121212
1940,3411465,card_addr,0.1212121212121212
1940,3177610,card_addr,0.1212121212121212
1940,3254539,card_addr,0.1212121212121212
1940,3262731,card_addr,0.1212121212121212
1940,3034257,card_addr,0.1212121212121212
1940,3270295,card_addr,0.1212121212121212
1940,3186460,card_addr,0.1212121212121212
1940,3248672,card_addr,0.1212121212121212
1940,3265965,card_addr,0.1212121212121212
1940,3145136,card_addr,0.1212121212121212
1940,3250355,card_addr,0.1212121212121212
1940,3315511,card_addr,0.1212121212121212
1940,3041596,card_addr,0.1212121212121212
1940,3137859,card_addr,0.1212121212121212
1940,3312963,card_addr,0.1212121212121212
1940,3313092,card_addr,0.1212121212121212
1940,3533137,card_addr,0.1212121212121212
1940,3023570,card_addr,0.1212121212121212
1940,3133395,card_addr,0.1212121212121212
1940,3204052,card_addr,0.1212121212121212
1940,3212114,card_addr,0.1212121212121212
1940,3041498,card_addr,0.1212121212121212
1940,3262555,card_addr,0.1212121212121212
1940,2989148,card_addr,0.1212121212121212
1940,3228638,card_addr,0.1212121212121212
1940,3262814,card_addr,0.1212121212121212
1940,3259491,card_addr,0.1212121212121212
1940,3071851,card_addr,0.1212121212121212
1940,3181303,card_addr,0.1212121212121212
2000,3203840,card_addr,0.1607142857142857
2000,3294329,card_addr,0.1607142857142857
2000,3116675,card_addr,0.1607142857142857
2000,2989316,card_addr,0.1607142857142857
2000,3037700,card_addr,0.1607142857142857
2000,3044742,card_addr,0.1607142857142857
2000,3185157,card_addr,0.1607142857142857
2000,3037704,card_addr,0.1607142857142857
2000,3219721,card_addr,0.1607142857142857
2000,3355268,card_addr,0.1607142857142857
2000,3355272,card_addr,0.1607142857142857
2000,3008140,card_addr,0.1607142857142857
2000,3014797,card_addr,0.1607142857142857
2000,3062284,card_addr,0.1607142857142857
2000,3014927,card_addr,0.1607142857142857
2000,3078926,card_addr,0.1607142857142857
2000,3281548,card_addr,0.1607142857142857
2000,3096082,card_addr,0.1607142857142857
2000,3289617,card_addr,0.1607142857142857
2000,3349517,card_addr,0.1607142857142857
2000,3355279,card_addr,0.1607142857142857
2000,3406092,card_addr,0.1607142857142857
2000,3071388,card_addr,0.1607142857142857
2000,2999324,card_addr,0.1607142857142857
2000,2989213,card_addr,0.1607142857142857
2000,3466026,card_addr,0.1607142857142857
2000,3257647,card_addr,0.1607142857142857
2000,3036080,card_addr,0.1607142857142857
2000,3338673,card_addr,0.1607142857142857
2000,3530800,card_addr,0.1607142857142857
2000,2997171,card_addr,0.1607142857142857
2000,3219260,card_addr,0.1607142857142857
2000,3390657,card_addr,0.1607142857142857
2000,3059395,card_addr,0.1607142857142857
2000,3219269,card_addr,0.1607142857142857
2000,3173067,card_addr,0.1607142857142857
2000,3236300,card_addr,0.1607142857142857
2000,3355340,card_addr,0.1607142857142857
2000,3236302,card_addr,0.1607142857142857
2000,3076559,card_addr,0.1607142857142857
2000,3360338,card_addr,0.1607142857142857
2000,3145043,card_addr,0.1607142857142857
2000,3355347,card_addr,0.1607142857142857
2000,3566037,card_addr,0.1607142857142857
2000,3525850,card_addr,0.1607142857142857
2000,3219291,card_addr,0.1607142857142857
2000,3219295,card_addr,0.1607142857142857
2000,3160035,card_addr,0.1607142857142857
2000,3360139,card_addr,0.1607142857142857
2000,3395555,card_addr,0.1607142857142857
2000,3049833,card_addr,0.1607142857142857
2000,3206890,card_addr,0.1607142857142857
2000,3525865,card_addr,0.1607142857142857
2000,3027833,card_addr,0.1607142857142857
2000,3355261,card_addr,0.1607142857142857
2000,3317759,card_addr,0.1607142857142857
2076,3346564,card_addr,0.75
2076,3021829,card_addr,0.75
2076,3017543,card_addr,0.75
2076,2997419,card_addr,0.75
2076,3028812,card_addr,0.75
2076,3024784,card_addr,0.75
2076,2989302,card_addr,0.75
2076,2990583,card_addr,0.75
2076,3491640,card_addr,0.75
2076,3024119,card_addr,0.75
2076,2989367,card_addr,0.75
2076,3491615,card_addr,0.75
2106,3432321,card_addr,0.40625
2106,3238787,card_addr,0.40625
2106,3496580,card_addr,0.40625
2106,3218567,card_addr,0.40625
2106,3245192,card_addr,0.40625
2106,3238793,card_addr,0.40625
2106,3450377,card_addr,0.40625
2106,3527690,card_addr,0.40625
2106,3010828,card_addr,0.40625
2106,3242518,card_addr,0.40625
2106,3218585,card_addr,0.40625
2106,3217307,card_addr,0.40625
2106,3515163,card_addr,0.40625
2106,2989341,card_addr,0.40625
2106,3344033,card_addr,0.40625
2106,3159843,card_addr,0.40625
2106,3348772,card_addr,0.40625
2106,3557413,card_addr,0.40625
2106,3239846,card_addr,0.40625
2106,3515175,card_addr,0.40625
2106,3245821,card_addr,0.40625
2106,3390506,card_addr,0.40625
2106,3248299,card_addr,0.40625
2106,3447468,card_addr,0.40625
2106,3571246,card_addr,0.40625
2106,3239856,card_addr,0.40625
2106,2989873,card_addr,0.40625
2106,3248177,card_addr,0.40625
2106,3452724,card_addr,0.40625
2106,3554742,card_addr,0.40625
2106,3248312,card_addr,0.40625
2106,3025850,card_addr,0.40625
2106,3143483,card_addr,0.40625
2106,3252284,card_addr,0.40625
2106,3285953,card_addr,0.40625
2106,3151688,card_addr,0.40625
2106,3545546,card_addr,0.40625
2106,3538635,card_addr,0.40625
2106,3237583,card_addr,0.40625
2106,3248208,card_addr,0.40625
2106,3463382,card_addr,0.40625
2106,3098712,card_addr,0.40625
2106,3237337,card_addr,0.40625
2106,3463384,card_addr,0.40625
2106,3145819,card_addr,0.40625
2106,3245790,card_addr,0.40625
2106,3237600,card_addr,0.40625
2106,3237602,card_addr,0.40625
2106,3437924,card_addr,0.40625
2106,3013094,card_addr,0.40625
2106,3218536,card_addr,0.40625
2106,3157226,card_addr,0.40625
2106,3013099,card_addr,0.40625
2106,3031404,card_addr,0.40625
2106,3248237,card_addr,0.40625
2106,3013103,card_addr,0.40625
2106,3237615,card_addr,0.40625
2106,3409392,card_addr,0.40625
2106,3457519,card_addr,0.40625
2106,3014771,card_addr,0.40625
2106,3422836,card_addr,0.40625
2106,3248245,card_addr,0.40625
2106,3240312,card_addr,0.40625
2106,3007869,card_addr,0.40625
2138,3005057,card_addr,0.3148148148148148
2138,3155203,device,0.3148148148148148
2138,3105543,device,0.3148148148148148
2138,3100940,device,0.3148148148148148
2138,3155216,device,0.3148148148148148
2138,3062418,device,0.3148148148148148
2138,3082903,device,0.3148148148148148
2138,3029271,card_addr,0.3148148148148148
2138,3155225,device,0.3148148148148148
2138,3554843,device,0.3148148148148148
2138,3155234,device,0.3148148148148148
2138,3549475,device,0.3148148148148148
2138,2994214,device,0.3148148148148148
2138,3243566,device,0.3148148148148148
2138,3291823,device,0.3148148148148148
2138,3450543,device,0.3148148148148148
2138,3014321,card_addr,0.3148148148148148
2138,3217458,device,0.3148148148148148
2138,3028659,card_addr,0.3148148148148148
2138,3104309,device,0.3148148148148148
2138,2996534,device,0.3148148148148148
2138,3031097,device,0.3148148148148148
2138,3163067,device,0.3148148148148148
2138,2989376,device,0.3148148148148148
2138,2993088,device,0.3148148148148148
2138,3146176,device,0.3148148148148148
2138,3110468,device,0.3148148148148148
2138,3328453,device,0.3148148148148148
2138,3146186,device,0.3148148148148148
2138,3383115,device,0.3148148148148148
2138,3383116,device,0.3148148148148148
2138,3026891,card_addr,0.3148148148148148
2138,3383118,device,0.3148148148148148
2138,3069007,device,0.3148148148148148
2138,3383119,device,0.3148148148148148
2138,3383120,device,0.3148148148148148
2138,3103828,device,0.3148148148148148
2138,3041493,device,0.3148148148148148
2138,3007064,card_addr,0.3148148148148148
2138,3092699,device,0.3148148148148148
2138,3150562,device,0.3148148148148148
2138,3124579,device,0.3148148148148148
2138,3141478,device,0.3148148148148148
2138,3178983,device,0.3148148148148148
2138,3439974,device,0.3148148148148148
2138,3178987,device,0.3148148148148148
2138,3521899,card_addr,0.3148148148148148
2138,3346925,device,0.3148148148148148
2138,3086448,device,0.3148148148148148
2138,3346928,device,0.3148148148148148
2138,3014137,card_addr+device,0.3148148148148148
2138,3005050,card_addr,0.3148148148148148
2138,3153148,device,0.3148148148148148
2138,3095295,device,0.3148148148148148
2145,3049986,card_addr,0.3146067415730337
2145,3325442,card_addr,0.3146067415730337
2145,3453443,card_addr,0.3146067415730337
2145,3201543,card_addr,0.3146067415730337
2145,2996236,card_addr,0.3146067415730337
2145,3534861,card_addr,0.3146067415730337
2145,3231254,card_addr,0.3146067415730337
2145,3480607,card_addr,0.3146067415730337
2145,3480610,card_addr,0.3146067415730337
2145,3480611,card_addr,0.3146067415730337
2145,3506216,card_addr,0.3146067415730337
2145,3480618,card_addr,0.3146067415730337
2145,3339320,card_addr,0.3146067415730337
2145,3274300,card_addr,0.3146067415730337
2145,3211837,card_addr,0.3146067415730337
2145,3507786,card_addr,0.3146067415730337
2145,3487830,card_addr,0.3146067415730337
2145,3402844,card_addr,0.3146067415730337
2145,3402847,card_addr,0.3146067415730337
2145,3402849,card_addr,0.3146067415730337
2145,3402852,card_addr,0.3146067415730337
2145,3476585,card_addr,0.3146067415730337
2145,3165291,card_addr,0.3146067415730337
2145,3402860,card_addr,0.3146067415730337
2145,3402864,card_addr,0.3146067415730337
2145,3239026,card_addr,0.3146067415730337
2145,3507842,device,0.3146067415730337
2145,3567750,card_addr,0.3146067415730337
2145,3366535,card_addr,0.3146067415730337
2145,3407498,card_addr,0.3146067415730337
2145,3366549,card_addr,0.3146067415730337
2145,3081898,card_addr,0.3146067415730337
2145,3055277,card_addr,0.3146067415730337
2145,3574957,card_addr,0.3146067415730337
2145,3518646,card_addr,0.3146067415730337
2145,3402935,card_addr,0.3146067415730337
2145,3399352,card_addr,0.3146067415730337
2145,3247803,card_addr,0.3146067415730337
2145,3212988,card_addr,0.3146067415730337
2145,3531974,card_addr,0.3146067415730337
2145,3394254,card_addr,0.3146067415730337
2145,3042521,card_addr,0.3146067415730337
2145,3214042,card_addr,0.3146067415730337
2145,3330792,card_addr,0.3146067415730337
2145,3397876,card_addr,0.3146067415730337
2145,3261695,card_addr,0.3146067415730337
2145,3494656,card_addr,0.3146067415730337
2145,3321602,card_addr,0.3146067415730337
2145,3196689,card_addr+device,0.3146067415730337
2145,3262226,card_addr,0.3146067415730337
2145,3401496,card_addr,0.3146067415730337
2145,3189047,card_addr,0.3146067415730337
2145,3425080,card_addr,0.3146067415730337
2145,3298616,card_addr,0.3146067415730337
2145,3301688,card_addr,0.3146067415730337
2145,2989383,card_addr,0.3146067415730337
2145,3168073,card_addr,0.3146067415730337
2145,3382604,card_addr,0.3146067415730337
2145,3424076,card_addr,0.3146067415730337
2145,3493196,device,0.3146067415730337
2145,3500378,card_addr,0.3146067415730337
2145,3310940,card_addr,0.3146067415730337
2145,3278183,card_addr,0.3146067415730337
2145,3246441,card_addr,0.3146067415730337
2145,3387754,card_addr,0.3146067415730337
2145,3383148,card_addr,0.3146067415730337
2145,3381624,card_addr,0.3146067415730337
2145,3381629,card_addr,0.3146067415730337
2145,3336063,card_addr,0.3146067415730337
2145,3381633,card_addr,0.3146067415730337
2145,3475853,card_addr,0.3146067415730337
2145,3329939,card_addr,0.3146067415730337
2145,3502998,device,0.3146067415730337
2145,3168162,card_addr,0.3146067415730337
2145,3379618,card_addr,0.3146067415730337
2145,3533731,card_addr,0.3146067415730337
2145,3148201,card_addr,0.3146067415730337
2145,3565498,device,0.3146067415730337
2145,3360187,card_addr,0.3146067415730337
2145,3565506,device,0.3146067415730337
2145,3565513,device,0.3146067415730337
2145,3025366,card_addr,0.3146067415730337
2145,3530199,card_addr,0.3146067415730337
2145,3351009,card_addr,0.3146067415730337
2145,3466723,card_addr,0.3146067415730337
2145,3505635,device,0.3146067415730337
2145,3065339,card_addr,0.3146067415730337
2145,3201533,card_addr,0.3146067415730337
2145,3499007,device,0.3146067415730337
2151,3115845,card_addr,0.1
2151,3417126,card_addr,0.1
2151,3551397,card_addr,0.1
2151,3307816,card_addr,0.1
2151,3046859,card_addr,0.1
2151,2989390,card_addr,0.1
2151,3213685,card_addr,0.1
2151,3374327,card_addr,0.1
2151,3220028,card_addr,0.1
2151,3491807,card_addr,0.1
2178,3427213,card_addr,0.3103448275862069
2178,3138963,card_addr,0.3103448275862069
2178,3082773,card_addr,0.3103448275862069
2178,3544607,card_addr,0.3103448275862069
2178,3160355,card_addr,0.3103448275862069
2178,3493411,card_addr,0.3103448275862069
2178,3133478,card_addr,0.3103448275862069
2178,3524008,card_addr,0.3103448275862069
2178,3061036,card_addr,0.3103448275862069
2178,3497138,card_addr,0.3103448275862069
2178,3330739,card_addr,0.3103448275862069
2178,3330740,card_addr,0.3103448275862069
2178,3330741,card_addr,0.3103448275862069
2178,3330742,card_addr,0.3103448275862069
2178,3330743,card_addr,0.3103448275862069
2178,3330744,card_addr,0.3103448275862069
2178,3008193,card_addr,0.3103448275862069
2178,3237314,card_addr,0.3103448275862069
2178,3550149,card_addr,0.3103448275862069
2178,3178951,card_addr,0.3103448275862069
2178,3091021,card_addr,0.3103448275862069
2178,3566163,card_addr,0.3103448275862069
2178,3370581,card_addr,0.3103448275862069
2178,3479008,card_addr,0.3103448275862069
2178,3309281,card_addr,0.3103448275862069
2178,3229548,card_addr,0.3103448275862069
2178,2989421,card_addr,0.3103448275862069
2178,3258357,card_addr,0.3103448275862069
2178,3164029,card_addr,0.3103448275862069
2181,3207684,card_addr,0.8947368421052632
2181,3207693,card_addr,0.8947368421052632
2181,3211537,card_addr,0.8947368421052632
2181,3207067,card_addr,0.8947368421052632
2181,3207081,card_addr,0.8947368421052632
2181,3000752,card_addr,0.8947368421052632
2181,3213368,card_addr,0.8947368421052632
2181,3212859,card_addr,0.8947368421052632
2181,3206846,card_addr,0.8947368421052632
2181,3212869,card_addr,0.8947368421052632
2181,3210060,card_addr,0.8947368421052632
2181,3213401,card_addr,0.8947368421052632
2181,3210077,card_addr,0.8947368421052632
2181,3215207,card_addr,0.8947368421052632
2181,2989424,card_addr,0.8947368421052632
2181,3211513,card_addr,0.8947368421052632
2181,3215228,card_addr,0.8947368421052632
2181,3245309,card_addr,0.8947368421052632
2181,3157374,card_addr,0.8947368421052632
2274,3151872,card_addr,0.9047619047619048
2274,3163136,card_addr,0.9047619047619048
2274,3104271,card_addr,0.9047619047619048
2274,3024914,card_addr,0.9047619047619048
2274,3020831,card_addr,0.9047619047619048
2274,3144225,card_addr,0.9047619047619048
2274,3053091,card_addr,0.9047619047619048
2274,3126827,card_addr,0.9047619047619048
2274,3197485,card_addr,0.9047619047619048
2274,3151918,card_addr,0.9047619047619048
2274,3162158,card_addr,0.9047619047619048
2274,3197490,card_addr,0.9047619047619048
2274,3069491,card_addr,0.9047619047619048
2274,3116083,card_addr,0.9047619047619048
2274,3197494,card_addr,0.9047619047619048
2274,3020858,card_addr,0.9047619047619048
2274,3334716,card_addr,0.9047619047619048
2274,3197503,card_addr,0.9047619047619048
2274,3158599,card_addr,0.9047619047619048
2274,3163722,card_addr,0.9047619047619048
2274,3126863,card_addr,0.9047619047619048
2274,3080272,card_addr,0.9047619047619048
2274,3069523,card_addr,0.9047619047619048
2274,3190868,card_addr,0.9047619047619048
2274,3017301,card_addr,0.9047619047619048
2274,3163751,card_addr,0.9047619047619048
2274,3007612,card_addr,0.9047619047619048
2274,3191933,card_addr,0.9047619047619048
2274,3069570,card_addr,0.9047619047619048
2274,3163784,card_addr,0.9047619047619048
2274,3100809,card_addr,0.9047619047619048
2274,3080331,card_addr,0.9047619047619048
2274,3199637,card_addr,0.9047619047619048
2274,3182742,card_addr,0.9047619047619048
2274,3027109,card_addr,0.9047619047619048
2274,3199668,card_addr,0.9047619047619048
2274,3116213,card_addr,0.9047619047619048
2274,3199683,card_addr,0.9047619047619048
2274,3013343,card_addr,0.9047619047619048
2274,3208415,card_addr,0.9047619047619048
2274,3333351,card_addr,0.9047619047619048
2274,3148018,card_addr,0.9047619047619048
2274,3165951,card_addr,0.9047619047619048
2274,3200260,card_addr,0.9047619047619048
2274,3113739,card_addr,0.9047619047619048
2274,3165963,card_addr,0.9047619047619048
2274,3124494,card_addr,0.9047619047619048
2274,3153166,card_addr,0.9047619047619048
2274,3278606,card_addr,0.9047619047619048
2274,3116312,card_addr,0.9047619047619048
2274,3149087,card_addr,0.9047619047619048
2274,3153188,card_addr,0.9047619047619048
2274,3199292,card_addr,0.9047619047619048
2274,3080000,card_addr,0.9047619047619048
2274,3183937,card_addr,0.9047619047619048
2274,3060047,card_addr,0.9047619047619048
2274,3116374,card_addr,0.9047619047619048
2274,3108695,card_addr,0.9047619047619048
2274,3152734,card_addr,0.9047619047619048
2274,3147109,card_addr,0.9047619047619048
2274,3166569,card_addr,0.9047619047619048
2274,3199338,card_addr,0.9047619047619048
2274,3233653,card_addr,0.9047619047619048
2274,3486582,card_addr,0.9047619047619048
2274,3166583,card_addr,0.9047619047619048
2274,3054986,card_addr,0.9047619047619048
2274,3115914,card_addr,0.9047619047619048
2274,3113875,card_addr,0.9047619047619048
2274,3163049,card_addr,0.9047619047619048
2274,3124662,card_addr,0.9047619047619048
2274,3155386,card_addr,0.9047619047619048
2274,3147197,card_addr,0.9047619047619048
2274,3151812,card_addr,0.9047619047619048
2274,3021775,card_addr,0.9047619047619048
2274,3020768,card_addr,0.9047619047619048
2274,3244512,card_addr,0.9047619047619048
2274,3116515,card_addr,0.9047619047619048
2274,3068900,card_addr,0.9047619047619048
2274,2989542,card_addr,0.9047619047619048
2274,3121642,card_addr,0.9047619047619048
2274,3116022,card_addr,0.9047619047619048
2274,3008503,card_addr,0.9047619047619048
2274,3277814,card_addr,0.9047619047619048
2274,3020795,card_addr,0.9047619047619048
2341,3495904,card_addr,0.0714285714285714
2341,3415265,card_addr,0.0714285714285714
2341,3345637,card_addr,0.0714285714285714
2341,3162342,card_addr,0.0714285714285714
2341,3050730,card_addr,0.0714285714285714
2341,3306956,card_addr,0.0714285714285714
2341,3074129,card_addr,0.0714285714285714
2341,2989618,card_addr,0.0714285714285714
2341,3378450,card_addr,0.0714285714285714
2341,3426387,card_addr,0.0714285714285714
2341,2989621,card_addr,0.0714285714285714
2341,3422875,card_addr,0.0714285714285714
2341,3400541,card_addr,0.0714285714285714
2341,3502110,card_addr,0.0714285714285714
2350,3065606,card_addr,0.2413793103448276
2350,3028231,card_addr,0.2413793103448276
2350,3007376,card_addr,0.2413793103448276
2350,3462032,card_addr,0.2413793103448276
2350,3462037,card_addr,0.2413793103448276
2350,3025434,card_addr,0.2413793103448276
2350,3112475,card_addr,0.2413793103448276
2350,3080475,card_addr,0.2413793103448276
2350,3383197,card_addr,0.2413793103448276
2350,3025693,card_addr,0.2413793103448276
2350,3461280,card_addr,0.2413793103448276
2350,3010469,card_addr,0.2413793103448276
2350,3043365,card_addr,0.2413793103448276
2350,3099559,card_addr,0.2413793103448276
2350,3465513,card_addr,0.2413793103448276
2350,3457450,card_addr,0.2413793103448276
2350,3497399,card_addr,0.2413793103448276
2350,3476408,card_addr,0.2413793103448276
2350,3497655,card_addr,0.2413793103448276
2350,2989628,card_addr,0.2413793103448276
2350,3426885,card_addr,0.2413793103448276
2350,3520206,card_addr,0.2413793103448276
2350,3461327,card_addr,0.2413793103448276
2350,3461978,card_addr,0.2413793103448276
2350,3463136,card_addr,0.2413793103448276
2350,3312357,card_addr,0.2413793103448276
2350,3564006,card_addr,0.2413793103448276
2350,3143145,card_addr,0.2413793103448276
2350,3545338,card_addr,0.2413793103448276
2367,3345411,card_addr,0.1047619047619047
2367,3302915,card_addr,0.1047619047619047
2367,3204613,card_addr,0.1047619047619047
2367,3281419,card_addr,0.1047619047619047
2367,3258892,card_addr,0.1047619047619047
2367,3296270,card_addr,0.1047619047619047
2367,3359759,card_addr,0.1047619047619047
2367,3048468,card_addr,0.1047619047619047
2367,3362838,card_addr,0.1047619047619047
2367,3014167,card_addr,0.1047619047619047
2367,3335707,card_addr,0.1047619047619047
2367,3132959,card_addr,0.1047619047619047
2367,3362848,card_addr,0.1047619047619047
2367,3429924,card_addr,0.1047619047619047
2367,3250213,card_addr,0.1047619047619047
2367,3216937,card_addr,0.1047619047619047
2367,3330092,card_addr,0.1047619047619047
2367,3130924,card_addr,0.1047619047619047
2367,3218480,card_addr,0.1047619047619047
2367,3101746,card_addr,0.1047619047619047
2367,3516979,card_addr,0.1047619047619047
2367,3456563,card_addr,0.1047619047619047
2367,3085877,card_addr,0.1047619047619047
2367,3021367,card_addr,0.1047619047619047
2367,3323453,card_addr,0.1047619047619047
2367,3492413,card_addr,0.1047619047619047
2367,3103301,card_addr+device,0.1047619047619047
2367,3436104,card_addr,0.1047619047619047
2367,3182665,card_addr,0.1047619047619047
2367,3236425,card_addr,0.1047619047619047
2367,3436109,card_addr,0.1047619047619047
2367,3490894,card_addr,0.1047619047619047
2367,2989649,card_addr,0.1047619047619047
2367,3162705,card_addr,0.1047619047619047
2367,3523159,card_addr,0.1047619047619047
2367,3165274,card_addr,0.1047619047619047
2367,3036251,card_addr+device,0.1047619047619047
2367,3419234,card_addr,0.1047619047619047
2367,3184231,card_addr,0.1047619047619047
2367,3107945,card_addr,0.1047619047619047
2367,3508848,card_addr,0.1047619047619047
2367,2992754,card_addr,0.1047619047619047
2367,3457139,card_addr,0.1047619047619047
2367,3156087,card_addr,0.1047619047619047
2367,3508858,card_addr,0.1047619047619047
2367,3481213,card_addr,0.1047619047619047
2367,3112584,card_addr,0.1047619047619047
2367,3413132,card_addr,0.1047619047619047
2367,3342480,card_addr,0.1047619047619047
2367,3374737,card_addr,0.1047619047619047
2367,3130514,card_addr,0.1047619047619047
2367,3544728,card_addr,0.1047619047619047
2367,3188377,card_addr,0.1047619047619047
2367,3480217,card_addr,0.1047619047619047
2367,3021464,card_addr,0.1047619047619047
2367,3021468,card_addr,0.1047619047619047
2367,3334815,card_addr,0.1047619047619047
2367,3266211,card_addr,0.1047619047619047
2367,3384996,card_addr,0.1047619047619047
2367,3163301,card_addr,0.1047619047619047
2367,3255974,card_addr,0.1047619047619047
2367,3379880,card_addr,0.1047619047619047
2367,3379882,card_addr,0.1047619047619047
2367,3385003,card_addr,0.1047619047619047
2367,2990766,card_addr,0.1047619047619047
2367,3430576,card_addr,0.1047619047619047
2367,3208370,card_addr,0.1047619047619047
2367,3201717,card_addr,0.1047619047619047
2367,3235517,card_addr,0.1047619047619047
2367,3408062,card_addr,0.1047619047619047
2367,3335366,card_addr,0.1047619047619047
2367,3157704,card_addr,0.1047619047619047
2367,3200712,card_addr,0.1047619047619047
2367,3479247,card_addr,0.1047619047619047
2367,3059407,card_addr+device,0.1047619047619047
2367,3190481,card_addr,0.1047619047619047
2367,3221715,card_addr,0.1047619047619047
2367,3499731,card_addr,0.1047619047619047
2367,3365886,card_addr,0.1047619047619047
2367,3518167,card_addr,0.1047619047619047
2367,3035351,card_addr,0.1047619047619047
2367,3283673,card_addr,0.1047619047619047
2367,3097309,card_addr,0.1047619047619047
2367,3321055,card_addr,0.1047619047619047
2367,3363561,card_addr,0.1047619047619047
2367,3494634,card_addr,0.1047619047619047
2367,3536620,card_addr,0.1047619047619047
2367,3242733,card_addr,0.1047619047619047
2367,3568365,card_addr,0.1047619047619047
2367,3109616,card_addr,0.1047619047619047
2367,3221745,card_addr,0.1047619047619047
2367,3217139,card_addr,0.1047619047619047
2367,2990838,card_addr,0.1047619047619047
2367,3564279,card_addr,0.1047619047619047
2367,3188986,card_addr,0.1047619047619047
2367,3093244,card_addr,0.1047619047619047
2367,3478271,card_addr,0.1047619047619047
2367,3269889,card_addr,0.1047619047619047
2367,3069698,card_addr,0.1047619047619047
2367,3208451,device,0.1047619047619047
2367,3143428,card_addr,0.1047619047619047
2367,3068165,card_addr,0.1047619047619047
2367,3020038,card_addr,0.1047619047619047
2367,3138309,card_addr,0.1047619047619047
2367,3052293,card_addr,0.1047619047619047
2367,3415317,card_addr,0.1047619047619047
2367,3300118,card_addr,0.1047619047619047
2367,3084567,card_addr,0.1047619047619047
2367,3063064,card_addr,0.1047619047619047
2367,3023129,device,0.1047619047619047
2367,3304218,card_addr,0.1047619047619047
2367,3422486,card_addr,0.1047619047619047
2367,3530006,card_addr,0.1047619047619047
2367,3152151,card_addr,0.1047619047619047
2367,3037982,card_addr,0.1047619047619047
2367,3057945,card_addr,0.1047619047619047
2367,3339548,card_addr,0.1047619047619047
2367,3143969,card_addr,0.1047619047619047
2367,2997538,card_addr,0.1047619047619047
2367,3210529,card_addr,0.1047619047619047
2367,3057957,card_addr,0.1047619047619047
2367,3092262,card_addr+device,0.1047619047619047
2367,3469095,card_addr,0.1047619047619047
2367,3499816,card_addr,0.1047619047619047
2367,3517224,card_addr,0.1047619047619047
2367,3548974,card_addr,0.1047619047619047
2367,3203375,card_addr,0.1047619047619047
2367,3511092,card_addr,0.1047619047619047
2367,3309369,card_addr,0.1047619047619047
2367,3294013,card_addr,0.1047619047619047
2367,3174205,card_addr,0.1047619047619047
2367,3309887,card_addr,0.1047619047619047
2367,3278657,card_addr,0.1047619047619047
2367,3488579,card_addr,0.1047619047619047
2367,3320135,card_addr,0.1047619047619047
2367,3361109,card_addr,0.1047619047619047
2367,3202393,card_addr,0.1047619047619047
2367,3341145,card_addr,0.1047619047619047
2367,3180377,card_addr,0.1047619047619047
2367,3242332,card_addr,0.1047619047619047
2367,3014495,card_addr,0.1047619047619047
2367,3035487,card_addr,0.1047619047619047
2367,3391846,card_addr,0.1047619047619047
2367,3407723,card_addr,0.1047619047619047
2367,3304811,card_addr,0.1047619047619047
2367,3012980,card_addr,0.1047619047619047
2367,3495796,card_addr,0.1047619047619047
2367,3516797,card_addr,0.1047619047619047
2367,3163522,card_addr,0.1047619047619047
2367,3565442,card_addr,0.1047619047619047
2367,3383174,card_addr,0.1047619047619047
2367,3451783,card_addr,0.1047619047619047
2367,3213191,card_addr,0.1047619047619047
2367,3272582,card_addr,0.1047619047619047
2367,3043721,card_addr,0.1047619047619047
2367,3450769,card_addr,0.1047619047619047
2367,3310483,card_addr,0.1047619047619047
2367,3209108,card_addr,0.1047619047619047
2367,3092374,card_addr+device,0.1047619047619047
2367,3272600,card_addr,0.1047619047619047
2367,3065242,card_addr,0.1047619047619047
2367,3405211,card_addr,0.1047619047619047
2367,3499418,card_addr,0.1047619047619047
2367,3574173,card_addr,0.1047619047619047
2367,3164063,card_addr,0.1047619047619047
2367,3348385,card_addr,0.1047619047619047
2367,3530149,card_addr,0.1047619047619047
2367,3098024,card_addr,0.1047619047619047
2367,3180458,card_addr,0.1047619047619047
2367,3372465,card_addr,0.1047619047619047
2367,3272628,card_addr,0.1047619047619047
2367,3238325,card_addr,0.1047619047619047
2367,3007925,card_addr,0.1047619047619047
2367,3178936,card_addr,0.1047619047619047
2367,3325882,card_addr,0.1047619047619047
2367,3184574,card_addr,0.1047619047619047
2367,3296190,card_addr,0.1047619047619047
2367,3162561,card_addr,0.1047619047619047
2367,3296195,card_addr,0.1047619047619047
2367,3064774,card_addr+device,0.1047619047619047
2367,3532231,card_addr,0.1047619047619047
2367,3271111,card_addr,0.1047619047619047
2367,3187658,card_addr,0.1047619047619047
2367,3479502,card_addr,0.1047619047619047
2367,3369935,card_addr,0.1047619047619047
2367,3368912,card_addr,0.1047619047619047
2367,3399630,card_addr,0.1047619047619047
2367,3507667,card_addr,0.1047619047619047
2367,3488723,card_addr,0.1047619047619047
2367,3368918,card_addr,0.1047619047619047
2367,3507673,card_addr,0.1047619047619047
2367,3152346,card_addr,0.1047619047619047
2367,3458011,card_addr,0.1047619047619047
2367,3144671,card_addr,0.1047619047619047
2367,3381218,card_addr,0.1047619047619047
2367,3358691,card_addr,0.1047619047619047
2367,3188706,device,0.1047619047619047
2367,3410405,card_addr,0.1047619047619047
2367,3416552,card_addr,0.1047619047619047
2367,3153385,card_addr,0.1047619047619047
2367,3194858,card_addr,0.1047619047619047
2367,3296232,card_addr,0.1047619047619047
2367,3042798,card_addr,0.1047619047619047
2367,3532271,card_addr,0.1047619047619047
2367,3452400,card_addr,0.1047619047619047
2367,3410417,card_addr,0.1047619047619047
2367,3112947,card_addr+device,0.1047619047619047
2367,3005428,card_addr,0.1047619047619047
2367,3149822,card_addr,0.1047619047619047
2367,3296255,card_addr,0.1047619047619047
2377,3536774,card_addr,0.1034482758620689
2377,3197448,card_addr,0.1034482758620689
2377,3148171,card_addr,0.1034482758620689
2377,3084692,card_addr,0.1034482758620689
2377,3099414,card_addr,0.1034482758620689
2377,3019296,card_addr,0.1034482758620689
2377,3574692,card_addr,0.1034482758620689
2377,3304101,card_addr,0.1034482758620689
2377,3055146,card_addr,0.1034482758620689
2377,3189676,card_addr,0.1034482758620689
2377,3475006,card_addr,0.1034482758620689
2377,3153856,card_addr,0.1034482758620689
2377,3373760,card_addr,0.1034482758620689
2377,3373761,card_addr,0.1034482758620689
2377,3373767,card_addr,0.1034482758620689
2377,3280968,card_addr,0.1034482758620689
2377,3126091,card_addr,0.1034482758620689
2377,3226315,card_addr,0.1034482758620689
2377,3083471,card_addr,0.1034482758620689
2377,3166929,card_addr,0.1034482758620689
2377,3226326,card_addr,0.1034482758620689
2377,3110743,card_addr,0.1034482758620689
2377,3060699,card_addr,0.1034482758620689
2377,2989662,card_addr,0.1034482758620689
2377,3286495,card_addr,0.1034482758620689
2377,3526241,card_addr,0.1034482758620689
2377,3117155,card_addr,0.1034482758620689
2377,3207151,card_addr,0.1034482758620689
2377,3054961,card_addr,0.1034482758620689
2381,3020290,card_addr,0.0886075949367088
2381,3319302,card_addr,0.0886075949367088
2381,3411982,card_addr,0.0886075949367088
2381,3236383,card_addr,0.0886075949367088
2381,3058722,device,0.0886075949367088
2381,3003954,card_addr,0.0886075949367088
2381,3080244,card_addr,0.0886075949367088
2381,3510837,card_addr,0.0886075949367088
2381,3021890,card_addr,0.0886075949367088
2381,3469901,card_addr,0.0886075949367088
2381,3016270,card_addr,0.0886075949367088
2381,3146835,card_addr,0.0886075949367088
2381,3023960,card_addr,0.0886075949367088
2381,3290204,card_addr,0.0886075949367088
2381,2989666,card_addr,0.0886075949367088
2381,3072612,card_addr,0.0886075949367088
2381,3145830,card_addr,0.0886075949367088
2381,3111020,card_addr,0.0886075949367088
2381,2995309,card_addr,0.0886075949367088
2381,3093625,card_addr,0.0886075949367088
2381,3171450,card_addr,0.0886075949367088
2381,3388540,card_addr,0.0886075949367088
2381,3010196,card_addr,0.0886075949367088
2381,3103904,card_addr,0.0886075949367088
2381,3505312,card_addr,0.0886075949367088
2381,3256485,card_addr,0.0886075949367088
2381,3084455,card_addr,0.0886075949367088
2381,3505323,card_addr,0.0886075949367088
2381,3232940,card_addr,0.0886075949367088
2381,3032749,card_addr,0.0886075949367088
2381,3520686,card_addr,0.0886075949367088
2381,3467963,card_addr,0.0886075949367088
2381,3391677,card_addr,0.0886075949367088
2381,3151040,card_addr,0.0886075949367088
2381,3002563,device,0.0886075949367088
2381,3064013,card_addr,0.0886075949367088
2381,3023053,card_addr+device,0.0886075949367088
2381,3307740,card_addr,0.0886075949367088
2381,3453678,card_addr,0.0886075949367088
2381,3176189,card_addr,0.0886075949367088
2381,3108098,card_addr,0.0886075949367088
2381,3255554,card_addr,0.0886075949367088
2381,3235078,card_addr,0.0886075949367088
2381,3427590,card_addr,0.0886075949367088
2381,3358474,card_addr,0.0886075949367088
2381,3563796,card_addr,0.0886075949367088
2381,3399462,card_addr,0.0886075949367088
2381,3548967,card_addr,0.0886075949367088
2381,3432753,card_addr,0.0886075949367088
2381,3450676,card_addr,0.0886075949367088
2381,3346232,card_addr,0.0886075949367088
2381,3072836,card_addr,0.0886075949367088
2381,3038024,card_addr,0.0886075949367088
2381,3072841,card_addr,0.0886075949367088
2381,3072846,card_addr,0.0886075949367088
2381,3038034,card_addr,0.0886075949367088
2381,3136342,card_addr,0.0886075949367088
2381,3355993,card_addr,0.0886075949367088
2381,3537257,card_addr,0.0886075949367088
2381,3289593,card_addr,0.0886075949367088
2381,3219336,card_addr,0.0886075949367088
2381,3011985,card_addr,0.0886075949367088
2381,3561363,card_addr,0.0886075949367088
2381,3504533,card_addr,0.0886075949367088
2381,3021728,card_addr,0.0886075949367088
2381,3420076,card_addr,0.0886075949367088
2381,3142573,card_addr,0.0886075949367088
2381,3329973,card_addr,0.0886075949367088
2381,3041209,card_addr,0.0886075949367088
2381,3209155,card_addr,0.0886075949367088
2381,3544007,card_addr,0.0886075949367088
2381,3346897,card_addr,0.0886075949367088
2381,3348437,card_addr,0.0886075949367088
2381,3171304,card_addr,0.0886075949367088
2381,3219435,card_addr,0.0886075949367088
2381,3344881,card_addr,0.0886075949367088
2381,3050485,card_addr,0.0886075949367088
2381,3190777,card_addr+device,0.0886075949367088
2381,3021823,card_addr,0.0886075949367088
2522,3313434,card_addr,0.3333333333333333
2522,2989820,card_addr,0.3333333333333333
2522,3108335,card_addr,0.3333333333333333
2540,3258880,device,0.074074074074074
2540,3258881,device,0.074074074074074
2540,3403777,device,0.074074074074074
2540,3258884,device,0.074074074074074
2540,3258906,device,0.074074074074074
2540,3258907,device,0.074074074074074
2540,3162144,device,0.074074074074074
2540,3537454,device,0.074074074074074
2540,3543607,device,0.074074074074074
2540,3567159,device,0.074074074074074
2540,3106380,device,0.074074074074074
2540,3320414,device,0.074074074074074
2540,3299941,device,0.074074074074074
2540,3462251,device,0.074074074074074
2540,3258990,device,0.074074074074074
2540,3258999,device,0.074074074074074
2540,2993286,device,0.074074074074074
2540,3168908,device,0.074074074074074
2540,3269261,device,0.074074074074074
2540,3331212,device,0.074074074074074
2540,3091087,device,0.074074074074074
2540,3270298,device,0.074074074074074
2540,3436699,device,0.074074074074074
2540,3449500,device,0.074074074074074
2540,3449504,device,0.074074074074074
2540,3550881,device,0.074074074074074
2540,3449510,device,0.074074074074074
2540,3449518,device,0.074074074074074
2540,3173564,device,0.074074074074074
2540,3226311,device,0.074074074074074
2540,3163338,device,0.074074074074074
2540,3429591,device,0.074074074074074
2540,3299035,device,0.074074074074074
2540,3492584,device,0.074074074074074
2540,3543277,device,0.074074074074074
2540,3127024,device,0.074074074074074
2540,3044095,device,0.074074074074074
2540,3273487,device,0.074074074074074
2540,2989840,device,0.074074074074074
2540,3337490,device,0.074074074074074
2540,3338514,device,0.074074074074074
2540,3186964,device,0.074074074074074
2540,3252504,device,0.074074074074074
2540,2999587,device,0.074074074074074
2540,3259177,device,0.074074074074074
2540,3259179,device,0.074074074074074
2540,3259181,device,0.074074074074074
2540,3220795,device,0.074074074074074
2540,3450175,device,0.074074074074074
2540,3245395,device,0.074074074074074
2540,3421013,device,0.074074074074074
2540,3427669,device,0.074074074074074
2540,3427671,device,0.074074074074074
2540,3427672,device,0.074074074074074
2540,3450710,device,0.074074074074074
2540,3259232,device,0.074074074074074
2540,3427680,device,0.074074074074074
2540,3259239,device,0.074074074074074
2540,3259242,device,0.074074074074074
2540,3259245,device,0.074074074074074
2540,3216239,device,0.074074074074074
2540,3076982,device,0.074074074074074
2540,3544955,device,0.074074074074074
2540,3024251,device,0.074074074074074
2540,3237758,device,0.074074074074074
2540,3171201,device,0.074074074074074
2540,3229058,device,0.074074074074074
2540,3421593,device,0.074074074074074
2540,3218332,device,0.074074074074074
2540,3334562,device,0.074074074074074
2540,3270057,device,0.074074074074074
2540,3334572,device,0.074074074074074
2540,3135436,device,0.074074074074074
2540,3317715,device,0.074074074074074
2540,3380701,device,0.074074074074074
2540,3166692,device,0.074074074074074
2540,3551205,device,0.074074074074074
2540,3551212,device,0.074074074074074
2540,3074543,device,0.074074074074074
2540,3551217,device,0.074074074074074
2540,3466745,device,0.074074074074074
2561,3015301,card_addr,0.5555555555555556
2561,3492520,card_addr,0.5555555555555556
2561,3217226,card_addr,0.5555555555555556
2561,2989867,card_addr,0.5555555555555556
2561,3073708,card_addr,0.5555555555555556
2561,3490730,card_addr,0.5555555555555556
2561,3308499,card_addr,0.5555555555555556
2561,3409139,card_addr,0.5555555555555556
2561,3129277,card_addr,0.5555555555555556
2566,3047777,card_addr,0.1111111111111111
2566,3037955,card_addr,0.1111111111111111
2566,3375748,card_addr,0.1111111111111111
2566,3491941,card_addr,0.1111111111111111
2566,3571557,card_addr,0.1111111111111111
2566,3083849,card_addr,0.1111111111111111
2566,3281964,card_addr,0.1111111111111111
2566,3408877,card_addr,0.1111111111111111
2566,3562029,card_addr,0.1111111111111111
2566,3288783,card_addr,0.1111111111111111
2566,3516343,card_addr,0.1111111111111111
2566,3464210,card_addr,0.1111111111111111
2566,3288787,card_addr,0.1111111111111111
2566,2989877,card_addr,0.1111111111111111
2566,3019062,card_addr,0.1111111111111111
2566,3223317,card_addr,0.1111111111111111
2566,3323673,card_addr,0.1111111111111111
2566,3130939,card_addr,0.1111111111111111
2667,3413761,card_addr,0.3448275862068966
2667,3005060,card_addr,0.3448275862068966
2667,3326605,card_addr,0.3448275862068966
2667,3482621,card_addr,0.3448275862068966
2667,3461666,card_addr,0.3448275862068966
2667,2989993,card_addr,0.3448275862068966
2667,3404203,card_addr,0.3448275862068966
2667,3361454,card_addr,0.3448275862068966
2667,3414706,card_addr,0.3448275862068966
2667,3452083,card_addr,0.3448275862068966
2667,3414712,card_addr,0.3448275862068966
2667,3435710,card_addr,0.3448275862068966
2667,3435713,card_addr,0.3448275862068966
2667,3435715,card_addr,0.3448275862068966
2667,3462346,card_addr,0.3448275862068966
2667,3219147,card_addr,0.3448275862068966
2667,3279069,card_addr,0.3448275862068966
2667,3096286,card_addr,0.3448275862068966
2667,3408609,card_addr,0.3448275862068966
2667,3156450,card_addr,0.3448275862068966
2667,3244773,card_addr,0.3448275862068966
2667,3208935,card_addr,0.3448275862068966
2667,3570920,card_addr,0.3448275862068966
2667,3413740,card_addr,0.3448275862068966
2667,3109869,card_addr,0.3448275862068966
2667,3042418,card_addr,0.3448275862068966
2667,3169784,card_addr,0.3448275862068966
2667,3540857,card_addr,0.3448275862068966
2667,3419645,card_addr,0.3448275862068966
2700,3233290,card_addr,0.0941176470588235
2700,3425290,card_addr,0.0941176470588235
2700,3229712,card_addr,0.0941176470588235
2700,3331615,card_addr,0.0941176470588235
2700,3228206,card_addr,0.0941176470588235
2700,3501617,card_addr,0.0941176470588235
2700,3309107,card_addr,0.0941176470588235
2700,3308094,card_addr,0.0941176470588235
2700,3043909,card_addr,0.0941176470588235
2700,3217992,card_addr,0.0941176470588235
2700,3382344,card_addr,0.0941176470588235
2700,3144267,card_addr,0.0941176470588235
2700,3171403,card_addr,0.0941176470588235
2700,3410510,card_addr,0.0941176470588235
2700,3426384,card_addr,0.0941176470588235
2700,3223122,card_addr,0.0941176470588235
2700,3127894,card_addr,0.0941176470588235
2700,3127901,card_addr,0.0941176470588235
2700,3226213,card_addr,0.0941176470588235
2700,2995314,card_addr,0.0941176470588235
2700,3031161,card_addr,0.0941176470588235
2700,3432570,card_addr,0.0941176470588235
2700,3137659,card_addr,0.0941176470588235
2700,3136643,card_addr,0.0941176470588235
2700,3311236,card_addr,0.0941176470588235
2700,3437187,card_addr,0.0941176470588235
2700,3530372,card_addr,0.0941176470588235
2700,3445385,card_addr,0.0941176470588235
2700,2995341,card_addr,0.0941176470588235
2700,3408016,card_addr,0.0941176470588235
2700,3034259,card_addr,0.0941176470588235
2700,2995365,card_addr,0.0941176470588235
2700,3316395,card_addr,0.0941176470588235
2700,3034285,card_addr,0.0941176470588235
2700,3353775,card_addr,0.0941176470588235
2700,3411636,card_addr,0.0941176470588235
2700,3162304,card_addr,0.0941176470588235
2700,2991307,card_addr,0.0941176470588235
2700,3141329,card_addr,0.0941176470588235
2700,3304657,card_addr,0.0941176470588235
2700,3245788,card_addr,0.0941176470588235
2700,3266284,card_addr,0.0941176470588235
2700,3308270,card_addr,0.0941176470588235
2700,3312884,card_addr,0.0941176470588235
2700,3157758,card_addr,0.0941176470588235
2700,3277571,card_addr,0.0941176470588235
2700,3411732,card_addr,0.0941176470588235
2700,3101468,card_addr,0.0941176470588235
2700,3340578,card_addr,0.0941176470588235
2700,3232556,card_addr,0.0941176470588235
2700,3241261,card_addr,0.0941176470588235
2700,3218224,card_addr,0.0941176470588235
2700,3063604,card_addr,0.0941176470588235
2700,3040569,card_addr,0.0941176470588235
2700,3387708,card_addr,0.0941176470588235
2700,3416395,card_addr,0.0941176470588235
2700,3222348,card_addr,0.0941176470588235
2700,2997592,card_addr,0.0941176470588235
2700,2991467,card_addr,0.0941176470588235
2700,3421035,card_addr,0.0941176470588235
2700,3160431,card_addr,0.0941176470588235
2700,3343220,card_addr,0.0941176470588235
2700,3502971,card_addr,0.0941176470588235
2700,3273599,card_addr,0.0941176470588235
2700,3240864,card_addr,0.0941176470588235
2700,3370401,card_addr,0.0941176470588235
2700,3324322,card_addr,0.0941176470588235
2700,3489190,card_addr,0.0941176470588235
2700,3251624,card_addr,0.0941176470588235
2700,3370416,card_addr,0.0941176470588235
2700,3301297,card_addr,0.0941176470588235
2700,3131826,card_addr,0.0941176470588235
2700,3079096,card_addr,0.0941176470588235
2700,3007933,card_addr,0.0941176470588235
2700,3062719,card_addr,0.0941176470588235
2700,3349964,card_addr,0.0941176470588235
2700,2990029,card_addr,0.0941176470588235
2700,3128790,card_addr,0.0941176470588235
2700,3324383,card_addr,0.0941176470588235
2700,3316193,card_addr,0.0941176470588235
2700,3474918,card_addr,0.0941176470588235
2700,3001831,card_addr,0.0941176470588235
2700,3474920,card_addr,0.0941176470588235
2700,3001852,card_addr,0.0941176470588235
2700,3493375,card_addr,0.0941176470588235
2772,3425153,device,0.0769230769230769
2772,3563778,device,0.0769230769230769
2772,3242628,device,0.0769230769230769
2772,3447173,device,0.0769230769230769
2772,3242631,device,0.0769230769230769
2772,3445127,device,0.0769230769230769
2772,3310350,device,0.0769230769230769
2772,3365395,device,0.0769230769230769
2772,3514645,device,0.0769230769230769
2772,3080088,device,0.0769230769230769
2772,2990111,device,0.0769230769230769
2772,3242405,device,0.0769230769230769
2772,3406117,device,0.0769230769230769
2772,3563815,device,0.0769230769230769
2772,3489832,device,0.0769230769230769
2772,3030442,device,0.0769230769230769
2772,3406122,device,0.0769230769230769
2772,3278509,device,0.0769230769230769
2772,3373106,device,0.0769230769230769
2772,3385907,device,0.0769230769230769
2772,3007796,card_addr+device,0.0769230769230769
2772,3277492,device,0.0769230769230769
2772,3274167,device,0.0769230769230769
2772,3373112,device,0.0769230769230769
2772,3229113,device,0.0769230769230769
2772,3385912,device,0.0769230769230769
2772,3135803,device,0.0769230769230769
2772,3385915,device,0.0769230769230769
2772,3429307,device,0.0769230769230769
2772,3385918,device,0.0769230769230769
2772,3205186,device,0.0769230769230769
2772,3390276,device,0.0769230769230769
2772,3145039,device,0.0769230769230769
2772,3371860,device,0.0769230769230769
2772,3000030,device,0.0769230769230769
2772,3274207,device,0.0769230769230769
2772,3179745,device,0.0769230769230769
2772,3337698,device,0.0769230769230769
2772,3386083,device,0.0769230769230769
2772,3014497,card_addr,0.0769230769230769
2772,3015398,card_addr,0.0769230769230769
2772,3396967,device,0.0769230769230769
2772,3385960,device,0.0769230769230769
2772,3348586,device,0.0769230769230769
2772,3240684,device,0.0769230769230769
2772,3120880,device,0.0769230769230769
2772,3314162,device,0.0769230769230769
2772,3118579,device,0.0769230769230769
2772,3052277,device,0.0769230769230769
2772,3240695,device,0.0769230769230769
2772,3434105,device,0.0769230769230769
2772,3445116,device,0.0769230769230769
2792,3254145,card_addr,0.1111111111111111
2792,3012996,card_addr,0.1111111111111111
2792,3254149,card_addr,0.1111111111111111
2792,3257316,card_addr,0.1111111111111111
2792,3130183,card_addr,0.1111111111111111
2792,3032071,card_addr,0.1111111111111111
2792,3433936,card_addr,0.1111111111111111
2792,3031891,card_addr,0.1111111111111111
2792,2990136,card_addr,0.1111111111111111
2827,3176898,card_addr,0.2
2827,2990179,card_addr,0.2
2827,3152646,card_addr,0.2
2827,3121798,card_addr,0.2
2827,3323784,card_addr,0.2
2827,3499305,card_addr,0.2
2827,3575243,card_addr,0.2
2827,3029549,card_addr,0.2
2827,3575246,card_addr,0.2
2827,3452753,card_addr,0.2
2827,3575250,card_addr,0.2
2827,3216149,card_addr,0.2
2827,3106263,card_addr,0.2
2827,3219290,card_addr,0.2
2827,3295071,card_addr,0.2
2829,3504896,card_addr,0.3529411764705882
2829,3477058,card_addr,0.3529411764705882
2829,3257603,card_addr,0.3529411764705882
2829,3195364,card_addr,0.3529411764705882
2829,2990181,card_addr,0.3529411764705882
2829,3323619,card_addr,0.3529411764705882
2829,3086408,card_addr,0.3529411764705882
2829,3195368,card_addr,0.3529411764705882
2829,3003596,card_addr,0.3529411764705882
2829,3152685,card_addr,0.3529411764705882
2829,3409292,card_addr,0.3529411764705882
2829,3566988,card_addr,0.3529411764705882
2829,2999349,card_addr,0.3529411764705882
2829,2996246,card_addr,0.3529411764705882
2829,3573141,card_addr,0.3529411764705882
2829,3479770,card_addr,0.3529411764705882
2829,3565499,card_addr,0.3529411764705882
2839,2990200,card_addr,0.6666666666666666
2839,2990196,card_addr,0.6666666666666666
2839,3564613,card_addr,0.6666666666666666
2843,3523197,card_addr,0.2923076923076923
2843,3357318,card_addr,0.2923076923076923
2843,3457030,card_addr,0.2923076923076923
2843,3350668,card_addr,0.2923076923076923
2843,3501197,card_addr,0.2923076923076923
2843,3327247,card_addr,0.2923076923076923
2843,3328788,card_addr,0.2923076923076923
2843,3037845,card_addr,0.2923076923076923
2843,3184149,card_addr,0.2923076923076923
2843,3457045,card_addr,0.2923076923076923
2843,3181466,card_addr,0.2923076923076923
2843,3354266,card_addr,0.2923076923076923
2843,3517596,card_addr,0.2923076923076923
2843,3306397,card_addr,0.2923076923076923
2843,3290269,card_addr,0.2923076923076923
2843,3181086,card_addr,0.2923076923076923
2843,3181344,card_addr,0.2923076923076923
2843,3318815,card_addr,0.2923076923076923
2843,3391389,card_addr,0.2923076923076923
2843,3331363,card_addr,0.2923076923076923
2843,3348387,card_addr,0.2923076923076923
2843,3261605,card_addr,0.2923076923076923
2843,3330429,card_addr,0.2923076923076923
2843,3459874,card_addr,0.2923076923076923
2843,3325096,card_addr,0.2923076923076923
2843,3524906,card_addr,0.2923076923076923
2843,3475755,card_addr,0.2923076923076923
2843,3213996,card_addr,0.2923076923076923
2843,3567919,card_addr,0.2923076923076923
2843,3534384,card_addr,0.2923076923076923
2843,3319218,card_addr,0.2923076923076923
2843,3478450,card_addr,0.2923076923076923
2843,3429812,card_addr,0.2923076923076923
2843,3429814,card_addr,0.2923076923076923
2843,3479096,card_addr,0.2923076923076923
2843,3329978,card_addr,0.2923076923076923
2843,2998843,card_addr,0.2923076923076923
2843,3205309,card_addr,0.2923076923076923
2843,3357053,card_addr,0.2923076923076923
2843,3506749,card_addr,0.2923076923076923
2843,3522882,card_addr,0.2923076923076923
2843,3332163,card_addr,0.2923076923076923
2843,3517516,card_addr,0.2923076923076923
2843,3515853,card_addr,0.2923076923076923
2843,3454674,card_addr,0.2923076923076923
2843,3464018,card_addr,0.2923076923076923
2843,3508182,card_addr,0.2923076923076923
2843,3332055,card_addr,0.2923076923076923
2843,3257048,card_addr,0.2923076923076923
2843,3188184,card_addr,0.2923076923076923
2843,3437145,card_addr,0.2923076923076923
2843,3522902,card_addr,0.2923076923076923
2843,3245277,card_addr,0.2923076923076923
2843,3347422,card_addr,0.2923076923076923
2843,3517534,card_addr,0.2923076923076923
2843,3403877,card_addr,0.2923076923076923
2843,3431525,card_addr,0.2923076923076923
2843,3132775,card_addr,0.2923076923076923
2843,3465579,card_addr,0.2923076923076923
2843,3518060,card_addr,0.2923076923076923
2843,3330418,card_addr,0.2923076923076923
2843,3316724,card_addr,0.2923076923076923
2843,3455995,card_addr,0.2923076923076923
2843,3183484,card_addr,0.2923076923076923
2843,2990205,card_addr,0.2923076923076923
2853,3110917,card_addr,0.1056910569105691
2853,3491335,card_addr,0.1056910569105691
2853,3136017,card_addr,0.1056910569105691
2853,3443221,card_addr,0.1056910569105691
2853,3452949,card_addr,0.1056910569105691
2853,3168801,card_addr,0.1056910569105691
2853,3379746,card_addr,0.1056910569105691
2853,3386915,card_addr,0.1056910569105691
2853,3047976,card_addr,0.1056910569105691
2853,3234345,card_addr,0.1056910569105691
2853,3499563,card_addr,0.1056910569105691
2853,3099182,device,0.1056910569105691
2853,3269169,card_addr,0.1056910569105691
2853,3536436,card_addr,0.1056910569105691
2853,3571764,card_addr,0.1056910569105691
2853,3331650,card_addr,0.1056910569105691
2853,3569748,card_addr,0.1056910569105691
2853,3295831,card_addr,0.1056910569105691
2853,3479639,card_addr,0.1056910569105691
2853,3097182,card_addr,0.1056910569105691
2853,3455072,card_addr,0.1056910569105691
2853,3390562,card_addr,0.1056910569105691
2853,3248234,card_addr,0.1056910569105691
2853,3520624,card_addr,0.1056910569105691
2853,3201141,card_addr,0.1056910569105691
2853,3269238,card_addr,0.1056910569105691
2853,3347574,card_addr,0.1056910569105691
2853,3553398,card_addr,0.1056910569105691
2853,3083905,card_addr,0.1056910569105691
2853,3542148,device,0.1056910569105691
2853,3196549,card_addr,0.1056910569105691
2853,3414662,card_addr,0.1056910569105691
2853,2990215,card_addr,0.1056910569105691
2853,3427464,card_addr,0.1056910569105691
2853,3285647,card_addr,0.1056910569105691
2853,3542159,device,0.1056910569105691
2853,3369621,card_addr,0.1056910569105691
2853,3090586,device,0.1056910569105691
2853,3347613,card_addr,0.1056910569105691
2853,3309217,card_addr,0.1056910569105691
2853,3542182,device,0.1056910569105691
2853,3015849,device,0.1056910569105691
2853,3542186,device,0.1056910569105691
2853,3401388,card_addr,0.1056910569105691
2853,3542189,device,0.1056910569105691
2853,3472046,card_addr,0.1056910569105691
2853,3012786,card_addr,0.1056910569105691
2853,3272883,card_addr,0.1056910569105691
2853,3542194,device,0.1056910569105691
2853,3542203,device,0.1056910569105691
2853,3347644,card_addr,0.1056910569105691
2853,3038401,card_addr,0.1056910569105691
2853,3542210,device,0.1056910569105691
2853,3252419,card_addr,0.1056910569105691
2853,3477188,card_addr,0.1056910569105691
2853,3090633,device,0.1056910569105691
2853,3348684,card_addr,0.1056910569105691
2853,3249870,card_addr,0.1056910569105691
2853,3048142,card_addr,0.1056910569105691
2853,3482324,card_addr,0.1056910569105691
2853,3317976,card_addr,0.1056910569105691
2853,3471064,card_addr,0.1056910569105691
2853,3445989,card_addr,0.1056910569105691
2853,3201254,card_addr,0.1056910569105691
2853,3116776,card_addr,0.1056910569105691
2853,3031288,card_addr,0.1056910569105691
2853,3064064,device,0.1056910569105691
2853,3047682,card_addr+device,0.1056910569105691
2853,3267344,card_addr,0.1056910569105691
2853,3281168,card_addr,0.1056910569105691
2853,3220246,card_addr,0.1056910569105691
2853,3436313,card_addr,0.1056910569105691
2853,3049244,card_addr,0.1056910569105691
2853,3315487,card_addr,0.1056910569105691
2853,3480865,card_addr,0.1056910569105691
2853,3159841,card_addr,0.1056910569105691
2853,3192099,card_addr,0.1056910569105691
2853,3333925,card_addr,0.1056910569105691
2853,3287334,card_addr,0.1056910569105691
2853,3299625,card_addr,0.1056910569105691
2853,3364146,card_addr,0.1056910569105691
2853,3152185,card_addr,0.1056910569105691
2853,3507002,card_addr,0.1056910569105691
2853,3469630,card_addr,0.1056910569105691
2853,3258689,card_addr,0.1056910569105691
2853,3387203,card_addr,0.1056910569105691
2853,3384138,card_addr,0.1056910569105691
2853,3107327,card_addr+device,0.1056910569105691
2853,3253584,card_addr,0.1056910569105691
2853,3348305,card_addr,0.1056910569105691
2853,3183955,card_addr,0.1056910569105691
2853,3560287,card_addr,0.1056910569105691
2853,3408225,card_addr,0.1056910569105691
2853,3363169,card_addr,0.1056910569105691
2853,3469670,card_addr,0.1056910569105691
2853,3539310,device,0.1056910569105691
2853,3394431,card_addr,0.1056910569105691
2853,3177856,card_addr,0.1056910569105691
2853,3187077,card_addr,0.1056910569105691
2853,3271565,card_addr,0.1056910569105691
2853,3477908,card_addr,0.1056910569105691
2853,3177877,card_addr,0.1056910569105691
2853,3336091,card_addr,0.1056910569105691
2853,3514787,card_addr,0.1056910569105691
2853,3507110,card_addr,0.1056910569105691
2853,3540396,card_addr,0.1056910569105691
2853,3026863,card_addr,0.1056910569105691
2853,3365807,card_addr,0.1056910569105691
2853,3246512,card_addr,0.1056910569105691
2853,3423664,card_addr,0.1056910569105691
2853,3084723,card_addr,0.1056910569105691
2853,3413440,card_addr,0.1056910569105691
2853,3397056,card_addr,0.1056910569105691
2853,3175899,card_addr,0.1056910569105691
2853,3175916,card_addr,0.1056910569105691
2853,3312621,card_addr,0.1056910569105691
2853,3553262,card_addr,0.1056910569105691
2853,3265010,card_addr,0.1056910569105691
2853,3268083,card_addr,0.1056910569105691
2853,3325940,card_addr,0.1056910569105691
2853,3107315,device,0.1056910569105691
2853,3491319,card_addr,0.1056910569105691
2853,3063807,card_addr,0.1056910569105691
2865,3082563,card_addr,0.1428571428571428
2865,3434628,card_addr,0.1428571428571428
2865,3082567,card_addr,0.1428571428571428
2865,3082576,card_addr,0.1428571428571428
2865,2990229,card_addr,0.1428571428571428
2865,3363448,card_addr,0.1428571428571428
2865,3434553,card_addr,0.1428571428571428
2897,3272161,card_addr,0.1666666666666666
2897,3343111,card_addr,0.1666666666666666
2897,3343101,card_addr,0.1666666666666666
2897,3450703,card_addr,0.1666666666666666
2897,3449779,card_addr,0.1666666666666666
2897,3342964,card_addr,0.1666666666666666
2897,3450708,card_addr,0.1666666666666666
2897,2990264,card_addr,0.1666666666666666
2897,3087932,card_addr,0.1666666666666666
2897,3297949,card_addr,0.1666666666666666
2897,3483262,card_addr,0.1666666666666666
2897,3394943,card_addr,0.1666666666666666
3225,3377536,card_addr,0.1666666666666666
3225,3065221,card_addr,0.1666666666666666
3225,3566087,card_addr,0.1666666666666666
3225,3060748,card_addr,0.1666666666666666
3225,3040783,card_addr,0.1666666666666666
3225,3003285,card_addr,0.1666666666666666
3225,3562652,card_addr,0.1666666666666666
3225,3553057,card_addr,0.1666666666666666
3225,3381672,card_addr,0.1666666666666666
3225,3061803,card_addr,0.1666666666666666
3225,3055413,card_addr,0.1666666666666666
3225,3107512,card_addr,0.1666666666666666
3225,3502392,card_addr,0.1666666666666666
3225,3095741,card_addr,0.1666666666666666
3225,2990656,card_addr,0.1666666666666666
3225,3051073,card_addr,0.1666666666666666
3225,3354946,card_addr,0.1666666666666666
3225,3514948,card_addr,0.1666666666666666
3225,3547976,card_addr,0.1666666666666666
3225,3068746,card_addr,0.1666666666666666
3225,3117645,card_addr,0.1666666666666666
3225,3496917,card_addr,0.1666666666666666
3225,3473373,card_addr,0.1666666666666666
3225,3080030,card_addr,0.1666666666666666
3225,3075807,card_addr,0.1666666666666666
3225,3426529,card_addr,0.1666666666666666
3225,3426530,card_addr,0.1666666666666666
3225,3550819,card_addr,0.1666666666666666
3225,3562854,card_addr,0.1666666666666666
3225,3550442,card_addr,0.1666666666666666
3225,3459180,card_addr,0.1666666666666666
3225,3554797,card_addr,0.1666666666666666
3225,3445751,card_addr,0.1666666666666666
3225,3523192,card_addr,0.1666666666666666
3225,3534969,card_addr,0.1666666666666666
3225,3216255,card_addr,0.1666666666666666
3409,3154119,card_addr,1.0
3409,3252557,card_addr,1.0
3409,2990870,card_addr,1.0
3409,3214775,card_addr,1.0
3409,2990874,card_addr,1.0
3414,3019205,card_addr,1.0
3414,3002386,card_addr,1.0
3414,3008882,card_addr,1.0
3414,2998613,card_addr,1.0
3414,2990876,card_addr,1.0
3414,2991519,card_addr,1.0
3418,3120523,card_addr,0.625
3418,3047312,card_addr,0.625
3418,3123856,card_addr,0.625
3418,3447827,card_addr,0.625
3418,3004694,card_addr,0.625
3418,3447448,card_addr,0.625
3418,2990881,card_addr,0.625
3418,2990907,card_addr,0.625
3418,3104957,card_addr,0.625
3418,3121737,card_addr,0.625
3418,3496395,card_addr,0.625
3418,3091158,card_addr,0.625
3418,2995416,card_addr,0.625
3418,3120473,card_addr,0.625
3418,3423740,card_addr,0.625
3418,2997990,card_addr,0.625
3418,3022056,card_addr,0.625
3418,3006445,card_addr,0.625
3418,3038064,card_addr,0.625
3418,2998003,card_addr,0.625
3418,3002100,card_addr,0.625
3418,3489396,card_addr,0.625
3418,3123833,card_addr,0.625
3418,3038076,card_addr,0.625
3434,3211713,card_addr,0.125
3434,3386726,card_addr,0.125
3434,3168092,card_addr,0.125
3434,3211304,card_addr,0.125
3434,3269767,card_addr,0.125
3434,3488585,card_addr,0.125
3434,3189998,card_addr,0.125
3434,3510478,card_addr,0.125
3434,3510448,card_addr,0.125
3434,3209170,card_addr,0.125
3434,3410866,card_addr,0.125
3434,3432306,card_addr,0.125
3434,2990901,card_addr,0.125
3434,3469109,card_addr,0.125
3434,3324985,card_addr,0.125
3434,3055996,card_addr,0.125
3442,3122304,card_addr,0.0789473684210526
3442,3039106,card_addr,0.0789473684210526
3442,3277315,card_addr,0.0789473684210526
3442,3411978,card_addr,0.0789473684210526
3442,3572239,card_addr,0.0789473684210526
3442,3010320,card_addr,0.0789473684210526
3442,3560595,card_addr,0.0789473684210526
3442,3308820,card_addr,0.0789473684210526
3442,3571091,card_addr,0.0789473684210526
3442,3572250,card_addr,0.0789473684210526
3442,3039131,card_addr,0.0789473684210526
3442,3010468,card_addr,0.0789473684210526
3442,3572261,card_addr,0.0789473684210526
3442,3519284,card_addr,0.0789473684210526
3442,3425335,card_addr,0.0789473684210526
3442,3042367,card_addr,0.0789473684210526
3442,3011903,card_addr,0.0789473684210526
3442,3425472,card_addr,0.0789473684210526
3442,2990914,card_addr,0.0789473684210526
3442,3375684,card_addr,0.0789473684210526
3442,3464388,card_addr,0.0789473684210526
3442,3006797,card_addr,0.0789473684210526
3442,3112269,card_addr,0.0789473684210526
3442,3522385,card_addr,0.0789473684210526
3442,3017299,card_addr,0.0789473684210526
3442,3095637,card_addr,0.0789473684210526
3442,3198043,card_addr,0.0789473684210526
3442,3003230,card_addr,0.0789473684210526
3442,3171936,card_addr,0.0789473684210526
3442,3040737,card_addr,0.0789473684210526
3442,3431521,card_addr,0.0789473684210526
3442,3492070,card_addr,0.0789473684210526
3442,3375604,card_addr,0.0789473684210526
3442,3573751,card_addr,0.0789473684210526
3442,3528699,card_addr,0.0789473684210526
3442,3528700,card_addr,0.0789473684210526
3442,3122302,card_addr,0.0789473684210526
3442,3275135,card_addr,0.0789473684210526
3459,3416705,card_addr,0.0909090909090909
3459,3197989,card_addr,0.0909090909090909
3459,3038662,card_addr,0.0909090909090909
3459,3571397,card_addr,0.0909090909090909
3459,3309226,card_addr,0.0909090909090909
3459,3052371,card_addr,0.0909090909090909
3459,3287252,card_addr,0.0909090909090909
3459,2990934,card_addr,0.0909090909090909
3459,3018583,card_addr,0.0909090909090909
3459,3422552,card_addr,0.0909090909090909
3459,3174525,card_addr,0.0909090909090909
3504,3199488,card_addr,0.0869565217391304
3504,3361282,card_addr,0.0869565217391304
3504,3238277,card_addr,0.0869565217391304
3504,3283078,card_addr,0.0869565217391304
3504,3392646,card_addr,0.0869565217391304
3504,3566218,card_addr,0.0869565217391304
3504,3540364,card_addr,0.0869565217391304
3504,2990991,card_addr,0.0869565217391304
3504,3516177,card_addr,0.0869565217391304
3504,3131284,card_addr,0.0869565217391304
3504,3476501,card_addr,0.0869565217391304
3504,3235608,card_addr,0.0869565217391304
3504,3183385,card_addr,0.0869565217391304
3504,3222170,card_addr,0.0869565217391304
3504,3009435,card_addr,0.0869565217391304
3504,3544091,card_addr,0.0869565217391304
3504,3511197,card_addr,0.0869565217391304
3504,3555360,card_addr,0.0869565217391304
3504,3495842,card_addr,0.0869565217391304
3504,3214883,card_addr,0.0869565217391304
3504,3382051,card_addr,0.0869565217391304
3504,3402277,card_addr,0.0869565217391304
3504,3402278,card_addr,0.0869565217391304
3504,3573413,card_addr,0.0869565217391304
3504,3138216,card_addr,0.0869565217391304
3504,3282731,card_addr,0.0869565217391304
3504,3131314,card_addr,0.0869565217391304
3504,3203890,card_addr,0.0869565217391304
3504,3404082,card_addr,0.0869565217391304
3504,3133493,card_addr,0.0869565217391304
3504,3202104,card_addr,0.0869565217391304
3504,3331512,card_addr,0.0869565217391304
3504,3125562,card_addr,0.0869565217391304
3504,3421115,card_addr,0.0869565217391304
3504,3523131,card_addr,0.0869565217391304
3504,3555387,card_addr,0.0869565217391304
3504,3357502,card_addr,0.0869565217391304
3504,3408191,card_addr,0.0869565217391304
3504,3499455,card_addr,0.0869565217391304
3504,3181249,card_addr,0.0869565217391304
3504,3099202,card_addr,0.0869565217391304
3504,3304258,card_addr,0.0869565217391304
3504,3373128,card_addr,0.0869565217391304
3504,3493704,card_addr,0.0869565217391304
3504,3434572,card_addr,0.0869565217391304
3504,3352909,card_addr,0.0869565217391304
3504,3240014,card_addr,0.0869565217391304
3504,3495630,card_addr,0.0869565217391304
3504,3155152,card_addr,0.0869565217391304
3504,3115857,card_addr,0.0869565217391304
3504,3315410,card_addr,0.0869565217391304
3504,3535188,card_addr,0.0869565217391304
3504,3240022,card_addr,0.0869565217391304
3504,3451863,card_addr,0.0869565217391304
3504,3240063,card_addr,0.0869565217391304
3504,3215194,card_addr,0.0869565217391304
3504,3200349,card_addr,0.0869565217391304
3504,3440863,card_addr,0.0869565217391304
3504,3454822,card_addr,0.0869565217391304
3504,3221608,card_addr,0.0869565217391304
3504,3438442,card_addr,0.0869565217391304
3504,3096303,card_addr,0.0869565217391304
3504,3195631,card_addr,0.0869565217391304
3504,3442032,card_addr,0.0869565217391304
3504,3359992,card_addr,0.0869565217391304
3504,3417209,card_addr,0.0869565217391304
3504,3198844,card_addr,0.0869565217391304
3504,3489277,card_addr,0.0869565217391304
3504,2993279,card_addr,0.0869565217391304
3505,3189121,device,0.0714285714285714
3505,3479434,card_addr,0.0714285714285714
3505,2990992,card_addr+device,0.0714285714285714
3505,3088273,card_addr,0.0714285714285714
3505,3393966,card_addr,0.0714285714285714
3505,3467697,device,0.0714285714285714
3505,3456565,card_addr+device,0.0714285714285714
3505,3456571,device,0.0714285714285714
3505,2996540,card_addr,0.0714285714285714
3505,3456579,device,0.0714285714285714
3505,3137094,device,0.0714285714285714
3505,3020103,card_addr,0.0714285714285714
3505,3319247,device,0.0714285714285714
3505,3558355,device,0.0714285714285714
3505,3089761,device,0.0714285714285714
3505,3395179,card_addr,0.0714285714285714
3505,3394158,card_addr,0.0714285714285714
3505,3491823,device,0.0714285714285714
3505,3394032,card_addr,0.0714285714285714
3505,3015538,card_addr+device,0.0714285714285714
3505,3029746,device,0.0714285714285714
3505,3056116,device,0.0714285714285714
3505,3107445,device,0.0714285714285714
3505,3125622,device,0.0714285714285714
3505,3430262,device,0.0714285714285714
3505,3457142,device,0.0714285714285714
3505,3457145,card_addr+device,0.0714285714285714
3505,3249790,device,0.0714285714285714
3524,3078656,card_addr,0.1290322580645161
3524,3129217,card_addr,0.1290322580645161
3524,2999429,card_addr,0.1290322580645161
3524,3188616,card_addr,0.1290322580645161
3524,3358346,card_addr,0.1290322580645161
3524,3047948,card_addr,0.1290322580645161
3524,3480972,card_addr,0.1290322580645161
3524,3186450,card_addr,0.1290322580645161
3524,3358357,card_addr,0.1290322580645161
3524,3358371,card_addr,0.1290322580645161
3524,3055908,card_addr,0.1290322580645161
3524,2991015,card_addr,0.1290322580645161
3524,3008167,card_addr,0.1290322580645161
3524,3481641,card_addr,0.1290322580645161
3524,3248427,card_addr,0.1290322580645161
3524,3468023,card_addr,0.1290322580645161
3524,3047343,card_addr,0.1290322580645161
3524,3102002,card_addr,0.1290322580645161
3524,3123642,card_addr,0.1290322580645161
3524,3006013,card_addr,0.1290322580645161
3524,3344960,card_addr,0.1290322580645161
3524,3559372,card_addr,0.1290322580645161
3524,3286351,card_addr,0.1290322580645161
3524,3518288,card_addr,0.1290322580645161
3524,3342557,card_addr,0.1290322580645161
3524,3081060,card_addr,0.1290322580645161
3524,3004009,card_addr,0.1290322580645161
3524,3431541,card_addr,0.1290322580645161
3524,3065206,card_addr,0.1290322580645161
3524,3442679,card_addr,0.1290322580645161
3524,2995323,card_addr,0.1290322580645161
3619,3568004,card_addr,0.1212121212121212
3619,3101196,card_addr,0.1212121212121212
3619,3144332,card_addr,0.1212121212121212
3619,3485333,card_addr,0.1212121212121212
3619,2991126,card_addr,0.1212121212121212
3619,3108503,card_addr,0.1212121212121212
3619,3037207,card_addr,0.1212121212121212
3619,3448477,card_addr,0.1212121212121212
3619,3132318,card_addr,0.1212121212121212
3619,3525420,card_addr,0.1212121212121212
3619,3445167,card_addr,0.1212121212121212
3619,3154867,card_addr,0.1212121212121212
3619,3199030,card_addr,0.1212121212121212
3619,3389369,card_addr,0.1212121212121212
3619,3072186,card_addr,0.1212121212121212
3619,3447546,card_addr,0.1212121212121212
3619,3012671,card_addr,0.1212121212121212
3619,3041984,card_addr,0.1212121212121212
3619,3254464,card_addr,0.1212121212121212
3619,3451461,card_addr,0.1212121212121212
3619,3242572,card_addr,0.1212121212121212
3619,3093069,card_addr,0.1212121212121212
3619,3134797,card_addr,0.1212121212121212
3619,3449551,card_addr,0.1212121212121212
3619,3262033,card_addr,0.1212121212121212
3619,3168728,card_addr,0.1212121212121212
3619,3447645,card_addr,0.1212121212121212
3619,3043051,card_addr,0.1212121212121212
3619,3063277,card_addr,0.1212121212121212
3619,3144303,card_addr,0.1212121212121212
3619,3031410,card_addr,0.1212121212121212
3619,3207928,card_addr,0.1212121212121212
3619,3128314,card_addr,0.1212121212121212
3644,3353601,card_addr,0.1428571428571428
3644,3002826,card_addr,0.1428571428571428
3644,3346385,card_addr,0.1428571428571428
3644,3280370,card_addr,0.1428571428571428
3644,3361522,card_addr,0.1428571428571428
3644,2991156,card_addr,0.1428571428571428
3644,3002554,card_addr,0.1428571428571428
3703,3051521,card_addr,0.3235294117647059
3703,3122951,card_addr,0.3235294117647059
3703,3205385,card_addr,0.3235294117647059
3703,3300873,card_addr,0.3235294117647059
3703,3426315,card_addr,0.3235294117647059
3703,3450761,card_addr,0.3235294117647059
3703,3240717,card_addr,0.3235294117647059
3703,3426318,card_addr,0.3235294117647059
3703,3538441,card_addr,0.3235294117647059
3703,3492881,card_addr,0.3235294117647059
3703,3242131,card_addr,0.3235294117647059
3703,3426328,card_addr,0.3235294117647059
3703,3468187,card_addr,0.3235294117647059
3703,3146654,card_addr,0.3235294117647059
3703,3312937,card_addr,0.3235294117647059
3703,3468202,card_addr,0.3235294117647059
3703,3468841,card_addr,0.3235294117647059
3703,3426348,card_addr,0.3235294117647059
3703,3064622,card_addr,0.3235294117647059
3703,3355829,card_addr,0.3235294117647059
3703,3181494,card_addr,0.3235294117647059
3703,3041473,card_addr,0.3235294117647059
3703,3268422,card_addr,0.3235294117647059
3703,3135945,card_addr,0.3235294117647059
3703,3352147,card_addr,0.3235294117647059
3703,3232087,card_addr,0.3235294117647059
3703,3344093,card_addr,0.3235294117647059
3703,3561823,card_addr,0.3235294117647059
3703,3164650,card_addr,0.3235294117647059
3703,3332717,card_addr,0.3235294117647059
3703,3352045,card_addr,0.3235294117647059
3703,3230448,card_addr,0.3235294117647059
3703,3448307,card_addr,0.3235294117647059
3703,2991229,card_addr,0.3235294117647059
3738,3385345,card_addr,1.0
3738,3424132,card_addr,1.0
3738,3042567,card_addr,1.0
3738,3199770,card_addr,1.0
3738,3221274,card_addr,1.0
3738,2991270,card_addr,1.0
3738,3110318,card_addr,1.0
3738,3437629,card_addr,1.0
3738,3013698,card_addr,1.0
3738,3236933,card_addr,1.0
3738,3258183,card_addr,1.0
3738,3051348,card_addr,1.0
3738,3175772,card_addr,1.0
3738,3133153,card_addr,1.0
3738,3470950,card_addr,1.0
3738,3181929,card_addr,1.0
3738,3312748,card_addr,1.0
3738,3307507,card_addr,1.0
3738,3437817,card_addr,1.0
3738,3495419,card_addr,1.0
3761,3091712,card_addr,0.1111111111111111
3761,3472096,card_addr,0.1111111111111111
3761,3539425,card_addr,0.1111111111111111
3761,3008259,card_addr,0.1111111111111111
3761,3468966,card_addr,0.1111111111111111
3761,3366472,card_addr,0.1111111111111111
3761,3082890,card_addr,0.1111111111111111
3761,3255851,card_addr,0.1111111111111111
3761,3119340,card_addr,0.1111111111111111
3761,3292045,card_addr,0.1111111111111111
3761,3337580,card_addr,0.1111111111111111
3761,3366574,card_addr,0.1111111111111111
3761,3113200,card_addr,0.1111111111111111
3761,3470030,card_addr,0.1111111111111111
3761,3085906,card_addr,0.1111111111111111
3761,3027828,card_addr,0.1111111111111111
3761,3205398,card_addr,0.1111111111111111
3761,2991295,card_addr,0.1111111111111111
3899,3031041,card_addr+device,0.1736526946107784
3899,3141635,device,0.1736526946107784
3899,3522051,device,0.1736526946107784
3899,3487764,device,0.1736526946107784
3899,3215892,device,0.1736526946107784
3899,3378199,card_addr,0.1736526946107784
3899,3403291,device,0.1736526946107784
3899,3142174,device,0.1736526946107784
3899,3015200,card_addr+device,0.1736526946107784
3899,3080225,device,0.1736526946107784
3899,3114529,device,0.1736526946107784
3899,3114531,device,0.1736526946107784
3899,3447331,device,0.1736526946107784
3899,3114534,device,0.1736526946107784
3899,3142182,device,0.1736526946107784
3899,3035176,card_addr,0.1736526946107784
3899,3216425,card_addr,0.1736526946107784
3899,3045935,device,0.1736526946107784
3899,3012657,card_addr,0.1736526946107784
3899,3413044,card_addr,0.1736526946107784
3899,3567163,card_addr,0.1736526946107784
3899,3445821,device,0.1736526946107784
3899,3008582,card_addr,0.1736526946107784
3899,3017799,card_addr,0.1736526946107784
3899,3144270,device,0.1736526946107784
3899,3144271,device,0.1736526946107784
3899,3355214,device,0.1736526946107784
3899,3144276,device,0.1736526946107784
3899,3144283,device,0.1736526946107784
3899,3244128,device,0.1736526946107784
3899,3142241,device,0.1736526946107784
3899,3144293,device,0.1736526946107784
3899,3069544,device,0.1736526946107784
3899,3514474,card_addr,0.1736526946107784
3899,3230319,card_addr,0.1736526946107784
3899,3122800,device,0.1736526946107784
3899,3029105,card_addr,0.1736526946107784
3899,3144311,device,0.1736526946107784
3899,3072632,device,0.1736526946107784
3899,3494009,device,0.1736526946107784
3899,3499639,device,0.1736526946107784
3899,3015292,card_addr,0.1736526946107784
3899,3012223,card_addr,0.1736526946107784
3899,3317376,device,0.1736526946107784
3899,3120257,device,0.1736526946107784
3899,3037826,device,0.1736526946107784
3899,3414147,device,0.1736526946107784
3899,3366532,device,0.1736526946107784
3899,3342470,device,0.1736526946107784
3899,3144327,device,0.1736526946107784
3899,3138185,device,0.1736526946107784
3899,3366541,device,0.1736526946107784
3899,3144335,device,0.1736526946107784
3899,3008143,card_addr,0.1736526946107784
3899,3456145,device,0.1736526946107784
3899,3058838,device,0.1736526946107784
3899,3016351,card_addr+device,0.1736526946107784
3899,3354271,card_addr,0.1736526946107784
3899,3268261,device,0.1736526946107784
3899,3456167,device,0.1736526946107784
3899,3017385,card_addr,0.1736526946107784
3899,3028650,card_addr,0.1736526946107784
3899,3394736,device,0.1736526946107784
3899,3212977,device,0.1736526946107784
3899,3032242,card_addr,0.1736526946107784
3899,3534518,device,0.1736526946107784
3899,3029688,card_addr,0.1736526946107784
3899,3283128,device,0.1736526946107784
3899,3056827,device,0.1736526946107784
3899,3033791,card_addr,0.1736526946107784
3899,3499712,device,0.1736526946107784
3899,3545795,device,0.1736526946107784
3899,3545798,device,0.1736526946107784
3899,3131079,device,0.1736526946107784
3899,3545802,device,0.1736526946107784
3899,3545807,device,0.1736526946107784
3899,3015377,card_addr,0.1736526946107784
3899,3162322,device,0.1736526946107784
3899,3004117,card_addr+device,0.1736526946107784
3899,3113688,card_addr,0.1736526946107784
3899,3306201,card_addr,0.1736526946107784
3899,3364574,device,0.1736526946107784
3899,3485918,device,0.1736526946107784
3899,3485921,device,0.1736526946107784
3899,3032802,card_addr,0.1736526946107784
3899,3545825,device,0.1736526946107784
3899,3545828,device,0.1736526946107784
3899,3226345,device,0.1736526946107784
3899,3545849,device,0.1736526946107784
3899,3083005,device,0.1736526946107784
3899,3272959,device,0.1736526946107784
3899,3035395,card_addr,0.1736526946107784
3899,3087622,device,0.1736526946107784
3899,3072265,device,0.1736526946107784
3899,3287826,device,0.1736526946107784
3899,3377939,device,0.1736526946107784
3899,3063060,device,0.1736526946107784
3899,3028247,card_addr,0.1736526946107784
3899,3548960,device,0.1736526946107784
3899,3215652,card_addr+device,0.1736526946107784
3899,3443493,device,0.1736526946107784
3899,3548965,device,0.1736526946107784
3899,3526439,device,0.1736526946107784
3899,3262762,device,0.1736526946107784
3899,3273005,device,0.1736526946107784
3899,3004209,card_addr,0.1736526946107784
3899,3011380,card_addr,0.1736526946107784
3899,3075894,card_addr+device,0.1736526946107784
3899,3271481,device,0.1736526946107784
3899,3012932,card_addr,0.1736526946107784
3899,3017030,card_addr,0.1736526946107784
3899,3334471,device,0.1736526946107784
3899,3388742,device,0.1736526946107784
3899,3088737,device,0.1736526946107784
3899,3519841,device,0.1736526946107784
3899,3166053,device,0.1736526946107784
3899,3272699,device,0.1736526946107784
3899,2991464,device,0.1736526946107784
3899,3519849,device,0.1736526946107784
3899,3269483,device,0.1736526946107784
3899,3037039,card_addr,0.1736526946107784
3899,3132273,card_addr+device,0.1736526946107784
3899,3136885,device,0.1736526946107784
3899,3003769,card_addr,0.1736526946107784
3899,3009407,card_addr,0.1736526946107784
3899,3377540,device,0.1736526946107784
3899,3560328,device,0.1736526946107784
3899,3193739,card_addr,0.1736526946107784
3899,3377547,device,0.1736526946107784
3899,3377550,device,0.1736526946107784
3899,3418008,card_addr,0.1736526946107784
3899,3034015,device,0.1736526946107784
3899,3021218,card_addr,0.1736526946107784
3899,3152292,device,0.1736526946107784
3899,3525028,device,0.1736526946107784
3899,3525037,device,0.1736526946107784
3899,3231662,device,0.1736526946107784
3899,3231665,device,0.1736526946107784
3899,3231666,device,0.1736526946107784
3899,3560370,device,0.1736526946107784
3899,3231669,device,0.1736526946107784
3899,3390390,card_addr,0.1736526946107784
3899,3389367,device,0.1736526946107784
3899,3112886,device,0.1736526946107784
3899,3203006,device,0.1736526946107784
3899,3471296,device,0.1736526946107784
3899,3203011,device,0.1736526946107784
3899,3231687,device,0.1736526946107784
3899,3026379,device,0.1736526946107784
3899,3078604,device,0.1736526946107784
3899,3521999,device,0.1736526946107784
3899,3522042,device,0.1736526946107784
3899,3151315,device,0.1736526946107784
3899,3151316,device,0.1736526946107784
3899,3267028,device,0.1736526946107784
3899,3519956,device,0.1736526946107784
3899,3561941,device,0.1736526946107784
3899,3151320,device,0.1736526946107784
3899,3519963,device,0.1736526946107784
3899,3067880,device,0.1736526946107784
3899,3003372,card_addr,0.1736526946107784
3899,3010544,card_addr,0.1736526946107784
3899,3276789,device,0.1736526946107784
3899,3034617,card_addr,0.1736526946107784
3899,3031034,card_addr+device,0.1736526946107784
3899,3015163,card_addr,0.1736526946107784
3899,3257854,device,0.1736526946107784
3985,3081120,card_addr,0.1875
3985,3526405,card_addr,0.1875
3985,3145703,card_addr,0.1875
3985,2991563,card_addr,0.1875
3985,3117486,card_addr,0.1875
3985,3059087,card_addr,0.1875
3985,3264047,card_addr,0.1875
3985,3526414,card_addr,0.1875
3985,3349042,card_addr,0.1875
3985,3424158,card_addr,0.1875
3985,3263350,card_addr,0.1875
3985,3528893,card_addr,0.1875
3985,3055576,card_addr,0.1875
3985,3205149,card_addr,0.1875
3985,3005535,card_addr,0.1875
3985,3066783,card_addr,0.1875
4033,3122688,card_addr,0.3777777777777777
4033,3187328,card_addr,0.3777777777777777
4033,3247107,card_addr,0.3777777777777777
4033,3043204,card_addr,0.3777777777777777
4033,3193222,card_addr,0.3777777777777777
4033,2991623,card_addr,0.3777777777777777
4033,3187335,card_addr,0.3777777777777777
4033,3212935,card_addr,0.3777777777777777
4033,3408646,card_addr,0.3777777777777777
4033,3446535,card_addr,0.3777777777777777
4033,3181580,card_addr,0.3777777777777777
4033,3192605,card_addr,0.3777777777777777
4033,3192608,card_addr,0.3777777777777777
4033,3422120,card_addr,0.3777777777777777
4033,3192490,card_addr,0.3777777777777777
4033,3397687,card_addr,0.3777777777777777
4033,3345594,card_addr,0.3777777777777777
4033,3186109,card_addr,0.3777777777777777
4033,3159488,card_addr,0.3777777777777777
4033,3043141,card_addr,0.3777777777777777
4033,3263685,card_addr,0.3777777777777777
4033,3248199,card_addr,0.3777777777777777
4033,3450953,card_addr,0.3777777777777777
4033,3186123,card_addr,0.3777777777777777
4033,3009100,card_addr,0.3777777777777777
4033,3397708,card_addr,0.3777777777777777
4033,3192654,card_addr,0.3777777777777777
4033,3187024,card_addr,0.3777777777777777
4033,3520592,card_addr,0.3777777777777777
4033,3219672,card_addr,0.3777777777777777
4033,3164638,card_addr,0.3777777777777777
4033,3192670,card_addr,0.3777777777777777
4033,3279072,card_addr,0.3777777777777777
4033,3043298,card_addr,0.3777777777777777
4033,3192418,card_addr,0.3777777777777777
4033,3200867,card_addr,0.3777777777777777
4033,3333474,card_addr,0.3777777777777777
4033,3192553,card_addr,0.3777777777777777
4033,3200875,card_addr,0.3777777777777777
4033,3193200,card_addr,0.3777777777777777
4033,3562104,card_addr,0.3777777777777777
4033,3404537,card_addr,0.3777777777777777
4033,3212922,card_addr,0.3777777777777777
4033,3363964,card_addr,0.3777777777777777
4033,3421050,card_addr,0.3777777777777777
4069,3573568,card_addr,0.2666666666666666
4069,3397121,card_addr,0.2666666666666666
4069,3488740,card_addr,0.2666666666666666
4069,3377672,card_addr,0.2666666666666666
4069,3239147,card_addr,0.2666666666666666
4069,3045868,card_addr,0.2666666666666666
4069,3377931,card_addr,0.2666666666666666
4069,3023217,card_addr,0.2666666666666666
4069,2991666,card_addr,0.2666666666666666
4069,3286205,card_addr,0.2666666666666666
4069,3377944,card_addr,0.2666666666666666
4069,3386682,card_addr,0.2666666666666666
4069,3214172,card_addr,0.2666666666666666
4069,3091229,card_addr,0.2666666666666666
4069,3447102,card_addr,0.2666666666666666
4145,3411073,card_addr,0.3125
4145,3124866,card_addr,0.3125
4145,3160770,card_addr,0.3125
4145,3123588,card_addr,0.3125
4145,3270269,card_addr,0.3125
4145,3316164,card_addr,0.3125
4145,2991751,card_addr,0.3125
4145,3474280,card_addr,0.3125
4145,3160684,card_addr,0.3125
4145,3201201,card_addr,0.3125
4145,3412529,card_addr,0.3125
4145,3412504,card_addr,0.3125
4145,3157401,card_addr,0.3125
4145,3123578,card_addr,0.3125
4145,3160765,card_addr,0.3125
4145,3284574,card_addr,0.3125
4147,3398532,card_addr,0.2857142857142857
4147,3282181,card_addr,0.2857142857142857
4147,2991753,card_addr,0.2857142857142857
4147,3516438,card_addr,0.2857142857142857
4147,3528984,card_addr,0.2857142857142857
4147,3116700,card_addr,0.2857142857142857
4147,3485596,card_addr,0.2857142857142857
4147,3485603,card_addr,0.2857142857142857
4147,3325735,card_addr,0.2857142857142857
4147,3330599,card_addr,0.2857142857142857
4147,3485607,card_addr,0.2857142857142857
4147,3566631,card_addr,0.2857142857142857
4147,3497259,card_addr,0.2857142857142857
4147,3401644,card_addr,0.2857142857142857
4147,3116720,card_addr,0.2857142857142857
4147,3470003,card_addr,0.2857142857142857
4147,3513784,card_addr,0.2857142857142857
4147,3348158,card_addr,0.2857142857142857
4147,3317182,card_addr,0.2857142857142857
4147,3520577,card_addr,0.2857142857142857
4147,3520582,card_addr,0.2857142857142857
4147,3561159,card_addr,0.2857142857142857
4147,2995662,card_addr,0.2857142857142857
4147,3401554,card_addr,0.2857142857142857
4147,3561812,card_addr,0.2857142857142857
4147,3408853,card_addr,0.2857142857142857
4147,3468892,card_addr,0.2857142857142857
4147,3403485,card_addr,0.2857142857142857
4147,3468895,card_addr,0.2857142857142857
4147,3368549,card_addr,0.2857142857142857
4147,3366631,card_addr,0.2857142857142857
4147,3143913,card_addr,0.2857142857142857
4147,3446249,card_addr,0.2857142857142857
4147,3281006,card_addr,0.2857142857142857
4147,3465592,card_addr,0.2857142857142857
4188,2991800,card_addr,1.0
4188,2998697,card_addr,1.0
4188,2998666,card_addr,1.0
4275,2993924,card_addr,0.2830188679245283
4275,3030916,card_addr,0.2830188679245283
4275,3356164,card_addr,0.2830188679245283
4275,3384711,card_addr,0.2830188679245283
4275,3134728,card_addr,0.2830188679245283
4275,3406727,card_addr,0.2830188679245283
4275,3462919,card_addr,0.2830188679245283
4275,3506953,card_addr,0.2830188679245283
4275,3422348,card_addr,0.2830188679245283
4275,3303057,card_addr,0.2830188679245283
4275,3462929,card_addr,0.2830188679245283
4275,3498641,card_addr,0.2830188679245283
4275,3566994,card_addr,0.2830188679245283
4275,3296661,card_addr,0.2830188679245283
4275,3427866,card_addr,0.2830188679245283
4275,3066271,card_addr,0.2830188679245283
4275,2991905,card_addr,0.2830188679245283
4275,3166497,card_addr,0.2830188679245283
4275,3377827,card_addr,0.2830188679245283
4275,3411877,card_addr,0.2830188679245283
4275,3025190,card_addr,0.2830188679245283
4275,3230506,card_addr,0.2830188679245283
4275,3266603,card_addr,0.2830188679245283
4275,3084591,card_addr,0.2830188679245283
4275,3133488,card_addr,0.2830188679245283
4275,3318320,card_addr,0.2830188679245283
4275,3401522,card_addr,0.2830188679245283
4275,3483951,card_addr,0.2830188679245283
4275,3157300,card_addr,0.2830188679245283
4275,3091769,card_addr,0.2830188679245283
4275,3327417,card_addr,0.2830188679245283
4275,3546811,card_addr,0.2830188679245283
4275,3371068,card_addr,0.2830188679245283
4275,3428799,card_addr,0.2830188679245283
4275,3317056,card_addr,0.2830188679245283
4275,3471170,card_addr,0.2830188679245283
4275,3548632,card_addr,0.2830188679245283
4275,3424217,card_addr,0.2830188679245283
4275,3407073,card_addr,0.2830188679245283
4275,3363685,card_addr,0.2830188679245283
4275,3328742,card_addr,0.2830188679245283
4275,3232103,card_addr,0.2830188679245283
4275,3353702,card_addr,0.2830188679245283
4275,3232105,card_addr,0.2830188679245283
4275,3380968,card_addr,0.2830188679245283
4275,3419627,card_addr,0.2830188679245283
4275,3528046,card_addr,0.2830188679245283
4275,3360624,card_addr,0.2830188679245283
4275,3472242,card_addr,0.2830188679245283
4275,3342324,card_addr,0.2830188679245283
4275,3312373,card_addr,0.2830188679245283
4275,3221368,card_addr,0.2830188679245283
4275,3462910,card_addr,0.2830188679245283
4293,3330183,card_addr,0.28
4293,3353486,card_addr,0.28
4293,3353488,card_addr,0.28
4293,3197457,card_addr,0.28
4293,3217809,card_addr,0.28
4293,3149716,card_addr,0.28
4293,3514404,card_addr,0.28
4293,2991924,card_addr,0.28
4293,3477556,card_addr,0.28
4293,3294655,card_addr,0.28
4293,3521346,card_addr,0.28
4293,3435979,card_addr,0.28
4293,3577049,card_addr,0.28
4293,3161563,card_addr,0.28
4293,3356380,card_addr,0.28
4293,3102685,card_addr,0.28
4293,3300584,card_addr,0.28
4293,3256170,card_addr,0.28
4293,3347186,card_addr,0.28
4293,3267955,card_addr,0.28
4293,3362678,card_addr,0.28
4293,3343864,card_addr,0.28
4293,3282682,card_addr,0.28
4293,3343868,card_addr,0.28
4293,3328381,card_addr,0.28
4329,2991970,card_addr,0.125
4329,2995586,card_addr,0.125
4329,3149282,card_addr,0.125
4329,3442183,card_addr,0.125
4329,3017707,card_addr,0.125
4329,3187979,card_addr,0.125
4329,3093359,card_addr,0.125
4329,3002007,card_addr,0.125
4541,3384835,card_addr,0.2
4541,3247364,card_addr,0.2
4541,3506564,card_addr,0.2
4541,3141134,card_addr,0.2
4541,3281550,card_addr,0.2
4541,3514638,card_addr,0.2
4541,3523859,card_addr,0.2
4541,3370644,card_addr,0.2
4541,3310491,card_addr,0.2
4541,3518880,card_addr,0.2
4541,3477287,card_addr,0.2
4541,3534503,card_addr,0.2
4541,3179178,card_addr,0.2
4541,3044269,card_addr,0.2
4541,3442606,card_addr,0.2
4541,3314351,card_addr,0.2
4541,3481133,card_addr,0.2
4541,3511854,card_addr,0.2
4541,3125558,card_addr,0.2
4541,3464374,card_addr,0.2
4541,3270330,card_addr,0.2
4541,3571772,card_addr,0.2
4541,3531454,card_addr,0.2
4541,3382463,card_addr,0.2
4541,3052736,card_addr,0.2
4541,3571264,card_addr,0.2
4541,3052739,card_addr,0.2
4541,3325380,card_addr,0.2
4541,3404739,card_addr,0.2
4541,3178313,card_addr,0.2
4541,3397193,card_addr,0.2
4541,3087053,card_addr,0.2
4541,3470675,card_addr,0.2
4541,3477340,card_addr,0.2
4541,3388253,card_addr,0.2
4541,2992223,card_addr,0.2
4541,3260769,card_addr,0.2
4541,3260773,card_addr,0.2
4541,3520101,card_addr,0.2
4541,3043434,card_addr,0.2
4541,3518063,card_addr,0.2
4541,3509106,card_addr,0.2
4541,3530871,card_addr,0.2
4541,3333499,card_addr,0.2
4541,3473404,card_addr,0.2
4781,3355521,card_addr,0.0952380952380952
4781,3287428,card_addr,0.0952380952380952
4781,3412105,card_addr,0.0952380952380952
4781,3266828,card_addr,0.0952380952380952
4781,3237779,card_addr,0.0952380952380952
4781,3223444,card_addr,0.0952380952380952
4781,3454100,card_addr,0.0952380952380952
4781,3565719,card_addr,0.0952380952380952
4781,3190056,card_addr,0.0952380952380952
4781,3216297,card_addr,0.0952380952380952
4781,3340968,card_addr,0.0952380952380952
4781,3563433,card_addr,0.0952380952380952
4781,3167030,card_addr,0.0952380952380952
4781,3326522,card_addr,0.0952380952380952
4781,3392826,card_addr,0.0952380952380952
4781,2995390,card_addr,0.0952380952380952
4781,3274943,card_addr,0.0952380952380952
4781,3337408,card_addr,0.0952380952380952
4781,3298371,card_addr,0.0952380952380952
4781,3344324,card_addr,0.0952380952380952
4781,3373639,card_addr,0.0952380952380952
4781,3358031,card_addr,0.0952380952380952
4781,3332178,card_addr,0.0952380952380952
4781,3357011,card_addr,0.0952380952380952
4781,3255511,card_addr,0.0952380952380952
4781,3237335,card_addr,0.0952380952380952
4781,3279705,card_addr,0.0952380952380952
4781,3237978,card_addr,0.0952380952380952
4781,3255131,card_addr,0.0952380952380952
4781,3360344,card_addr,0.0952380952380952
4781,3371738,card_addr,0.0952380952380952
4781,3210206,card_addr,0.0952380952380952
4781,3392860,card_addr,0.0952380952380952
4781,3112291,card_addr,0.0952380952380952
4781,3364580,card_addr,0.0952380952380952
4781,3235685,card_addr,0.0952380952380952
4781,2992488,card_addr,0.0952380952380952
4781,3500785,card_addr,0.0952380952380952
4781,3099259,card_addr,0.0952380952380952
4781,3011068,card_addr,0.0952380952380952
4781,3007870,card_addr,0.0952380952380952
4781,3040511,card_addr,0.0952380952380952
4850,3561504,card_addr,0.1764705882352941
4850,3093605,card_addr,0.1764705882352941
4850,3389894,card_addr,0.1764705882352941
4850,3232743,card_addr,0.1764705882352941
4850,3551720,card_addr,0.1764705882352941
4850,3551752,card_addr,0.1764705882352941
4850,3551754,card_addr,0.1764705882352941
4850,3516395,card_addr,0.1764705882352941
4850,3041328,card_addr,0.1764705882352941
4850,3004401,card_addr,0.1764705882352941
4850,3156594,card_addr,0.1764705882352941
4850,3186707,card_addr,0.1764705882352941
4850,3516402,card_addr,0.1764705882352941
4850,3228725,card_addr,0.1764705882352941
4850,3054455,card_addr,0.1764705882352941
4850,3109082,card_addr,0.1764705882352941
4850,2992573,card_addr,0.1764705882352941
4881,3037184,card_addr,0.45
4881,3407490,device,0.45
4881,3401864,device,0.45
4881,3496073,device,0.45
4881,3443978,device,0.45
4881,3443979,device,0.45
4881,3435532,device,0.45
4881,3444775,device,0.45
4881,3435566,device,0.45
4881,3435569,device,0.45
4881,3342770,device,0.45
4881,3571633,device,0.45
4881,3442484,device,0.45
4881,3571634,device,0.45
4881,3447418,device,0.45
4881,3321657,device,0.45
4881,3145404,device,0.45
4881,3321661,device,0.45
4881,3551933,device,0.45
4881,3145410,device,0.45
4881,3442502,device,0.45
4881,3435596,device,0.45
4881,3435597,device,0.45
4881,3074382,device,0.45
4881,3145424,device,0.45
4881,3248724,device,0.45
4881,2998745,device,0.45
4881,3293279,device,0.45
4881,2992608,device,0.45
4881,2992615,device,0.45
4881,3337959,device,0.45
4881,2992617,device,0.45
4881,2992621,device,0.45
4881,2998638,device,0.45
4881,2992626,device,0.45
4881,2998645,device,0.45
4881,2992631,device,0.45
4881,2992632,device,0.45
4881,3353210,device,0.45
4881,3007999,card_addr+device,0.45
4888,3421568,card_addr,0.2631578947368421
4888,3197066,card_addr,0.2631578947368421
4888,3349514,card_addr,0.2631578947368421
4888,3144470,card_addr,0.2631578947368421
4888,3449120,card_addr,0.2631578947368421
4888,3033537,card_addr,0.2631578947368421
4888,3545418,card_addr,0.2631578947368421
4888,3349584,card_addr,0.2631578947368421
4888,3424722,card_addr,0.2631578947368421
4888,3066709,card_addr,0.2631578947368421
4888,3246933,card_addr,0.2631578947368421
4888,3349601,card_addr,0.2631578947368421
4888,2992618,card_addr,0.2631578947368421
4888,3349610,card_addr,0.2631578947368421
4888,3010157,card_addr,0.2631578947368421
4888,3513713,card_addr,0.2631578947368421
4888,3545459,card_addr,0.2631578947368421
4888,3462397,card_addr,0.2631578947368421
4888,3349503,card_addr,0.2631578947368421
4971,3047936,device,0.1348314606741573
4971,3074560,device,0.1348314606741573
4971,3047947,device,0.1348314606741573
4971,3083806,device,0.1348314606741573
4971,3025956,device,0.1348314606741573
4971,3102772,device,0.1348314606741573
4971,3020341,device,0.1348314606741573
4971,3204665,device,0.1348314606741573
4971,3102778,device,0.1348314606741573
4971,2992722,device,0.1348314606741573
4971,3114579,device,0.1348314606741573
4971,2995292,device,0.1348314606741573
4971,3468910,device,0.1348314606741573
4971,3055221,device,0.1348314606741573
4971,3117193,device,0.1348314606741573
4971,3320982,device,0.1348314606741573
4971,3272871,device,0.1348314606741573
4971,3117226,device,0.1348314606741573
4971,3117229,device,0.1348314606741573
4971,3069103,device,0.1348314606741573
4971,3039411,device,0.1348314606741573
4971,3117236,device,0.1348314606741573
4971,3103924,device,0.1348314606741573
4971,3119283,device,0.1348314606741573
4971,2999991,device,0.1348314606741573
4971,3103927,device,0.1348314606741573
4971,3054779,device,0.1348314606741573
4971,3063483,device,0.1348314606741573
4971,3103931,device,0.1348314606741573
4971,3117243,device,0.1348314606741573
4971,3138750,device,0.1348314606741573
4971,3162823,device,0.1348314606741573
4971,3028168,device,0.1348314606741573
4971,3054793,device,0.1348314606741573
4971,3117261,device,0.1348314606741573
4971,3055822,device,0.1348314606741573
4971,3162830,device,0.1348314606741573
4971,3117268,device,0.1348314606741573
4971,3103963,device,0.1348314606741573
4971,3129056,device,0.1348314606741573
4971,3117290,device,0.1348314606741573
4971,3080950,device,0.1348314606741573
4971,3117302,device,0.1348314606741573
4971,3063034,device,0.1348314606741573
4971,3123966,device,0.1348314606741573
4971,3063042,device,0.1348314606741573
4971,3117324,device,0.1348314606741573
4971,3117330,device,0.1348314606741573
4971,3129622,device,0.1348314606741573
4971,3105062,device,0.1348314606741573
4971,3049255,device,0.1348314606741573
4971,3044649,device,0.1348314606741573
4971,3024173,device,0.1348314606741573
4971,3066166,device,0.1348314606741573
4971,3432259,device,0.1348314606741573
4971,3053383,device,0.1348314606741573
4971,3154759,device,0.1348314606741573
4971,3087691,device,0.1348314606741573
4971,3158352,device,0.1348314606741573
4971,3471697,device,0.1348314606741573
4971,3063128,device,0.1348314606741573
4971,3059558,device,0.1348314606741573
4971,3171175,device,0.1348314606741573
4971,3106688,device,0.1348314606741573
4971,3051405,device,0.1348314606741573
4971,2997134,device,0.1348314606741573
4971,3087764,device,0.1348314606741573
4971,3207585,device,0.1348314606741573
4971,3207589,device,0.1348314606741573
4971,3207591,device,0.1348314606741573
4971,3096488,device,0.1348314606741573
4971,3207594,device,0.1348314606741573
4971,3052973,device,0.1348314606741573
4971,3207597,device,0.1348314606741573
4971,3207599,device,0.1348314606741573
4971,3335091,device,0.1348314606741573
4971,3103157,device,0.1348314606741573
4971,3068860,device,0.1348314606741573
4971,3068862,device,0.1348314606741573
4971,3254209,device,0.1348314606741573
4971,3039688,device,0.1348314606741573
4971,3102670,device,0.1348314606741573
4971,3124691,device,0.1348314606741573
4971,3047896,device,0.1348314606741573
4971,3102681,device,0.1348314606741573
4971,3142114,device,0.1348314606741573
4971,3102694,device,0.1348314606741573
4971,3101159,device,0.1348314606741573
4971,3047930,device,0.1348314606741573
5003,3425537,card_addr,0.3571428571428571
5003,3502626,card_addr,0.3571428571428571
5003,3556607,card_addr,0.3571428571428571
5003,3500645,card_addr,0.3571428571428571
5003,3380262,card_addr,0.3571428571428571
5003,2997136,card_addr,0.3571428571428571
5003,3098960,card_addr,0.3571428571428571
5003,3209044,card_addr,0.3571428571428571
5003,3336408,card_addr,0.3571428571428571
5003,2992760,card_addr,0.3571428571428571
5003,2995705,card_addr,0.3571428571428571
5003,2992794,card_addr,0.3571428571428571
5003,3101787,card_addr,0.3571428571428571
5003,2992799,card_addr,0.3571428571428571
5028,3532806,card_addr,0.1192660550458715
5028,3131914,card_addr,0.1192660550458715
5028,3356684,card_addr,0.1192660550458715
5028,3403276,card_addr,0.1192660550458715
5028,3019790,card_addr,0.1192660550458715
5028,3457548,card_addr,0.1192660550458715
5028,3143187,device,0.1192660550458715
5028,3143193,device,0.1192660550458715
5028,3172381,card_addr,0.1192660550458715
5028,3089951,card_addr,0.1192660550458715
5028,3137579,card_addr,0.1192660550458715
5028,3288622,card_addr,0.1192660550458715
5028,3391535,card_addr,0.1192660550458715
5028,3372087,card_addr,0.1192660550458715
5028,3493949,card_addr,0.1192660550458715
5028,3252286,device,0.1192660550458715
5028,3493957,card_addr,0.1192660550458715
5028,3205701,card_addr,0.1192660550458715
5028,3405900,card_addr,0.1192660550458715
5028,3061847,card_addr,0.1192660550458715
5028,3205731,card_addr,0.1192660550458715
5028,3556970,card_addr,0.1192660550458715
5028,3454062,device,0.1192660550458715
5028,3282551,card_addr+device,0.1192660550458715
5028,3138170,card_addr,0.1192660550458715
5028,3401343,device,0.1192660550458715
5028,3093120,device,0.1192660550458715
5028,3296900,card_addr,0.1192660550458715
5028,3257991,card_addr,0.1192660550458715
5028,3543176,card_addr,0.1192660550458715
5028,3571851,card_addr,0.1192660550458715
5028,3437200,card_addr,0.1192660550458715
5028,3431059,card_addr,0.1192660550458715
5028,2992788,card_addr,0.1192660550458715
5028,3397268,card_addr,0.1192660550458715
5028,3258007,card_addr,0.1192660550458715
5028,3369126,card_addr,0.1192660550458715
5028,3028651,card_addr,0.1192660550458715
5028,3028655,card_addr,0.1192660550458715
5028,3115187,card_addr,0.1192660550458715
5028,3458230,card_addr,0.1192660550458715
5028,3258050,card_addr,0.1192660550458715
5028,3159747,device,0.1192660550458715
5028,3090635,card_addr,0.1192660550458715
5028,3072205,card_addr,0.1192660550458715
5028,3506896,card_addr,0.1192660550458715
5028,3332818,card_addr,0.1192660550458715
5028,3258068,card_addr,0.1192660550458715
5028,3397859,device,0.1192660550458715
5028,3128044,card_addr,0.1192660550458715
5028,3293934,card_addr,0.1192660550458715
5028,3257589,card_addr,0.1192660550458715
5028,3438837,card_addr,0.1192660550458715
5028,3052792,card_addr,0.1192660550458715
5028,3448568,device,0.1192660550458715
5028,3107585,device,0.1192660550458715
5028,3184388,card_addr,0.1192660550458715
5028,3042570,card_addr,0.1192660550458715
5028,3304718,card_addr,0.1192660550458715
5028,3452180,device,0.1192660550458715
5028,3501847,card_addr+device,0.1192660550458715
5028,3389726,card_addr,0.1192660550458715
5028,3332904,card_addr,0.1192660550458715
5028,3313453,card_addr,0.1192660550458715
5028,3152691,card_addr,0.1192660550458715
5028,3135808,card_addr,0.1192660550458715
5028,3267905,card_addr,0.1192660550458715
5028,3019586,card_addr,0.1192660550458715
5028,3303234,card_addr,0.1192660550458715
5028,3258695,card_addr,0.1192660550458715
5028,3258698,card_addr,0.1192660550458715
5028,3223887,card_addr,0.1192660550458715
5028,3258217,card_addr,0.1192660550458715
5028,3501419,card_addr+device,0.1192660550458715
5028,3377518,card_addr,0.1192660550458715
5028,3316592,card_addr,0.1192660550458715
5028,3258745,card_addr,0.1192660550458715
5028,3296634,card_addr,0.1192660550458715
5028,3258752,card_addr,0.1192660550458715
5028,3452803,card_addr,0.1192660550458715
5028,3258247,card_addr,0.1192660550458715
5028,3075978,card_addr,0.1192660550458715
5028,3176843,card_addr,0.1192660550458715
5028,3138957,card_addr,0.1192660550458715
5028,3187598,card_addr,0.1192660550458715
5028,3195278,card_addr,0.1192660550458715
5028,3470735,card_addr,0.1192660550458715
5028,3195281,card_addr,0.1192660550458715
5028,3156884,card_addr,0.1192660550458715
5028,3412890,card_addr,0.1192660550458715
5028,3530142,card_addr,0.1192660550458715
5028,3089825,card_addr,0.1192660550458715
5028,3430310,card_addr,0.1192660550458715
5028,3100587,card_addr,0.1192660550458715
5028,3195309,card_addr,0.1192660550458715
5028,3439022,card_addr,0.1192660550458715
5028,3142073,card_addr,0.1192660550458715
5028,3127744,card_addr,0.1192660550458715
5028,3155905,card_addr,0.1192660550458715
5028,3496388,card_addr,0.1192660550458715
5028,3208666,card_addr,0.1192660550458715
5028,3224543,card_addr,0.1192660550458715
5028,3053028,device,0.1192660550458715
5028,3237861,card_addr,0.1192660550458715
5028,3196390,card_addr,0.1192660550458715
5028,3265003,card_addr,0.1192660550458715
5028,3131375,card_addr,0.1192660550458715
5028,3265007,card_addr,0.1192660550458715
5028,3428851,card_addr,0.1192660550458715
5109,3077760,card_addr,0.0714285714285714
5109,3057541,card_addr,0.0714285714285714
5109,3416719,card_addr,0.0714285714285714
5109,2996116,card_addr,0.0714285714285714
5109,3062937,card_addr,0.0714285714285714
5109,3062686,card_addr,0.0714285714285714
5109,3147682,card_addr,0.0714285714285714
5109,3010084,card_addr,0.0714285714285714
5109,3025316,card_addr,0.0714285714285714
5109,3147698,card_addr,0.0714285714285714
5109,3477050,card_addr,0.0714285714285714
5109,3037627,card_addr,0.0714285714285714
5109,3018821,card_addr,0.0714285714285714
5109,3509320,card_addr,0.0714285714285714
5109,3057739,card_addr,0.0714285714285714
5109,3016268,card_addr,0.0714285714285714
5109,3057742,card_addr,0.0714285714285714
5109,3053519,card_addr,0.0714285714285714
5109,3105375,card_addr,0.0714285714285714
5109,3031521,card_addr,0.0714285714285714
5109,3104353,card_addr,0.0714285714285714
5109,3032675,card_addr,0.0714285714285714
5109,3037541,card_addr,0.0714285714285714
5109,3001834,card_addr,0.0714285714285714
5109,2992880,card_addr,0.0714285714285714
5109,3053426,card_addr,0.0714285714285714
5109,3135090,card_addr,0.0714285714285714
5109,3130619,card_addr,0.0714285714285714
5181,3001792,card_addr,1.0
5181,3006720,card_addr,1.0
5181,2992962,card_addr,1.0
5181,3014662,card_addr,1.0
5181,3006674,card_addr,1.0
5181,3006742,card_addr,1.0
5181,3006652,card_addr,1.0
5213,3487680,device,0.3333333333333333
5213,3413413,device,0.3333333333333333
5213,3380330,device,0.3333333333333333
5213,3107339,device,0.3333333333333333
5213,2993003,device,0.3333333333333333
5213,3389971,device,0.3333333333333333
5275,3176324,device,0.2
5275,3403012,device,0.2
5275,3462021,device,0.2
5275,3359644,device,0.2
5275,3359645,device,0.2
5275,3077021,device,0.2
5275,3359648,device,0.2
5275,3176354,device,0.2
5275,3383973,device,0.2
5275,3091371,device,0.2
5275,3267755,device,0.2
5275,3383980,device,0.2
5275,3383983,device,0.2
5275,3428015,device,0.2
5275,2993074,device,0.2
5275,3074098,device,0.2
5275,3383990,device,0.2
5275,3437756,device,0.2
5275,3574974,device,0.2
5275,3437695,device,0.2
5277,3232673,device,0.125
5277,3063331,device,0.125
5277,3057188,device,0.125
5277,3405606,device,0.125
5277,3314759,device,0.125
5277,3041001,device,0.125
5277,3067244,device,0.125
5277,3290640,device,0.125
5277,3229393,device,0.125
5277,2993076,device,0.125
5277,3228956,device,0.125
5277,3057175,device,0.125
5277,3229337,device,0.125
5277,3057146,device,0.125
5277,3122300,device,0.125
5277,3057181,device,0.125
5301,3444903,card_addr,0.25
5301,3467847,card_addr,0.25
5301,3562078,card_addr,0.25
5301,2993131,card_addr,0.25
5301,3520107,card_addr,0.25
5301,3556857,card_addr,0.25
5301,3097007,card_addr,0.25
5301,3266064,card_addr,0.25
5301,3420761,card_addr,0.25
5301,2993106,card_addr,0.25
5301,3467865,card_addr,0.25
5301,3062838,card_addr,0.25
5301,3419767,card_addr,0.25
5301,3419737,card_addr,0.25
5301,3419707,card_addr,0.25
5301,3525470,card_addr,0.25
5350,2997761,card_addr,0.0897435897435897
5350,3032074,card_addr,0.0897435897435897
5350,3110924,card_addr,0.0897435897435897
5350,2993168,card_addr,0.0897435897435897
5350,3071519,card_addr,0.0897435897435897
5350,3088415,card_addr,0.0897435897435897
5350,3428905,card_addr,0.0897435897435897
5350,3075631,card_addr,0.0897435897435897
5350,3195951,card_addr,0.0897435897435897
5350,3071542,card_addr,0.0897435897435897
5350,3437112,card_addr,0.0897435897435897
5350,3246137,card_addr,0.0897435897435897
5350,3012155,card_addr,0.0897435897435897
5350,3149382,card_addr,0.0897435897435897
5350,3033675,card_addr,0.0897435897435897
5350,3105368,card_addr,0.0897435897435897
5350,3372636,card_addr,0.0897435897435897
5350,3086431,card_addr,0.0897435897435897
5350,3049571,card_addr,0.0897435897435897
5350,3449460,card_addr,0.0897435897435897
5350,3386997,card_addr,0.0897435897435897
5350,3036793,card_addr,0.0897435897435897
5350,3481723,card_addr,0.0897435897435897
5350,3387003,card_addr,0.0897435897435897
5350,3519617,card_addr,0.0897435897435897
5350,3057288,card_addr,0.0897435897435897
5350,3431569,card_addr,0.0897435897435897
5350,3014291,card_addr,0.0897435897435897
5350,3431573,card_addr,0.0897435897435897
5350,3529884,card_addr,0.0897435897435897
5350,3139747,card_addr,0.0897435897435897
5350,3538098,card_addr,0.0897435897435897
5350,3538099,card_addr,0.0897435897435897
5350,3449532,card_addr,0.0897435897435897
5350,3269829,card_addr,0.0897435897435897
5350,3158223,card_addr,0.0897435897435897
5350,3515094,card_addr,0.0897435897435897
5350,3158237,card_addr,0.0897435897435897
5350,3525352,card_addr,0.0897435897435897
5350,3152617,card_addr,0.0897435897435897
5350,3525354,card_addr,0.0897435897435897
5350,3512568,card_addr,0.0897435897435897
5350,3257614,card_addr,0.0897435897435897
5350,3008280,card_addr,0.0897435897435897
5350,3253030,card_addr,0.0897435897435897
5350,3509550,card_addr,0.0897435897435897
5350,3122479,card_addr,0.0897435897435897
5350,3459905,card_addr,0.0897435897435897
5350,3088710,card_addr,0.0897435897435897
5350,3235670,card_addr,0.0897435897435897
5350,3554650,card_addr,0.0897435897435897
5350,3146078,card_addr,0.0897435897435897
5350,3049823,card_addr,0.0897435897435897
5350,3041121,card_addr,0.0897435897435897
5350,3184997,card_addr,0.0897435897435897
5350,3000678,card_addr,0.0897435897435897
5350,3040627,card_addr,0.0897435897435897
5350,3112821,card_addr,0.0897435897435897
5350,3368824,card_addr,0.0897435897435897
5350,3014520,card_addr,0.0897435897435897
5350,3455364,card_addr,0.0897435897435897
5350,3023766,card_addr,0.0897435897435897
5350,3096475,card_addr,0.0897435897435897
5350,3491758,card_addr,0.0897435897435897
5350,3059652,card_addr,0.0897435897435897
5350,3040712,card_addr,0.0897435897435897
5350,3482057,card_addr,0.0897435897435897
5350,3013580,card_addr,0.0897435897435897
5350,3482063,card_addr,0.0897435897435897
5350,3148247,card_addr,0.0897435897435897
5350,3435489,card_addr,0.0897435897435897
5350,3302884,card_addr,0.0897435897435897
5350,3059686,card_addr,0.0897435897435897
5350,3093991,card_addr,0.0897435897435897
5350,3026931,card_addr,0.0897435897435897
5350,3524596,card_addr,0.0897435897435897
5350,3091957,card_addr,0.0897435897435897
5350,3069437,card_addr,0.0897435897435897
5371,3270664,device,0.4431818181818182
5371,3339785,device,0.4431818181818182
5371,3270668,device,0.4431818181818182
5371,3296785,device,0.4431818181818182
5371,3268131,device,0.4431818181818182
5371,3268134,device,0.4431818181818182
5371,2993192,device,0.4431818181818182
5371,3268143,device,0.4431818181818182
5371,3442230,device,0.4431818181818182
5371,3353171,device,0.4431818181818182
5371,3321943,device,0.4431818181818182
5371,3336280,device,0.4431818181818182
5371,3147874,device,0.4431818181818182
5371,3341411,device,0.4431818181818182
5371,3147886,device,0.4431818181818182
5371,3142256,device,0.4431818181818182
5371,3548803,device,0.4431818181818182
5371,3264663,device,0.4431818181818182
5371,3349675,device,0.4431818181818182
5371,3349679,device,0.4431818181818182
5371,3454639,device,0.4431818181818182
5371,3461298,device,0.4431818181818182
5371,3483830,device,0.4431818181818182
5371,3103416,device,0.4431818181818182
5371,3246781,device,0.4431818181818182
5371,3262144,device,0.4431818181818182
5371,3129537,device,0.4431818181818182
5371,3262149,device,0.4431818181818182
5371,3262150,device,0.4431818181818182
5371,3325127,device,0.4431818181818182
5371,3268088,device,0.4431818181818182
5371,3362505,device,0.4431818181818182
5371,3454663,device,0.4431818181818182
5371,3347660,device,0.4431818181818182
5371,3367633,device,0.4431818181818182
5371,3252433,device,0.4431818181818182
5371,3031250,device,0.4431818181818182
5371,3252437,device,0.4431818181818182
5371,3246806,device,0.4431818181818182
5371,3031255,device,0.4431818181818182
5371,3318490,device,0.4431818181818182
5371,3398363,device,0.4431818181818182
5371,3246815,device,0.4431818181818182
5371,3038944,device,0.4431818181818182
5371,3246820,device,0.4431818181818182
5371,3166951,device,0.4431818181818182
5371,3528942,device,0.4431818181818182
5371,3395316,device,0.4431818181818182
5371,3254525,device,0.4431818181818182
5371,3321603,device,0.4431818181818182
5371,3150600,device,0.4431818181818182
5371,3254541,device,0.4431818181818182
5371,3129615,device,0.4431818181818182
5371,3344143,device,0.4431818181818182
5371,3347222,device,0.4431818181818182
5371,3347223,device,0.4431818181818182
5371,3350298,device,0.4431818181818182
5371,3350299,device,0.4431818181818182
5371,3321630,device,0.4431818181818182
5371,3053344,device,0.4431818181818182
5371,3429666,device,0.4431818181818182
5371,3394349,device,0.4431818181818182
5371,3249968,device,0.4431818181818182
5371,3489072,device,0.4431818181818182
5371,3429684,device,0.4431818181818182
5371,3249974,device,0.4431818181818182
5371,3249976,device,0.4431818181818182
5371,3249983,device,0.4431818181818182
5371,3120978,device,0.4431818181818182
5371,3477855,device,0.4431818181818182
5371,3447166,device,0.4431818181818182
5371,3331488,device,0.4431818181818182
5371,3076005,device,0.4431818181818182
5371,3359654,device,0.4431818181818182
5371,3275693,device,0.4431818181818182
5371,3275697,device,0.4431818181818182
5371,3032502,device,0.4431818181818182
5371,3063226,device,0.4431818181818182
5371,3094973,device,0.4431818181818182
5371,3281855,device,0.4431818181818182
5371,3464646,device,0.4431818181818182
5371,3492807,device,0.4431818181818182
5371,3492810,device,0.4431818181818182
5371,3402193,device,0.4431818181818182
5371,3348462,device,0.4431818181818182
5371,3348467,device,0.4431818181818182
5371,3335160,device,0.4431818181818182
5371,3268091,device,0.4431818181818182
5542,3414663,card_addr,0.1521739130434782
5542,3265289,card_addr,0.1521739130434782
5542,3367436,card_addr,0.1521739130434782
5542,3382676,card_addr,0.1521739130434782
5542,3294105,card_addr,0.1521739130434782
5542,3455898,card_addr,0.1521739130434782
5542,3512602,card_addr,0.1521739130434782
5542,3346205,card_addr,0.1521739130434782
5542,3338909,card_addr,0.1521739130434782
5542,3493023,card_addr,0.1521739130434782
5542,3417376,card_addr,0.1521739130434782
5542,3498656,card_addr,0.1521739130434782
5542,3327524,card_addr,0.1521739130434782
5542,3575716,card_addr,0.1521739130434782
5542,3493030,card_addr,0.1521739130434782
5542,3151912,card_addr,0.1521739130434782
5542,3192616,card_addr,0.1521739130434782
5542,3279530,card_addr,0.1521739130434782
5542,3327531,card_addr,0.1521739130434782
5542,3453866,card_addr,0.1521739130434782
5542,3498539,card_addr,0.1521739130434782
5542,3470382,card_addr,0.1521739130434782
5542,3236143,card_addr,0.1521739130434782
5542,3571761,card_addr,0.1521739130434782
5542,3493045,card_addr,0.1521739130434782
5542,3434041,card_addr,0.1521739130434782
5542,3476410,card_addr,0.1521739130434782
5542,3459899,card_addr,0.1521739130434782
5542,3484091,card_addr,0.1521739130434782
5542,3503674,card_addr,0.1521739130434782
5542,3563969,card_addr,0.1521739130434782
5542,3103938,card_addr,0.1521739130434782
5542,3493060,card_addr,0.1521739130434782
5542,3498441,card_addr,0.1521739130434782
5542,3352653,card_addr,0.1521739130434782
5542,3312846,card_addr,0.1521739130434782
5542,3400696,card_addr,0.1521739130434782
5542,3551061,card_addr,0.1521739130434782
5542,3450589,card_addr,0.1521739130434782
5542,3043304,card_addr,0.1521739130434782
5542,3347180,card_addr,0.1521739130434782
5542,3541359,card_addr,0.1521739130434782
5542,2993400,card_addr,0.1521739130434782
5542,3086714,card_addr,0.1521739130434782
5542,3214076,card_addr,0.1521739130434782
5542,3514366,card_addr,0.1521739130434782
5562,3141955,card_addr,0.1666666666666666
5562,3473060,card_addr,0.1666666666666666
5562,3552676,card_addr,0.1666666666666666
5562,3164491,card_addr,0.1666666666666666
5562,2993422,card_addr,0.1666666666666666
5562,3141871,card_addr,0.1666666666666666
5562,3255633,card_addr,0.1666666666666666
5562,3296981,card_addr,0.1666666666666666
5562,3180470,card_addr,0.1666666666666666
5562,3372729,card_addr,0.1666666666666666
5562,3572988,card_addr,0.1666666666666666
5562,3071486,card_addr,0.1666666666666666
5568,3314528,card_addr,0.4285714285714285
5568,3015363,card_addr,0.4285714285714285
5568,3178308,card_addr,0.4285714285714285
5568,3216579,card_addr,0.4285714285714285
5568,3175942,card_addr,0.4285714285714285
5568,3184998,card_addr,0.4285714285714285
5568,3008456,card_addr,0.4285714285714285
5568,3181578,card_addr,0.4285714285714285
5568,3260848,card_addr,0.4285714285714285
5568,3309778,card_addr,0.4285714285714285
5568,3186963,card_addr,0.4285714285714285
5568,2993428,card_addr,0.4285714285714285
5568,3418553,card_addr,0.4285714285714285
5568,3062333,card_addr,0.4285714285714285
5588,3112580,card_addr,0.074074074074074
5588,3362453,card_addr,0.074074074074074
5588,3386265,card_addr,0.074074074074074
5588,3559321,card_addr,0.074074074074074
5588,3427621,card_addr,0.074074074074074
5588,3240615,card_addr,0.074074074074074
5588,3052842,card_addr,0.074074074074074
5588,2993451,card_addr,0.074074074074074
5588,3163692,card_addr,0.074074074074074
5588,3032109,card_addr,0.074074074074074
5588,3261613,card_addr,0.074074074074074
5588,3136955,card_addr,0.074074074074074
5588,3503422,card_addr,0.074074074074074
5588,3003974,card_addr,0.074074074074074
5588,3023183,card_addr,0.074074074074074
5588,3565396,card_addr,0.074074074074074
5588,3360216,card_addr,0.074074074074074
5588,3455193,card_addr,0.074074074074074
5588,3444955,card_addr,0.074074074074074
5588,3098592,card_addr,0.074074074074074
5588,3507297,card_addr,0.074074074074074
5588,3310050,card_addr,0.074074074074074
5588,3565415,card_addr,0.074074074074074
5588,3263080,card_addr,0.074074074074074
5588,3432058,card_addr,0.074074074074074
5588,3316219,card_addr,0.074074074074074
5588,3343869,card_addr,0.074074074074074
5625,3491072,card_addr,0.1186440677966101
5625,3118849,card_addr,0.1186440677966101
5625,3127425,card_addr,0.1186440677966101
5625,3500288,card_addr,0.1186440677966101
5625,3038983,card_addr,0.1186440677966101
5625,3504391,card_addr,0.1186440677966101
5625,3491340,card_addr,0.1186440677966101
5625,3401102,card_addr,0.1186440677966101
5625,3321359,card_addr,0.1186440677966101
5625,3264528,card_addr,0.1186440677966101
5625,3181201,card_addr,0.1186440677966101
5625,3443730,card_addr,0.1186440677966101
5625,3491091,card_addr,0.1186440677966101
5625,3138324,card_addr,0.1186440677966101
5625,3504405,card_addr,0.1186440677966101
5625,3118998,card_addr,0.1186440677966101
5625,3504526,card_addr,0.1186440677966101
5625,3118872,card_addr,0.1186440677966101
5625,3504530,card_addr,0.1186440677966101
5625,3118620,card_addr,0.1186440677966101
5625,3126941,card_addr,0.1186440677966101
5625,3009821,card_addr,0.1186440677966101
5625,3118878,card_addr,0.1186440677966101
5625,3308449,card_addr,0.1186440677966101
5625,3134884,card_addr,0.1186440677966101
5625,3401896,card_addr,0.1186440677966101
5625,3513359,card_addr,0.1186440677966101
5625,3403437,card_addr,0.1186440677966101
5625,3476013,card_addr,0.1186440677966101
5625,3134639,card_addr,0.1186440677966101
5625,3008177,card_addr,0.1186440677966101
5625,3263153,card_addr,0.1186440677966101
5625,3492785,card_addr,0.1186440677966101
5625,3252149,card_addr,0.1186440677966101
5625,3009850,card_addr,0.1186440677966101
5625,3226426,card_addr,0.1186440677966101
5625,3382074,card_addr,0.1186440677966101
5625,3442238,card_addr,0.1186440677966101
5625,3324863,card_addr,0.1186440677966101
5625,3135680,card_addr,0.1186440677966101
5625,3491391,card_addr,0.1186440677966101
5625,3496265,card_addr,0.1186440677966101
5625,3369546,card_addr,0.1186440677966101
5625,3524432,card_addr,0.1186440677966101
5625,2993494,card_addr,0.1186440677966101
5625,3002071,card_addr,0.1186440677966101
5625,3484760,card_addr,0.1186440677966101
5625,3369561,card_addr,0.1186440677966101
5625,3217759,card_addr,0.1186440677966101
5625,3490273,card_addr,0.1186440677966101
5625,3317349,card_addr,0.1186440677966101
5625,3009772,card_addr,0.1186440677966101
5625,3118831,card_addr,0.1186440677966101
5625,3441394,card_addr,0.1186440677966101
5625,3118836,card_addr,0.1186440677966101
5625,3303925,card_addr,0.1186440677966101
5625,3009786,card_addr,0.1186440677966101
5625,3026557,card_addr,0.1186440677966101
5625,3009791,card_addr,0.1186440677966101
5628,3150336,card_addr,0.0952380952380952
5628,3407105,card_addr,0.0952380952380952
5628,3540736,card_addr,0.0952380952380952
5628,3202566,card_addr,0.0952380952380952
5628,3388422,card_addr,0.0952380952380952
5628,3009288,card_addr,0.0952380952380952
5628,3502344,card_addr,0.0952380952380952
5628,3064972,card_addr,0.0952380952380952
5628,3249807,card_addr,0.0952380952380952
5628,3416465,card_addr,0.0952380952380952
5628,3180949,card_addr,0.0952380952380952
5628,3420566,card_addr,0.0952380952380952
5628,3202583,card_addr,0.0952380952380952
5628,3086872,card_addr,0.0952380952380952
5628,3006104,card_addr,0.0952380952380952
5628,3009565,card_addr,0.0952380952380952
5628,3018526,card_addr,0.0952380952380952
5628,3015975,card_addr,0.0952380952380952
5628,2999852,card_addr,0.0952380952380952
5628,3397936,card_addr,0.0952380952380952
5628,3506737,card_addr,0.0952380952380952
5628,3473589,card_addr,0.0952380952380952
5628,3506742,card_addr,0.0952380952380952
5628,3404476,card_addr,0.0952380952380952
5628,3243965,card_addr,0.0952380952380952
5628,3482304,card_addr,0.0952380952380952
5628,3116611,card_addr,0.0952380952380952
5628,3495113,card_addr,0.0952380952380952
5628,3560655,card_addr,0.0952380952380952
5628,3134804,card_addr,0.0952380952380952
5628,3424599,card_addr,0.0952380952380952
5628,2993499,card_addr,0.0952380952380952
5628,3216477,card_addr,0.0952380952380952
5628,3418333,card_addr,0.0952380952380952
5628,3484511,card_addr,0.0952380952380952
5628,3542367,card_addr,0.0952380952380952
5628,3570914,card_addr,0.0952380952380952
5628,3335012,card_addr,0.0952380952380952
5628,3498085,card_addr,0.0952380952380952
5628,3540196,card_addr,0.0952380952380952
5628,3429370,card_addr,0.0952380952380952
5628,3429374,card_addr,0.0952380952380952
5728,3466571,card_addr,0.25
5728,3023259,card_addr,0.25
5728,3308332,card_addr,0.25
5728,2993614,card_addr,0.25
5756,3247008,card_addr,0.1428571428571428
5756,3155172,card_addr,0.1428571428571428
5756,3441456,card_addr,0.1428571428571428
5756,2993649,card_addr,0.1428571428571428
5756,3446869,card_addr,0.1428571428571428
5756,3446872,card_addr,0.1428571428571428
5756,3323101,card_addr,0.1428571428571428
5766,2993666,device,0.074074074074074
5766,3502339,device,0.074074074074074
5766,3478030,device,0.074074074074074
5766,3352975,device,0.074074074074074
5766,3042448,device,0.074074074074074
5766,3184273,device,0.074074074074074
5766,3122068,device,0.074074074074074
5766,3044245,device,0.074074074074074
5766,3434262,device,0.074074074074074
5766,3331225,device,0.074074074074074
5766,3103897,device,0.074074074074074
5766,3128732,device,0.074074074074074
5766,3109920,device,0.074074074074074
5766,3318693,device,0.074074074074074
5766,3067950,device,0.074074074074074
5766,3564854,device,0.074074074074074
5766,2999223,device,0.074074074074074
5766,3564858,device,0.074074074074074
5766,3054781,device,0.074074074074074
5766,3175363,device,0.074074074074074
5766,3236419,device,0.074074074074074
5766,3288003,device,0.074074074074074
5766,3358288,device,0.074074074074074
5766,3119830,device,0.074074074074074
5766,3004127,device,0.074074074074074
5766,3276016,device,0.074074074074074
5766,3537398,device,0.074074074074074
5783,3183974,card_addr,0.1818181818181818
5783,3033480,card_addr,0.1818181818181818
5783,3180745,card_addr,0.1818181818181818
5783,3167628,card_addr,0.1818181818181818
5783,3033487,card_addr,0.1818181818181818
5783,3405617,card_addr,0.1818181818181818
5783,3033526,card_addr,0.1818181818181818
5783,2993686,card_addr,0.1818181818181818
5783,3046906,card_addr,0.1818181818181818
5783,3402843,card_addr,0.1818181818181818
5783,3037597,card_addr,0.1818181818181818
5823,3454593,card_addr,0.2258064516129032
5823,3139586,card_addr,0.2258064516129032
5823,3029251,card_addr,0.2258064516129032
5823,3072267,card_addr,0.2258064516129032
5823,3173003,card_addr,0.2258064516129032
5823,3145486,card_addr,0.2258064516129032
5823,3037461,card_addr,0.2258064516129032
5823,3126039,card_addr,0.2258064516129032
5823,3246999,card_addr,0.2258064516129032
5823,3295400,card_addr,0.2258064516129032
5823,3036331,card_addr,0.2258064516129032
5823,3025197,card_addr,0.2258064516129032
5823,3279032,card_addr,0.2258064516129032
5823,3148347,card_addr,0.2258064516129032
5823,3051068,card_addr,0.2258064516129032
5823,3148220,card_addr,0.2258064516129032
5823,3142975,card_addr,0.2258064516129032
5823,3192768,card_addr,0.2258064516129032
5823,2997571,card_addr,0.2258064516129032
5823,2993740,card_addr,0.2258064516129032
5823,3107788,card_addr,0.2258064516129032
5823,3055314,card_addr,0.2258064516129032
5823,3142998,card_addr,0.2258064516129032
5823,3101655,card_addr,0.2258064516129032
5823,3086040,card_addr,0.2258064516129032
5823,3143001,card_addr,0.2258064516129032
5823,3166941,card_addr,0.2258064516129032
5823,3454058,card_addr,0.2258064516129032
5823,3009259,card_addr,0.2258064516129032
5823,3009266,card_addr,0.2258064516129032
5823,3335676,card_addr,0.2258064516129032
5830,3145768,card_addr,0.0769230769230769
5830,3223433,card_addr,0.0769230769230769
5830,3270280,card_addr,0.0769230769230769
5830,3195307,card_addr,0.0769230769230769
5830,3334732,card_addr,0.0769230769230769
5830,3396587,card_addr,0.0769230769230769
5830,2993747,card_addr,0.0769230769230769
5830,3085653,card_addr,0.0769230769230769
5830,3482199,card_addr,0.0769230769230769
5830,3355768,card_addr,0.0769230769230769
5830,3545466,card_addr,0.0769230769230769
5830,3354459,card_addr,0.0769230769230769
5830,3033661,card_addr,0.0769230769230769
5861,3161376,card_addr,0.0833333333333333
5861,3033894,card_addr,0.0833333333333333
5861,3221030,device,0.0833333333333333
5861,3028107,card_addr,0.0833333333333333
5861,3132043,card_addr,0.0833333333333333
5861,3293868,card_addr,0.0833333333333333
5861,3464171,card_addr,0.0833333333333333
5861,3406347,device,0.0833333333333333
5861,2993780,card_addr,0.0833333333333333
5861,3368470,card_addr+device,0.0833333333333333
5861,3542358,device,0.0833333333333333
5861,3283931,card_addr,0.0833333333333333
5897,3006723,card_addr,0.5128205128205128
5897,3188484,card_addr,0.5128205128205128
5897,3357577,card_addr,0.5128205128205128
5897,3275917,card_addr,0.5128205128205128
5897,3003676,card_addr,0.5128205128205128
5897,3210525,card_addr,0.5128205128205128
5897,2993828,card_addr,0.5128205128205128
5897,3182885,card_addr,0.5128205128205128
5897,3171240,card_addr,0.5128205128205128
5897,3374507,card_addr,0.5128205128205128
5897,3307056,card_addr,0.5128205128205128
5897,3374517,card_addr,0.5128205128205128
5897,3254198,card_addr,0.5128205128205128
5897,3371069,card_addr,0.5128205128205128
5897,3204930,card_addr,0.5128205128205128
5897,3372227,card_addr,0.5128205128205128
5897,3476803,card_addr,0.5128205128205128
5897,3116487,card_addr,0.5128205128205128
5897,3358023,card_addr,0.5128205128205128
5897,3205578,card_addr,0.5128205128205128
5897,3188172,card_addr,0.5128205128205128
5897,3048013,card_addr,0.5128205128205128
5897,3369804,card_addr,0.5128205128205128
5897,3367376,card_addr,0.5128205128205128
5897,3358035,card_addr,0.5128205128205128
5897,3078613,card_addr,0.5128205128205128
5897,3374039,card_addr,0.5128205128205128
5897,3153240,card_addr,0.5128205128205128
5897,3004637,card_addr,0.5128205128205128
5897,3371102,card_addr,0.5128205128205128
5897,3374045,card_addr,0.5128205128205128
5897,3374051,card_addr,0.5128205128205128
5897,3327974,card_addr,0.5128205128205128
5897,3357926,card_addr,0.5128205128205128
5897,3374060,card_addr,0.5128205128205128
5897,3245551,card_addr,0.5128205128205128
5897,3357943,card_addr,0.5128205128205128
5897,3369848,card_addr,0.5128205128205128
5897,3343228,card_addr,0.5128205128205128
5907,3543552,card_addr,0.32
5907,3085825,card_addr,0.32
5907,3043842,card_addr,0.32
5907,3543553,card_addr,0.32
5907,3309829,card_addr,0.32
5907,3444743,card_addr,0.32
5907,3196936,card_addr,0.32
5907,3048717,card_addr,0.32
5907,3404824,card_addr,0.32
5907,3061147,card_addr,0.32
5907,3309980,card_addr,0.32
5907,3038749,card_addr,0.32
5907,3143198,card_addr,0.32
5907,3053471,card_addr,0.32
5907,3142303,card_addr,0.32
5907,3052195,card_addr,0.32
5907,3481770,card_addr,0.32
5907,3056942,card_addr,0.32
5907,2993839,card_addr,0.32
5907,3143214,card_addr,0.32
5907,3225647,card_addr,0.32
5907,3064243,card_addr,0.32
5907,3481398,card_addr,0.32
5907,3252154,card_addr,0.32
5907,3316285,card_addr,0.32
5907,3530182,card_addr,0.32
5907,2999112,card_addr,0.32
5907,3090636,card_addr,0.32
5907,3057613,card_addr,0.32
5907,2995793,card_addr,0.32
5907,3004626,card_addr,0.32
5907,3134291,card_addr,0.32
5907,3136722,card_addr,0.32
5907,3387859,card_addr,0.32
5907,3086427,card_addr,0.32
5907,3455323,card_addr,0.32
5907,3024349,card_addr,0.32
5907,3361376,card_addr,0.32
5907,3138018,card_addr,0.32
5907,3143268,card_addr,0.32
5907,3134309,card_addr,0.32
5907,3477988,card_addr,0.32
5907,3006696,card_addr,0.32
5907,3066601,card_addr,0.32
5907,3208176,card_addr,0.32
5907,3066609,card_addr,0.32
5907,3065458,card_addr,0.32
5907,3543548,card_addr,0.32
5907,3141245,card_addr,0.32
5907,3309822,card_addr,0.32
5950,3451395,card_addr,0.1
5950,3434885,card_addr,0.1
5950,3077897,card_addr,0.1
5950,3302153,card_addr,0.1
5950,3575305,card_addr,0.1
5950,3443470,card_addr,0.1
5950,3053711,card_addr,0.1
5950,3311889,card_addr,0.1
5950,3074834,card_addr+device,0.1
5950,3318418,card_addr,0.1
5950,3518485,card_addr,0.1
5950,3119126,device,0.1
5950,3573399,card_addr,0.1
5950,3461912,card_addr,0.1
5950,3259161,card_addr,0.1
5950,3366810,card_addr,0.1
5950,3569178,card_addr,0.1
5950,3350173,card_addr,0.1
5950,3567518,card_addr,0.1
5950,3396644,card_addr,0.1
5950,3002663,card_addr,0.1
5950,3461928,card_addr,0.1
5950,3061929,card_addr,0.1
5950,3125290,card_addr,0.1
5950,3487144,card_addr,0.1
5950,3092524,card_addr,0.1
5950,3487149,card_addr,0.1
5950,3487151,card_addr,0.1
5950,3570232,card_addr,0.1
5950,3256889,card_addr,0.1
5950,3136312,device,0.1
5950,3092539,card_addr,0.1
5950,3166015,card_addr,0.1
5950,3550533,card_addr,0.1
5950,3497289,card_addr,0.1
5950,3047242,card_addr,0.1
5950,3550921,card_addr,0.1
5950,3571537,card_addr,0.1
5950,3092434,card_addr,0.1
5950,3064275,card_addr,0.1
5950,3101522,device,0.1
5950,3139797,card_addr,0.1
5950,3341268,device,0.1
5950,3149273,card_addr,0.1
5950,3247840,card_addr,0.1
5950,3302498,device,0.1
5950,3574627,card_addr,0.1
5950,3092453,card_addr,0.1
5950,2993894,card_addr,0.1
5950,3288295,card_addr,0.1
5950,3302504,card_addr,0.1
5950,3466216,card_addr,0.1
5950,3302506,card_addr,0.1
5950,3269867,card_addr,0.1
5950,3288299,card_addr,0.1
5950,3484910,card_addr,0.1
5950,3210223,card_addr,0.1
5950,3418741,card_addr,0.1
5950,3285622,card_addr,0.1
5950,3484922,card_addr,0.1
5980,3203491,card_addr,0.1
5980,3302659,card_addr,0.1
5980,3110245,card_addr,0.1
5980,2993930,card_addr,0.1
5980,3061037,card_addr,0.1
5980,3547631,card_addr,0.1
5980,3173075,card_addr,0.1
5980,3122776,card_addr,0.1
5980,3005627,card_addr,0.1
5980,3547581,card_addr,0.1
6042,3255689,device,0.1724137931034483
6042,3372042,device,0.1724137931034483
6042,3255691,device,0.1724137931034483
6042,3463563,device,0.1724137931034483
6042,3118990,device,0.1724137931034483
6042,3463568,device,0.1724137931034483
6042,3284782,device,0.1724137931034483
6042,3096623,device,0.1724137931034483
6042,3385142,device,0.1724137931034483
6042,3142712,device,0.1724137931034483
6042,3153978,device,0.1724137931034483
6042,3249979,device,0.1724137931034483
6042,3302972,device,0.1724137931034483
6042,3249981,device,0.1724137931034483
6042,3251518,device,0.1724137931034483
6042,3406272,device,0.1724137931034483
6042,3303489,device,0.1724137931034483
6042,3391809,device,0.1724137931034483
6042,3249988,device,0.1724137931034483
6042,3568204,device,0.1724137931034483
6042,3370831,device,0.1724137931034483
6042,2994006,device,0.1724137931034483
6042,3182299,device,0.1724137931034483
6042,3000165,device,0.1724137931034483
6042,3286245,device,0.1724137931034483
6042,3058792,device,0.1724137931034483
6042,3228650,device,0.1724137931034483
6042,3509621,device,0.1724137931034483
6042,3087999,device,0.1724137931034483
6048,3116240,card_addr,1.0
6048,3116449,card_addr,1.0
6048,3500275,card_addr,1.0
6048,2994012,card_addr,1.0
6080,2994049,card_addr,0.3333333333333333
6080,3499602,card_addr,0.3333333333333333
6080,3561703,card_addr,0.3333333333333333
6087,3265545,card_addr,0.1139240506329113
6087,3395594,card_addr,0.1139240506329113
6087,3298829,card_addr,0.1139240506329113
6087,3214879,card_addr,0.1139240506329113
6087,3519524,card_addr,0.1139240506329113
6087,3073063,card_addr,0.1139240506329113
6087,3554344,card_addr,0.1139240506329113
6087,3544130,card_addr,0.1139240506329113
6087,3234884,card_addr,0.1139240506329113
6087,3142727,card_addr,0.1139240506329113
6087,3254871,card_addr,0.1139240506329113
6087,3292764,card_addr,0.1139240506329113
6087,3289697,card_addr,0.1139240506329113
6087,3030627,card_addr,0.1139240506329113
6087,3425894,card_addr,0.1139240506329113
6087,3308656,card_addr,0.1139240506329113
6087,3200637,card_addr,0.1139240506329113
6087,3493504,card_addr,0.1139240506329113
6087,3247746,card_addr,0.1139240506329113
6087,3109014,card_addr,0.1139240506329113
6087,3479703,card_addr,0.1139240506329113
6087,3041433,card_addr,0.1139240506329113
6087,3398810,card_addr,0.1139240506329113
6087,3081884,card_addr,0.1139240506329113
6087,3049637,card_addr,0.1139240506329113
6087,3168434,card_addr,0.1139240506329113
6087,3283642,card_addr,0.1139240506329113
6087,3529408,card_addr,0.1139240506329113
6087,2999492,card_addr,0.1139240506329113
6087,3181264,card_addr,0.1139240506329113
6087,3286228,card_addr,0.1139240506329113
6087,3049687,card_addr,0.1139240506329113
6087,3415777,card_addr,0.1139240506329113
6087,3051755,card_addr,0.1139240506329113
6087,3352315,card_addr,0.1139240506329113
6087,3286787,card_addr,0.1139240506329113
6087,3352327,card_addr,0.1139240506329113
6087,3270420,card_addr,0.1139240506329113
6087,3435811,card_addr,0.1139240506329113
6087,3183910,card_addr,0.1139240506329113
6087,3323700,card_addr,0.1139240506329113
6087,3198261,card_addr,0.1139240506329113
6087,3308345,card_addr,0.1139240506329113
6087,2995005,card_addr,0.1139240506329113
6087,3178301,card_addr,0.1139240506329113
6087,3235647,card_addr,0.1139240506329113
6087,3087695,card_addr,0.1139240506329113
6087,3287891,card_addr,0.1139240506329113
6087,3414376,card_addr,0.1139240506329113
6087,3235691,card_addr,0.1139240506329113
6087,3367280,card_addr,0.1139240506329113
6087,3259766,card_addr,0.1139240506329113
6087,3289462,card_addr,0.1139240506329113
6087,3259772,card_addr,0.1139240506329113
6087,3239809,card_addr,0.1139240506329113
6087,3271554,card_addr,0.1139240506329113
6087,3155331,card_addr,0.1139240506329113
6087,3313541,card_addr,0.1139240506329113
6087,2994057,card_addr,0.1139240506329113
6087,3274633,card_addr,0.1139240506329113
6087,3497865,card_addr,0.1139240506329113
6087,3356556,card_addr,0.1139240506329113
6087,3256732,card_addr,0.1139240506329113
6087,3298208,card_addr,0.1139240506329113
6087,3449252,card_addr,0.1139240506329113
6087,3298217,card_addr,0.1139240506329113
6087,3035576,card_addr,0.1139240506329113
6087,3491256,card_addr,0.1139240506329113
6087,3315645,card_addr,0.1139240506329113
6087,3362252,card_addr,0.1139240506329113
6087,3424204,card_addr,0.1139240506329113
6087,3563478,card_addr,0.1139240506329113
6087,3047388,card_addr,0.1139240506329113
6087,3084262,card_addr,0.1139240506329113
6087,3488230,card_addr,0.1139240506329113
6087,3084265,card_addr,0.1139240506329113
6087,3494891,card_addr,0.1139240506329113
6087,3041777,card_addr,0.1139240506329113
6087,3507701,card_addr,0.1139240506329113
6106,3370368,card_addr,0.0769230769230769
6106,3562368,card_addr,0.0769230769230769
6106,3360963,card_addr,0.0769230769230769
6106,3067588,card_addr,0.0769230769230769
6106,3450455,card_addr,0.0769230769230769
6106,3467704,card_addr,0.0769230769230769
6106,3226253,card_addr,0.0769230769230769
6106,3418352,card_addr,0.0769230769230769
6106,3466002,card_addr,0.0769230769230769
6106,3512978,card_addr,0.0769230769230769
6106,3082935,card_addr,0.0769230769230769
6106,3352920,card_addr,0.0769230769230769
6106,2994079,card_addr,0.0769230769230769
6155,3439763,card_addr,0.08
6155,3439764,card_addr,0.08
6155,3106711,card_addr,0.08
6155,3508390,card_addr,0.08
6155,3439784,card_addr,0.08
6155,3358891,card_addr,0.08
6155,3515181,card_addr,0.08
6155,3295158,card_addr,0.08
6155,3079351,card_addr,0.08
6155,3014845,card_addr,0.08
6155,3104454,card_addr,0.08
6155,3064136,card_addr,0.08
6155,3344971,card_addr,0.08
6155,3571535,card_addr,0.08
6155,3104468,card_addr,0.08
6155,3105494,card_addr,0.08
6155,2994135,card_addr,0.08
6155,3344984,card_addr,0.08
6155,3413087,card_addr,0.08
6155,3513055,card_addr,0.08
6155,3482081,card_addr,0.08
6155,3351779,card_addr,0.08
6155,3069809,card_addr,0.08
6155,3337209,card_addr,0.08
6155,3550715,card_addr,0.08
6195,3051136,card_addr,0.1111111111111111
6195,2994181,card_addr,0.1111111111111111
6195,3208966,card_addr,0.1111111111111111
6195,3292679,card_addr,0.1111111111111111
6195,3393290,card_addr,0.1111111111111111
6195,3557903,card_addr,0.1111111111111111
6195,3426576,card_addr,0.1111111111111111
6195,3132689,card_addr,0.1111111111111111
6195,3397783,card_addr,0.1111111111111111
6195,3465755,card_addr,0.1111111111111111
6195,3536796,card_addr,0.1111111111111111
6195,3058589,card_addr,0.1111111111111111
6195,3112990,card_addr,0.1111111111111111
6195,3397790,card_addr,0.1111111111111111
6195,3408157,card_addr,0.1111111111111111
6195,3117478,card_addr,0.1111111111111111
6195,3154470,card_addr,0.1111111111111111
6195,3346729,card_addr,0.1111111111111111
6195,3393963,card_addr,0.1111111111111111
6195,3160495,card_addr,0.1111111111111111
6195,3346738,card_addr,0.1111111111111111
6195,3486516,card_addr,0.1111111111111111
6195,3458358,card_addr,0.1111111111111111
6195,3377337,card_addr,0.1111111111111111
6195,3116606,card_addr,0.1111111111111111
6195,3081407,card_addr,0.1111111111111111
6195,3343678,card_addr,0.1111111111111111
6195,3487940,card_addr,0.1111111111111111
6195,3364808,card_addr,0.1111111111111111
6195,3238611,card_addr,0.1111111111111111
6195,3545687,card_addr,0.1111111111111111
6195,3393752,card_addr,0.1111111111111111
6195,3353561,card_addr,0.1111111111111111
6195,3304541,card_addr,0.1111111111111111
6195,3557855,card_addr,0.1111111111111111
6195,3364960,card_addr,0.1111111111111111
6195,3559778,card_addr,0.1111111111111111
6195,3434597,card_addr,0.1111111111111111
6195,3262952,card_addr,0.1111111111111111
6195,3380969,card_addr,0.1111111111111111
6195,3146092,card_addr,0.1111111111111111
6195,3364975,card_addr,0.1111111111111111
6195,3335287,card_addr,0.1111111111111111
6195,3292538,card_addr,0.1111111111111111
6195,3221373,card_addr,0.1111111111111111
6420,3524738,device,0.3846153846153846
6420,3516580,device,0.3846153846153846
6420,3538341,device,0.3846153846153846
6420,3538372,device,0.3846153846153846
6420,3464239,card_addr,0.3846153846153846
6420,3523247,device,0.3846153846153846
6420,2994449,card_addr,0.3846153846153846
6420,3474833,card_addr+device,0.3846153846153846
6420,3006321,card_addr,0.3846153846153846
6420,3538388,device,0.3846153846153846
6420,3538326,device,0.3846153846153846
6420,3541916,device,0.3846153846153846
6420,3576927,device,0.3846153846153846
6437,3153409,card_addr,0.074074074074074
6437,3383299,card_addr,0.074074074074074
6437,3338379,card_addr,0.074074074074074
6437,3005582,card_addr,0.074074074074074
6437,3553043,card_addr,0.074074074074074
6437,3388436,card_addr,0.074074074074074
6437,3431075,card_addr,0.074074074074074
6437,3008038,card_addr,0.074074074074074
6437,3273386,card_addr,0.074074074074074
6437,2994478,card_addr,0.074074074074074
6437,3134255,card_addr,0.074074074074074
6437,3134261,card_addr,0.074074074074074
6437,3184511,card_addr,0.074074074074074
6437,3551935,card_addr,0.074074074074074
6437,3553090,card_addr,0.074074074074074
6437,3551691,card_addr,0.074074074074074
6437,3270107,card_addr,0.074074074074074
6437,3010651,card_addr,0.074074074074074
6437,3400544,card_addr,0.074074074074074
6437,3125739,card_addr,0.074074074074074
6437,3278444,card_addr,0.074074074074074
6437,3431275,card_addr,0.074074074074074
6437,3167474,card_addr,0.074074074074074
6437,3184499,card_addr,0.074074074074074
6437,3431282,card_addr,0.074074074074074
6437,3273340,card_addr,0.074074074074074
6437,3273343,card_addr,0.074074074074074
6590,3259779,card_addr,0.0909090909090909
6590,3525130,card_addr,0.0909090909090909
6590,3525133,card_addr,0.0909090909090909
6590,3175834,card_addr,0.0909090909090909
6590,3531034,card_addr,0.0909090909090909
6590,3395880,card_addr,0.0909090909090909
6590,3276458,card_addr,0.0909090909090909
6590,3251119,card_addr,0.0909090909090909
6590,3214908,card_addr,0.0909090909090909
6590,3175879,card_addr,0.0909090909090909
6590,3262919,card_addr,0.0909090909090909
6590,3236809,card_addr,0.0909090909090909
6590,3262929,card_addr,0.0909090909090909
6590,3207381,card_addr,0.0909090909090909
6590,3204953,card_addr,0.0909090909090909
6590,3175903,card_addr,0.0909090909090909
6590,3207393,card_addr,0.0909090909090909
6590,2994659,card_addr,0.0909090909090909
6590,3247715,card_addr,0.0909090909090909
6590,3175909,card_addr,0.0909090909090909
6590,3175783,card_addr,0.0909090909090909
6590,3252720,card_addr,0.0909090909090909
6591,3001227,card_addr,0.0714285714285714
6591,3336974,card_addr,0.0714285714285714
6591,3000465,card_addr,0.0714285714285714
6591,3098003,card_addr,0.0714285714285714
6591,3269907,card_addr,0.0714285714285714
6591,3483799,card_addr,0.0714285714285714
6591,3099935,card_addr,0.0714285714285714
6591,3296031,card_addr,0.0714285714285714
6591,3086883,card_addr,0.0714285714285714
6591,3211816,card_addr,0.0714285714285714
6591,3296556,card_addr,0.0714285714285714
6591,3203762,card_addr,0.0714285714285714
6591,3483834,card_addr,0.0714285714285714
6591,3386561,card_addr,0.0714285714285714
6591,2999491,card_addr,0.0714285714285714
6591,3290948,card_addr,0.0714285714285714
6591,3273797,card_addr,0.0714285714285714
6591,3369427,card_addr,0.0714285714285714
6591,3212501,card_addr,0.0714285714285714
6591,3263445,card_addr,0.0714285714285714
6591,3471581,card_addr,0.0714285714285714
6591,3001183,card_addr,0.0714285714285714
6591,3095649,card_addr,0.0714285714285714
6591,2994660,card_addr,0.0714285714285714
6591,3228779,card_addr,0.0714285714285714
6591,3208049,card_addr,0.0714285714285714
6591,3277180,card_addr,0.0714285714285714
6591,3462782,card_addr,0.0714285714285714
6593,3002881,card_addr,0.5
6593,3337221,card_addr,0.5
6593,3049486,card_addr,0.5
6593,3557647,card_addr,0.5
6593,3440400,card_addr,0.5
6593,3000338,card_addr,0.5
6593,3002903,card_addr,0.5
6593,3156505,card_addr,0.5
6593,3299492,card_addr,0.5
6593,3006885,card_addr,0.5
6593,3462951,card_addr,0.5
6593,2995369,card_addr,0.5
6593,2996016,card_addr,0.5
6593,2996144,card_addr,0.5
6593,3000368,card_addr,0.5
6593,3123635,card_addr,0.5
6593,3516466,card_addr,0.5
6593,3006902,card_addr,0.5
6593,3190071,card_addr,0.5
6593,2995387,card_addr,0.5
6593,3007037,card_addr,0.5
6593,3007679,card_addr,0.5
6593,2995267,card_addr,0.5
6593,2995395,card_addr,0.5
6593,3015875,card_addr,0.5
6593,3006920,card_addr,0.5
6593,3246411,card_addr,0.5
6593,3125068,card_addr,0.5
6593,3418703,card_addr,0.5
6593,2998224,card_addr,0.5
6593,3418707,card_addr,0.5
6593,3163097,card_addr,0.5
6593,2998241,card_addr,0.5
6593,2994663,card_addr,0.5
6593,2995311,card_addr,0.5
6593,3087348,card_addr,0.5
6593,3270391,card_addr,0.5
6593,3460477,card_addr,0.5
6596,3116551,card_addr,0.1052631578947368
6596,3409547,card_addr,0.1052631578947368
6596,3320589,card_addr,0.1052631578947368
6596,3209102,card_addr,0.1052631578947368
6596,3328655,card_addr,0.1052631578947368
6596,3333394,card_addr,0.1052631578947368
6596,3282212,card_addr,0.1052631578947368
6596,3282214,card_addr,0.1052631578947368
6596,3064360,card_addr,0.1052631578947368
6596,3328696,card_addr,0.1052631578947368
6596,3206328,card_addr,0.1052631578947368
6596,3126849,card_addr,0.1052631578947368
6596,3111874,card_addr,0.1052631578947368
6596,3151427,card_addr,0.1052631578947368
6596,3320656,card_addr,0.1052631578947368
6596,3124053,card_addr,0.1052631578947368
6596,2994667,card_addr,0.1052631578947368
6596,3062254,card_addr,0.1052631578947368
6596,3179634,card_addr,0.1052631578947368
6606,3232962,card_addr,0.0769230769230769
6606,3083301,card_addr,0.0769230769230769
6606,3252806,card_addr,0.0769230769230769
6606,3252809,card_addr,0.0769230769230769
6606,3152138,card_addr,0.0769230769230769
6606,2999275,card_addr,0.0769230769230769
6606,3542318,card_addr,0.0769230769230769
6606,3430577,card_addr,0.0769230769230769
6606,3245907,card_addr,0.0769230769230769
6606,3311635,card_addr,0.0769230769230769
6606,3435830,card_addr,0.0769230769230769
6606,2994681,card_addr,0.0769230769230769
6606,3424506,card_addr,0.0769230769230769
6629,2994713,card_addr,0.5
6629,3419252,card_addr,0.5
6629,3157269,card_addr,0.5
6629,2997278,card_addr,0.5
6766,3571329,card_addr,0.0714285714285714
6766,2994885,card_addr,0.0714285714285714
6766,3519941,card_addr,0.0714285714285714
6766,3036552,card_addr,0.0714285714285714
6766,3442345,card_addr,0.0714285714285714
6766,2994890,card_addr,0.0714285714285714
6766,3460043,card_addr,0.0714285714285714
6766,2994893,card_addr,0.0714285714285714
6766,3001293,card_addr,0.0714285714285714
6766,3521678,card_addr,0.0714285714285714
6766,3087634,card_addr,0.0714285714285714
6766,3264214,card_addr,0.0714285714285714
6766,3019965,card_addr,0.0714285714285714
6766,3395455,card_addr,0.0714285714285714
6767,3104131,card_addr,0.1
6767,3104167,card_addr,0.1
6767,3103688,card_addr,0.1
6767,3216679,card_addr,0.1
6767,2994887,card_addr,0.1
6767,3352809,card_addr,0.1
6767,3476301,card_addr,0.1
6767,3434030,card_addr,0.1
6767,3536604,card_addr,0.1
6767,3268990,card_addr,0.1
6814,3168641,card_addr,0.1666666666666666
6814,3438085,card_addr,0.1666666666666666
6814,3051079,card_addr,0.1666666666666666
6814,3035243,card_addr,0.1666666666666666
6814,3528235,card_addr,0.1666666666666666
6814,3528238,card_addr,0.1666666666666666
6814,3048786,card_addr,0.1666666666666666
6814,3093557,card_addr,0.1666666666666666
6814,3434392,card_addr,0.1666666666666666
6814,3025976,card_addr,0.1666666666666666
6814,3059321,card_addr,0.1666666666666666
6814,2994943,card_addr,0.1666666666666666
6819,3047296,card_addr,0.1320754716981132
6819,3143168,card_addr,0.1320754716981132
6819,3112962,card_addr,0.1320754716981132
6819,3468931,card_addr,0.1320754716981132
6819,3193988,card_addr,0.1320754716981132
6819,2994949,card_addr,0.1320754716981132
6819,3490937,card_addr,0.1320754716981132
6819,3506180,card_addr,0.1320754716981132
6819,3490568,card_addr,0.1320754716981132
6819,3214089,card_addr,0.1320754716981132
6819,2996490,card_addr,0.1320754716981132
6819,3542027,card_addr,0.1320754716981132
6819,3086480,card_addr,0.1320754716981132
6819,3155729,card_addr,0.1320754716981132
6819,3050130,card_addr,0.1320754716981132
6819,3095698,card_addr,0.1320754716981132
6819,3419924,card_addr,0.1320754716981132
6819,3175192,card_addr,0.1320754716981132
6819,3240348,card_addr,0.1320754716981132
6819,3084446,card_addr,0.1320754716981132
6819,3327519,card_addr,0.1320754716981132
6819,3231527,card_addr,0.1320754716981132
6819,3204656,card_addr,0.1320754716981132
6819,3011642,card_addr,0.1320754716981132
6819,3253820,card_addr,0.1320754716981132
6819,3307068,card_addr,0.1320754716981132
6819,3536703,card_addr,0.1320754716981132
6819,3112384,card_addr,0.1320754716981132
6819,3528003,card_addr,0.1320754716981132
6819,3177028,card_addr,0.1320754716981132
6819,3113670,card_addr,0.1320754716981132
6819,3048391,card_addr,0.1320754716981132
6819,3237962,card_addr,0.1320754716981132
6819,3414605,card_addr,0.1320754716981132
6819,3521879,card_addr,0.1320754716981132
6819,3371224,card_addr,0.1320754716981132
6819,3159003,card_addr,0.1320754716981132
6819,3213663,card_addr,0.1320754716981132
6819,3237855,card_addr,0.1320754716981132
6819,3379680,card_addr,0.1320754716981132
6819,3570915,card_addr,0.1320754716981132
6819,3176807,card_addr,0.1320754716981132
6819,3299047,card_addr,0.1320754716981132
6819,3194351,card_addr,0.1320754716981132
6819,3251184,card_addr,0.1320754716981132
6819,3494513,card_addr,0.1320754716981132
6819,3251187,card_addr,0.1320754716981132
6819,3257845,card_addr,0.1320754716981132
6819,3521909,card_addr,0.1320754716981132
6819,3480952,card_addr,0.1320754716981132
6819,3428217,card_addr,0.1320754716981132
6819,3261947,card_addr,0.1320754716981132
6819,3550204,card_addr,0.1320754716981132
6861,3564944,card_addr,0.3023255813953488
6861,3349529,card_addr,0.3023255813953488
6861,3238938,card_addr,0.3023255813953488
6861,3203616,card_addr,0.3023255813953488
6861,3165473,card_addr,0.3023255813953488
6861,3380129,card_addr,0.3023255813953488
6861,3444768,card_addr,0.3023255813953488
6861,3445809,card_addr,0.3023255813953488
6861,3238196,card_addr,0.3023255813953488
6861,3200952,card_addr,0.3023255813953488
6861,3017144,card_addr,0.3023255813953488
6861,2995002,card_addr,0.3023255813953488
6861,3277241,card_addr,0.3023255813953488
6861,3418428,card_addr,0.3023255813953488
6861,3438269,card_addr,0.3023255813953488
6861,2997182,card_addr,0.3023255813953488
6861,3107579,card_addr,0.3023255813953488
6861,3451192,card_addr,0.3023255813953488
6861,3169218,card_addr,0.3023255813953488
6861,3445828,card_addr,0.3023255813953488
6861,3172550,card_addr,0.3023255813953488
6861,3388486,card_addr,0.3023255813953488
6861,3190601,card_addr,0.3023255813953488
6861,3238218,card_addr,0.3023255813953488
6861,3092427,card_addr,0.3023255813953488
6861,3200587,card_addr,0.3023255813953488
6861,3057746,card_addr,0.3023255813953488
6861,3444824,card_addr,0.3023255813953488
6861,3172441,card_addr,0.3023255813953488
6861,3447129,card_addr,0.3023255813953488
6861,3526489,card_addr,0.3023255813953488
6861,3172459,card_addr,0.3023255813953488
6861,3209964,card_addr,0.3023255813953488
6861,3235052,card_addr,0.3023255813953488
6861,3253869,card_addr,0.3023255813953488
6861,3345778,card_addr,0.3023255813953488
6861,3559410,card_addr,0.3023255813953488
6861,3526517,card_addr,0.3023255813953488
6861,3190647,card_addr,0.3023255813953488
6861,3445882,card_addr,0.3023255813953488
6861,3165435,card_addr,0.3023255813953488
6861,3295357,card_addr,0.3023255813953488
6861,3172351,card_addr,0.3023255813953488
6865,3566051,card_addr,0.6666666666666666
6865,3560423,card_addr,0.6666666666666666
6865,3575113,card_addr,0.6666666666666666
6865,3118156,card_addr,0.6666666666666666
6865,3567437,card_addr,0.6666666666666666
6865,3565999,card_addr,0.6666666666666666
6865,3031539,card_addr,0.6666666666666666
6865,3564819,card_addr,0.6666666666666666
6865,3116341,card_addr,0.6666666666666666
6865,3570268,card_addr,0.6666666666666666
6865,3275357,card_addr,0.6666666666666666
6865,2995007,card_addr,0.6666666666666666
6974,3573728,card_addr,0.2352941176470588
6974,3385927,card_addr,0.2352941176470588
6974,3508957,card_addr,0.2352941176470588
6974,3458697,card_addr,0.2352941176470588
6974,3089163,card_addr,0.2352941176470588
6974,3164172,card_addr,0.2352941176470588
6974,2995149,card_addr,0.2352941176470588
6974,3302221,card_addr,0.2352941176470588
6974,3332590,card_addr,0.2352941176470588
6974,3564843,card_addr,0.2352941176470588
6974,3571436,card_addr,0.2352941176470588
6974,3573645,card_addr,0.2352941176470588
6974,3184981,card_addr,0.2352941176470588
6974,3549717,card_addr,0.2352941176470588
6974,3172250,card_addr,0.2352941176470588
6974,3518588,card_addr,0.2352941176470588
6974,3064605,card_addr,0.2352941176470588
7008,3260944,card_addr,0.4
7008,2995186,card_addr,0.4
7008,3317044,card_addr,0.4
7008,3260952,card_addr,0.4
7008,3036346,card_addr,0.4
7087,2995281,card_addr,0.2
7087,2995636,card_addr,0.2
7087,3124629,card_addr,0.2
7087,3188536,card_addr,0.2
7087,3076767,card_addr,0.2
7109,3529859,card_addr,0.1666666666666666
7109,3315334,card_addr,0.1666666666666666
7109,3030599,card_addr,0.1666666666666666
7109,2995312,card_addr,0.1666666666666666
7109,3536946,card_addr,0.1666666666666666
7109,3160157,card_addr,0.1666666666666666
7230,3434145,card_addr,0.2727272727272727
7230,3539745,card_addr,0.2727272727272727
7230,3046499,card_addr,0.2727272727272727
7230,3539740,card_addr,0.2727272727272727
7230,3043464,card_addr,0.2727272727272727
7230,3074606,card_addr,0.2727272727272727
7230,3075279,card_addr,0.2727272727272727
7230,2995473,card_addr,0.2727272727272727
7230,3478263,card_addr,0.2727272727272727
7230,3478265,card_addr,0.2727272727272727
7230,3455964,card_addr,0.2727272727272727
7246,3241728,card_addr,0.6808510638297872
7246,3230214,card_addr,0.6808510638297872
7246,3059207,card_addr,0.6808510638297872
7246,3041160,card_addr,0.6808510638297872
7246,3237258,card_addr,0.6808510638297872
7246,3308302,card_addr,0.6808510638297872
7246,3122832,card_addr,0.6808510638297872
7246,3237269,card_addr,0.6808510638297872
7246,2995862,card_addr,0.6808510638297872
7246,3190934,card_addr,0.6808510638297872
7246,3242650,card_addr,0.6808510638297872
7246,3392795,card_addr,0.6808510638297872
7246,2997022,card_addr,0.6808510638297872
7246,3052575,card_addr,0.6808510638297872
7246,2995492,card_addr,0.6808510638297872
7246,3024165,card_addr,0.6808510638297872
7246,3084460,card_addr,0.6808510638297872
7246,3128364,card_addr,0.6808510638297872
7246,3061679,card_addr,0.6808510638297872
7246,3038384,card_addr,0.6808510638297872
7246,3259186,card_addr,0.6808510638297872
7246,3411891,card_addr,0.6808510638297872
7246,3390389,card_addr,0.6808510638297872
7246,3310519,card_addr,0.6808510638297872
7246,2995516,card_addr,0.6808510638297872
7246,3313853,card_addr,0.6808510638297872
7246,3030975,card_addr,0.6808510638297872
7246,3042627,card_addr,0.6808510638297872
7246,3193413,card_addr,0.6808510638297872
7246,3237191,card_addr,0.6808510638297872
7246,3038409,card_addr,0.6808510638297872
7246,3043657,card_addr,0.6808510638297872
7246,3222601,card_addr,0.6808510638297872
7246,3301705,card_addr,0.6808510638297872
7246,3310540,card_addr,0.6808510638297872
7246,3312977,card_addr,0.6808510638297872
7246,3138387,card_addr,0.6808510638297872
7246,3277021,card_addr,0.6808510638297872
7246,3084510,card_addr,0.6808510638297872
7246,2995936,card_addr,0.6808510638297872
7246,3213153,card_addr,0.6808510638297872
7246,3084393,card_addr,0.6808510638297872
7246,3401449,card_addr,0.6808510638297872
7246,3041132,card_addr,0.6808510638297872
7246,3042541,card_addr,0.6808510638297872
7246,3045741,card_addr,0.6808510638297872
7246,3058296,card_addr,0.6808510638297872
7293,3098080,card_addr,0.2142857142857142
7293,3091233,card_addr,0.2142857142857142
7293,3154594,card_addr,0.2142857142857142
7293,3505559,card_addr,0.2142857142857142
7293,3076492,card_addr,0.2142857142857142
7293,3508077,card_addr,0.2142857142857142
7293,3520655,card_addr,0.2142857142857142
7293,3149808,card_addr,0.2142857142857142
7293,3075188,card_addr,0.2142857142857142
7293,3046581,card_addr,0.2142857142857142
7293,3200372,card_addr,0.2142857142857142
7293,3353948,card_addr,0.2142857142857142
7293,3566842,card_addr,0.2142857142857142
7293,2995548,card_addr,0.2142857142857142
7343,3489069,card_addr,0.3333333333333333
7343,3257150,card_addr,0.3333333333333333
7343,2995615,card_addr,0.3333333333333333
7360,3184001,card_addr,0.075
7360,3156229,card_addr,0.075
7360,3341189,card_addr,0.075
7360,3130247,card_addr,0.075
7360,3292423,card_addr,0.075
7360,3491595,card_addr,0.075
7360,3545101,card_addr,0.075
7360,3491601,card_addr,0.075
7360,3538719,card_addr,0.075
7360,3564327,card_addr,0.075
7360,3553834,card_addr,0.075
7360,3000236,card_addr,0.075
7360,3243693,card_addr,0.075
7360,3085486,card_addr,0.075
7360,3300910,card_addr,0.075
7360,2995633,card_addr,0.075
7360,3268529,card_addr,0.075
7360,3399989,card_addr,0.075
7360,3110198,card_addr,0.075
7360,3275702,card_addr,0.075
7360,3562682,card_addr,0.075
7360,3204029,card_addr,0.075
7360,3042886,card_addr,0.075
7360,3340999,card_addr,0.075
7360,3387590,card_addr,0.075
7360,3244235,card_addr,0.075
7360,3090140,card_addr,0.075
7360,3199711,card_addr,0.075
7360,3089122,card_addr,0.075
7360,3448806,card_addr,0.075
7360,3491686,card_addr,0.075
7360,3243240,card_addr,0.075
7360,3030378,card_addr,0.075
7360,3575278,card_addr,0.075
7360,3575279,card_addr,0.075
7360,3372016,card_addr,0.075
7360,3346801,card_addr,0.075
7360,3486452,card_addr,0.075
7360,3477371,card_addr,0.075
7360,3296253,card_addr,0.075
7391,3090700,device,0.0833333333333333
7391,3391884,device,0.0833333333333333
7391,3206676,device,0.0833333333333333
7391,3213596,device,0.0833333333333333
7391,3081246,device,0.0833333333333333
7391,3130527,device,0.0833333333333333
7391,3213602,device,0.0833333333333333
7391,3213606,device,0.0833333333333333
7391,3135912,device,0.0833333333333333
7391,3213611,device,0.0833333333333333
7391,3213613,device,0.0833333333333333
7391,3470640,device,0.0833333333333333
7391,3213617,device,0.0833333333333333
7391,3341116,device,0.0833333333333333
7391,3165513,device,0.0833333333333333
7391,3321418,device,0.0833333333333333
7391,3404876,device,0.0833333333333333
7391,3125328,device,0.0833333333333333
7391,3436882,device,0.0833333333333333
7391,2995672,device,0.0833333333333333
7391,3126505,device,0.0833333333333333
7391,3362667,device,0.0833333333333333
7391,3205871,device,0.0833333333333333
7391,3061491,device,0.0833333333333333
7419,3061312,device,0.75
7419,3192865,device,0.75
7419,3192872,device,0.75
7419,3192393,device,0.75
7419,2995711,device,0.75
7419,3391729,device,0.75
7419,3192370,device,0.75
7419,3061300,device,0.75
7419,3294933,device,0.75
7419,2995707,device,0.75
7419,3192382,device,0.75
7419,3020991,device,0.75
7469,3105417,card_addr,0.081081081081081
7469,3001356,card_addr,0.081081081081081
7469,3199992,card_addr,0.081081081081081
7469,3109520,card_addr,0.081081081081081
7469,3361046,card_addr,0.081081081081081
7469,3391383,card_addr,0.081081081081081
7469,3254936,card_addr,0.081081081081081
7469,3102237,card_addr,0.081081081081081
7469,3302685,card_addr,0.081081081081081
7469,3253671,card_addr,0.081081081081081
7469,3107118,card_addr,0.081081081081081
7469,3266227,card_addr,0.081081081081081
7469,3095094,card_addr,0.081081081081081
7469,3254967,card_addr,0.081081081081081
7469,3043000,card_addr,0.081081081081081
7469,2995769,card_addr,0.081081081081081
7469,3292858,card_addr,0.081081081081081
7469,3557049,card_addr,0.081081081081081
7469,3361088,card_addr,0.081081081081081
7469,3004610,card_addr,0.081081081081081
7469,3533383,card_addr,0.081081081081081
7469,3199948,card_addr,0.081081081081081
7469,3361101,card_addr,0.081081081081081
7469,3115094,card_addr,0.081081081081081
7469,3257815,card_addr,0.081081081081081
7469,3052377,card_addr,0.081081081081081
7469,3109978,card_addr,0.081081081081081
7469,3115102,card_addr,0.081081081081081
7469,3115104,card_addr,0.081081081081081
7469,3016929,card_addr,0.081081081081081
7469,3092323,card_addr,0.081081081081081
7469,3214054,card_addr,0.081081081081081
7469,3006708,card_addr,0.081081081081081
7469,3007605,card_addr,0.081081081081081
7469,3572468,card_addr,0.081081081081081
7469,3183864,card_addr,0.081081081081081
7469,3290489,card_addr,0.081081081081081
7491,2995792,device,0.3333333333333333
7491,3268150,device,0.3333333333333333
7491,3104494,device,0.3333333333333333
7539,3394307,card_addr,0.3333333333333333
7539,3211016,card_addr,0.3333333333333333
7539,3158153,card_addr,0.3333333333333333
7539,2995857,card_addr,0.3333333333333333
7539,3279775,card_addr,0.3333333333333333
7539,3099170,card_addr,0.3333333333333333
7539,3397629,card_addr,0.3333333333333333
7539,3442482,card_addr,0.3333333333333333
7539,3158835,card_addr,0.3333333333333333
7539,3395252,card_addr,0.3333333333333333
7539,3017656,card_addr,0.3333333333333333
7539,3395257,card_addr,0.3333333333333333
7539,3486527,card_addr,0.3333333333333333
7539,3262920,card_addr,0.3333333333333333
7539,3388625,card_addr,0.3333333333333333
7539,3216097,card_addr,0.3333333333333333
7539,3037929,card_addr,0.3333333333333333
7539,3397613,card_addr,0.3333333333333333
7539,3029870,card_addr,0.3333333333333333
7539,3389038,card_addr,0.3333333333333333
7539,3389042,card_addr,0.3333333333333333
7539,3212410,card_addr,0.3333333333333333
7539,3327101,card_addr,0.3333333333333333
7539,3158142,card_addr,0.3333333333333333
7549,3183630,card_addr,0.1
7549,3442326,card_addr,0.1
7549,3076119,card_addr,0.1
7549,2995874,card_addr,0.1
7549,3022756,card_addr,0.1
7549,3499684,card_addr,0.1
7549,3032102,card_addr,0.1
7549,3024169,card_addr,0.1
7549,3132459,card_addr,0.1
7549,3277105,card_addr,0.1
7549,3442244,card_addr,0.1
7549,2997576,card_addr,0.1
7549,3550027,card_addr,0.1
7549,3459533,card_addr,0.1
7549,3075676,card_addr,0.1
7549,3075806,card_addr,0.1
7549,3543012,card_addr,0.1
7549,3476592,card_addr,0.1
7549,3490299,card_addr,0.1
7549,3276927,card_addr,0.1
7608,3019144,card_addr,0.1
7608,3569289,card_addr,0.1
7608,3468171,card_addr,0.1
7608,3129102,card_addr,0.1
7608,3425820,card_addr,0.1
7608,3149364,card_addr,0.1
7608,3413945,card_addr,0.1
7608,3072058,card_addr,0.1
7608,2999103,card_addr,0.1
7608,3410880,card_addr,0.1
7608,3335238,card_addr,0.1
7608,3326279,card_addr,0.1
7608,3077454,card_addr,0.1
7608,3480918,card_addr,0.1
7608,3132120,card_addr,0.1
7608,2995942,card_addr,0.1
7608,3336813,card_addr,0.1
7608,3440113,card_addr,0.1
7608,3569650,card_addr,0.1
7608,3553268,card_addr,0.1
7613,3416707,card_addr,0.225
7613,3423619,card_addr,0.225
7613,3360519,card_addr,0.225
7613,3401351,card_addr,0.225
7613,3289611,card_addr,0.225
7613,3488011,card_addr,0.225
7613,3428496,card_addr,0.225
7613,3486737,card_addr,0.225
7613,3486740,card_addr,0.225
7613,3174933,card_addr,0.225
7613,3531797,card_addr,0.225
7613,3538452,card_addr,0.225
7613,3099552,card_addr,0.225
7613,3409440,card_addr,0.225
7613,3531812,card_addr,0.225
7613,3509287,card_addr,0.225
7613,3531815,card_addr,0.225
7613,3244330,card_addr,0.225
7613,3305643,card_addr,0.225
7613,3363118,card_addr,0.225
7613,3363631,card_addr,0.225
7613,3556657,card_addr,0.225
7613,3168949,card_addr,0.225
7613,3362873,card_addr,0.225
7613,3513027,card_addr,0.225
7613,3543236,card_addr,0.225
7613,3502025,card_addr,0.225
7613,3053131,card_addr,0.225
7613,3358806,card_addr,0.225
7613,3366230,card_addr,0.225
7613,3202790,card_addr,0.225
7613,3228263,card_addr,0.225
7613,3180776,card_addr,0.225
7613,3397478,card_addr,0.225
7613,3509222,card_addr,0.225
7613,2995947,card_addr,0.225
7613,3016428,card_addr,0.225
7613,3509231,card_addr,0.225
7613,3288821,card_addr,0.225
7613,3368319,card_addr,0.225
7623,3056130,card_addr,0.2127659574468085
7623,3316616,card_addr,0.2127659574468085
7623,3218825,card_addr,0.2127659574468085
7623,3069579,card_addr,0.2127659574468085
7623,3412747,card_addr,0.2127659574468085
7623,3195661,card_addr,0.2127659574468085
7623,3486476,card_addr,0.2127659574468085
7623,3225487,card_addr,0.2127659574468085
7623,3100691,card_addr,0.2127659574468085
7623,3209876,card_addr,0.2127659574468085
7623,3390228,card_addr,0.2127659574468085
7623,3163802,card_addr,0.2127659574468085
7623,3405850,card_addr,0.2127659574468085
7623,3059357,card_addr,0.2127659574468085
7623,3013021,card_addr,0.2127659574468085
7623,3548829,card_addr,0.2127659574468085
7623,3105059,card_addr,0.2127659574468085
7623,3310505,card_addr,0.2127659574468085
7623,3557935,card_addr,0.2127659574468085
7623,3002161,card_addr,0.2127659574468085
7623,3161777,card_addr,0.2127659574468085
7623,3266747,card_addr,0.2127659574468085
7623,3008062,card_addr,0.2127659574468085
7623,3395646,card_addr,0.2127659574468085
7623,3532606,card_addr,0.2127659574468085
7623,3500482,card_addr,0.2127659574468085
7623,3227845,card_addr,0.2127659574468085
7623,3446986,card_addr,0.2127659574468085
7623,3139661,card_addr,0.2127659574468085
7623,3143246,card_addr,0.2127659574468085
7623,3151057,card_addr,0.2127659574468085
7623,3464657,card_addr,0.2127659574468085
7623,3500377,card_addr,0.2127659574468085
7623,3124058,card_addr,0.2127659574468085
7623,3098204,card_addr,0.2127659574468085
7623,3298015,card_addr,0.2127659574468085
7623,3320801,card_addr,0.2127659574468085
7623,3386217,card_addr,0.2127659574468085
7623,3412843,card_addr,0.2127659574468085
7623,3500395,card_addr,0.2127659574468085
7623,3148269,card_addr,0.2127659574468085
7623,3411950,card_addr,0.2127659574468085
7623,2998128,card_addr,0.2127659574468085
7623,3545713,card_addr,0.2127659574468085
7623,3452787,card_addr,0.2127659574468085
7623,3249780,card_addr,0.2127659574468085
7623,2995960,card_addr,0.2127659574468085
7728,3486464,card_addr,0.0869565217391304
7728,3486466,card_addr,0.0869565217391304
7728,3085963,card_addr,0.0869565217391304
7728,3144716,card_addr,0.0869565217391304
7728,3552526,card_addr,0.0869565217391304
7728,3476252,card_addr,0.0869565217391304
7728,3185694,card_addr,0.0869565217391304
7728,3200798,card_addr,0.0869565217391304
7728,3154354,card_addr,0.0869565217391304
7728,3486514,card_addr,0.0869565217391304
7728,3162548,card_addr,0.0869565217391304
7728,3470260,card_addr,0.0869565217391304
7728,3032631,card_addr,0.0869565217391304
7728,3027897,card_addr,0.0869565217391304
7728,3283771,card_addr,0.0869565217391304
7728,3242831,card_addr,0.0869565217391304
7728,3083477,card_addr,0.0869565217391304
7728,3107030,card_addr,0.0869565217391304
7728,3121653,card_addr,0.0869565217391304
7728,3174646,card_addr,0.0869565217391304
7728,3214965,card_addr,0.0869565217391304
7728,2996088,card_addr,0.0869565217391304
7728,3019774,card_addr,0.0869565217391304
7818,3058819,device,0.1780821917808219
7818,3424899,device,0.1780821917808219
7818,3197957,device,0.1780821917808219
7818,3037316,card_addr,0.1780821917808219
7818,3071368,device,0.1780821917808219
7818,3122444,device,0.1780821917808219
7818,3369484,device,0.1780821917808219
7818,3364625,device,0.1780821917808219
7818,3398290,device,0.1780821917808219
7818,3106195,device,0.1780821917808219
7818,3405075,device,0.1780821917808219
7818,3003540,card_addr,0.1780821917808219
7818,3239190,device,0.1780821917808219
7818,3112727,device,0.1780821917808219
7818,3107480,device,0.1780821917808219
7818,3122461,device,0.1780821917808219
7818,3122462,device,0.1780821917808219
7818,3068319,device,0.1780821917808219
7818,3193246,device,0.1780821917808219
7818,3364639,device,0.1780821917808219
7818,3364640,device,0.1780821917808219
7818,3376541,device,0.1780821917808219
7818,3466527,device,0.1780821917808219
7818,3032605,card_addr,0.1780821917808219
7818,3032611,card_addr,0.1780821917808219
7818,3116200,device,0.1780821917808219
7818,3018793,card_addr,0.1780821917808219
7818,3468462,device,0.1780821917808219
7818,3189681,device,0.1780821917808219
7818,3491762,device,0.1780821917808219
7818,3197620,device,0.1780821917808219
7818,3147704,device,0.1780821917808219
7818,3058745,device,0.1780821917808219
7818,3372605,device,0.1780821917808219
7818,3133377,device,0.1780821917808219
7818,3013057,card_addr,0.1780821917808219
7818,3293253,device,0.1780821917808219
7818,3109320,device,0.1780821917808219
7818,3280200,device,0.1780821917808219
7818,3141962,device,0.1780821917808219
7818,3225549,device,0.1780821917808219
7818,3396050,device,0.1780821917808219
7818,3008211,card_addr,0.1780821917808219
7818,3037268,card_addr,0.1780821917808219
7818,3131095,device,0.1780821917808219
7818,3131099,device,0.1780821917808219
7818,3030237,card_addr,0.1780821917808219
7818,3131102,device,0.1780821917808219
7818,2996191,device,0.1780821917808219
7818,3262819,device,0.1780821917808219
7818,3010660,card_addr+device,0.1780821917808219
7818,3058789,device,0.1780821917808219
7818,3131108,device,0.1780821917808219
7818,3257700,device,0.1780821917808219
7818,3131112,device,0.1780821917808219
7818,3175913,device,0.1780821917808219
7818,3400548,device,0.1780821917808219
7818,3131115,device,0.1780821917808219
7818,3032547,card_addr,0.1780821917808219
7818,3131117,device,0.1780821917808219
7818,3131118,device,0.1780821917808219
7818,3131120,device,0.1780821917808219
7818,3058801,device,0.1780821917808219
7818,3131122,device,0.1780821917808219
7818,3131123,device,0.1780821917808219
7818,3131124,device,0.1780821917808219
7818,3428083,device,0.1780821917808219
7818,3391862,device,0.1780821917808219
7818,3577075,device,0.1780821917808219
7818,3173880,device,0.1780821917808219
7818,3012977,card_addr,0.1780821917808219
7818,3028853,card_addr,0.1780821917808219
7818,3018749,card_addr,0.1780821917808219
8034,3216179,device,0.5
8034,3043956,device,0.5
8034,3290501,device,0.5
8034,2996471,device,0.5
8040,3424420,card_addr,1.0
8040,3019558,card_addr,1.0
8040,3119751,card_addr,1.0
8040,3163534,card_addr,1.0
8040,3314863,card_addr,1.0
8040,3497011,card_addr,1.0
8040,3464823,card_addr,1.0
8040,3481917,card_addr,1.0
8040,2996479,card_addr,1.0
8052,3499909,card_addr,0.3333333333333333
8052,3034311,card_addr,0.3333333333333333
8052,3136587,card_addr,0.3333333333333333
8052,3519596,card_addr,0.3333333333333333
8052,2996494,card_addr,0.3333333333333333
8052,3136590,card_addr,0.3333333333333333
8052,3064944,card_addr,0.3333333333333333
8052,3210514,card_addr,0.3333333333333333
8052,3082483,card_addr,0.3333333333333333
8052,3132116,card_addr,0.3333333333333333
8052,3355222,card_addr,0.3333333333333333
8052,3210615,card_addr,0.3333333333333333
8073,3141572,card_addr,0.2
8073,3353125,card_addr,0.2
8073,2996518,card_addr,0.2
8073,3035914,card_addr,0.2
8073,3033711,card_addr,0.2
8073,3060242,card_addr,0.2
8073,2996531,card_addr,0.2
8073,3167187,card_addr,0.2
8073,3274037,card_addr,0.2
8073,3501212,card_addr,0.2
8084,3078593,card_addr,0.3333333333333333
8084,3562947,card_addr,0.3333333333333333
8084,2996535,card_addr,0.3333333333333333
8148,3145088,device,0.2
8148,3058817,device,0.2
8148,3083521,device,0.2
8148,3372280,device,0.2
8148,3385088,device,0.2
8148,3385093,device,0.2
8148,3386371,device,0.2
8148,3052167,device,0.2
8148,3217416,device,0.2
8148,3385097,device,0.2
8148,3070474,device,0.2
8148,3499401,device,0.2
8148,3531396,device,0.2
8148,3385101,device,0.2
8148,3197326,device,0.2
8148,3063695,device,0.2
8148,3160463,device,0.2
8148,3233939,device,0.2
8148,3171348,device,0.2
8148,3250581,device,0.2
8148,3203488,device,0.2
8148,3231777,device,0.2
8148,3531425,device,0.2
8148,3102118,device,0.2
8148,3363367,device,0.2
8148,3380264,device,0.2
8148,3127849,device,0.2
8148,3391786,device,0.2
8148,3543336,device,0.2
8148,3543339,device,0.2
8148,3391794,device,0.2
8148,3127220,device,0.2
8148,3281077,device,0.2
8148,3380278,device,0.2
8148,3385141,device,0.2
8148,3217464,device,0.2
8148,3386360,device,0.2
8148,3543223,device,0.2
8148,3234235,device,0.2
8148,3284539,device,0.2
8148,3543228,device,0.2
8148,3149763,device,0.2
8148,3544388,device,0.2
8148,3544390,device,0.2
8148,3516364,device,0.2
8148,3377231,device,0.2
8148,3386366,device,0.2
8148,3230172,device,0.2
8148,3284222,device,0.2
8148,3048545,device,0.2
8148,3264357,device,0.2
8148,3372263,device,0.2
8148,3507687,device,0.2
8148,3142637,device,0.2
8148,3034878,device,0.2
8148,3394944,device,0.2
8148,3142640,device,0.2
8148,3154289,device,0.2
8148,3385072,device,0.2
8148,3385075,device,0.2
8148,3543280,device,0.2
8148,3202680,device,0.2
8148,3528316,device,0.2
8148,3281021,device,0.2
8148,2996606,device,0.2
8222,3106560,device,0.2153846153846154
8222,3223297,device,0.2153846153846154
8222,3226242,device,0.2153846153846154
8222,3404546,device,0.2153846153846154
8222,3110916,device,0.2153846153846154
8222,3281796,device,0.2153846153846154
8222,3056652,device,0.2153846153846154
8222,3126285,device,0.2153846153846154
8222,3110932,device,0.2153846153846154
8222,3359253,device,0.2153846153846154
8222,3223446,device,0.2153846153846154
8222,3396122,device,0.2153846153846154
8222,3398170,device,0.2153846153846154
8222,3397919,device,0.2153846153846154
8222,3495840,device,0.2153846153846154
8222,3104161,device,0.2153846153846154
8222,3407650,device,0.2153846153846154
8222,3041443,device,0.2153846153846154
8222,3094948,device,0.2153846153846154
8222,3324579,device,0.2153846153846154
8222,3072806,device,0.2153846153846154
8222,3495845,device,0.2153846153846154
8222,3527839,device,0.2153846153846154
8222,3540264,device,0.2153846153846154
8222,3255082,device,0.2153846153846154
8222,3500716,device,0.2153846153846154
8222,3449261,device,0.2153846153846154
8222,3281840,device,0.2153846153846154
8222,3138229,device,0.2153846153846154
8222,3477941,device,0.2153846153846154
8222,3223354,device,0.2153846153846154
8222,3395773,device,0.2153846153846154
8222,3050362,device,0.2153846153846154
8222,3271104,device,0.2153846153846154
8222,3112260,device,0.2153846153846154
8222,3223365,device,0.2153846153846154
8222,3231690,device,0.2153846153846154
8222,3314384,device,0.2153846153846154
8222,3128274,device,0.2153846153846154
8222,3436754,device,0.2153846153846154
8222,3356502,device,0.2153846153846154
8222,3135191,device,0.2153846153846154
8222,2996695,device,0.2153846153846154
8222,3437016,device,0.2153846153846154
8222,3191515,device,0.2153846153846154
8222,3223418,device,0.2153846153846154
8222,3560160,device,0.2153846153846154
8222,3225953,device,0.2153846153846154
8222,3507553,device,0.2153846153846154
8222,3223267,device,0.2153846153846154
8222,3231076,device,0.2153846153846154
8222,3142118,device,0.2153846153846154
8222,3223272,device,0.2153846153846154
8222,3223400,device,0.2153846153846154
8222,3314280,device,0.2153846153846154
8222,3037547,device,0.2153846153846154
8222,3401453,device,0.2153846153846154
8222,3223408,device,0.2153846153846154
8222,3031409,device,0.2153846153846154
8222,3420530,device,0.2153846153846154
8222,3056890,device,0.2153846153846154
8222,3488891,device,0.2153846153846154
8222,3396220,device,0.2153846153846154
8222,3223293,device,0.2153846153846154
8222,3072766,device,0.2153846153846154
8290,3482369,card_addr,0.09375
8290,3180419,card_addr,0.09375
8290,3011716,card_addr,0.09375
8290,3391365,card_addr,0.09375
8290,3011460,device,0.09375
8290,3307399,card_addr+device,0.09375
8290,3277701,card_addr,0.09375
8290,3063306,card_addr+device,0.09375
8290,3455114,card_addr,0.09375
8290,3463946,card_addr,0.09375
8290,3463948,card_addr,0.09375
8290,3272206,card_addr,0.09375
8290,3463951,card_addr,0.09375
8290,3005840,device,0.09375
8290,3463952,card_addr,0.09375
8290,3043474,card_addr,0.09375
8290,3469834,device,0.09375
8290,3469837,device,0.09375
8290,3469838,device,0.09375
8290,3351190,device,0.09375
8290,3469840,device,0.09375
8290,3232280,card_addr,0.09375
8290,3320984,card_addr,0.09375
8290,3383194,device,0.09375
8290,3484440,device,0.09375
8290,3480989,card_addr,0.09375
8290,2996766,device,0.09375
8290,3543838,card_addr,0.09375
8290,3275552,card_addr,0.09375
8290,3069729,card_addr,0.09375
8290,3363237,card_addr,0.09375
8290,3118374,card_addr,0.09375
8290,3089445,device,0.09375
8290,3317546,card_addr,0.09375
8290,3509293,device,0.09375
8290,3005874,device,0.09375
8290,3024449,card_addr,0.09375
8290,3034049,device,0.09375
8290,3316166,device,0.09375
8290,3011655,card_addr+device,0.09375
8290,3091273,device,0.09375
8290,3089101,card_addr,0.09375
8290,3205199,device,0.09375
8290,3023441,card_addr+device,0.09375
8290,3141331,card_addr,0.09375
8290,3270611,card_addr+device,0.09375
8290,3079640,device,0.09375
8290,3004893,card_addr,0.09375
8290,3070692,device,0.09375
8290,3254505,card_addr,0.09375
8290,3181034,card_addr,0.09375
8290,3077611,card_addr,0.09375
8290,3277290,card_addr,0.09375
8290,3065068,device,0.09375
8290,3342572,card_addr,0.09375
8290,3186032,card_addr,0.09375
8290,3120369,card_addr,0.09375
8290,3275633,card_addr,0.09375
8290,3234165,card_addr,0.09375
8290,3219066,card_addr+device,0.09375
8290,3496699,card_addr,0.09375
8290,3231740,card_addr,0.09375
8290,3275646,card_addr,0.09375
8290,3509375,device,0.09375
8340,3033350,card_addr,0.125
8340,3227150,card_addr,0.125
8340,3128596,card_addr,0.125
8340,3170325,card_addr,0.125
8340,3560748,card_addr,0.125
8340,3274797,card_addr,0.125
8340,3444913,card_addr,0.125
8340,3089717,card_addr,0.125
8340,3238589,card_addr,0.125
8340,3433411,card_addr,0.125
8340,3257291,card_addr,0.125
8340,3370832,card_addr,0.125
8340,3238609,card_addr,0.125
8340,3162580,card_addr,0.125
8340,3139157,card_addr,0.125
8340,3370714,card_addr,0.125
8340,3274714,card_addr,0.125
8340,3370717,card_addr,0.125
8340,2996830,card_addr,0.125
8340,3490911,card_addr,0.125
8340,3336936,card_addr,0.125
8340,3037162,card_addr,0.125
8340,3013612,card_addr,0.125
8340,3092208,card_addr,0.125
8363,3344227,card_addr,0.4166666666666667
8363,3398950,card_addr,0.4166666666666667
8363,3049387,card_addr,0.4166666666666667
8363,3176781,card_addr,0.4166666666666667
8363,3049394,card_addr,0.4166666666666667
8363,3010547,card_addr,0.4166666666666667
8363,3145012,card_addr,0.4166666666666667
8363,3356531,card_addr,0.4166666666666667
8363,3291382,card_addr,0.4166666666666667
8363,2996858,card_addr,0.4166666666666667
8363,3199419,card_addr,0.4166666666666667
8363,3010559,card_addr,0.4166666666666667
8497,2997024,card_addr,0.1111111111111111
8497,3529121,card_addr,0.1111111111111111
8497,3535714,card_addr,0.1111111111111111
8497,3440358,card_addr,0.1111111111111111
8497,3546214,card_addr,0.1111111111111111
8497,3440046,card_addr,0.1111111111111111
8497,3298545,card_addr,0.1111111111111111
8497,3439921,card_addr,0.1111111111111111
8497,3539863,card_addr,0.1111111111111111
8527,3220928,card_addr,0.1176470588235294
8527,3073281,card_addr,0.1176470588235294
8527,3277922,card_addr,0.1176470588235294
8527,3165667,card_addr,0.1176470588235294
8527,3329155,card_addr,0.1176470588235294
8527,2997062,card_addr,0.1176470588235294
8527,3115144,card_addr,0.1176470588235294
8527,3233769,card_addr,0.1176470588235294
8527,3027658,card_addr,0.1176470588235294
8527,3417806,card_addr,0.1176470588235294
8527,3320336,card_addr,0.1176470588235294
8527,3154514,card_addr,0.1176470588235294
8527,3220986,card_addr,0.1176470588235294
8527,3433114,card_addr,0.1176470588235294
8527,3514040,card_addr,0.1176470588235294
8527,3165658,card_addr,0.1176470588235294
8527,3336827,card_addr,0.1176470588235294
8528,3529731,card_addr,0.1097560975609756
8528,3472910,card_addr,0.1097560975609756
8528,3563028,card_addr,0.1097560975609756
8528,3291683,card_addr,0.1097560975609756
8528,3184679,card_addr,0.1097560975609756
8528,3036715,card_addr,0.1097560975609756
8528,3275830,card_addr,0.1097560975609756
8528,3095097,card_addr,0.1097560975609756
8528,3570751,card_addr,0.1097560975609756
8528,3244614,card_addr,0.1097560975609756
8528,3146313,card_addr,0.1097560975609756
8528,3437141,card_addr,0.1097560975609756
8528,3570773,card_addr,0.1097560975609756
8528,3415131,card_addr,0.1097560975609756
8528,3346012,card_addr,0.1097560975609756
8528,3415136,card_addr,0.1097560975609756
8528,3165284,card_addr,0.1097560975609756
8528,3415142,card_addr,0.1097560975609756
8528,3281003,card_addr,0.1097560975609756
8528,3346041,card_addr,0.1097560975609756
8528,3146363,card_addr,0.1097560975609756
8528,3555971,card_addr,0.1097560975609756
8528,3119238,card_addr,0.1097560975609756
8528,3515024,card_addr,0.1097560975609756
8528,3146388,card_addr,0.1097560975609756
8528,3473046,card_addr,0.1097560975609756
8528,3186840,card_addr,0.1097560975609756
8528,3387033,card_addr,0.1097560975609756
8528,3475096,card_addr,0.1097560975609756
8528,3415206,card_addr,0.1097560975609756
8528,3138224,card_addr,0.1097560975609756
8528,3124401,card_addr,0.1097560975609756
8528,3415216,card_addr,0.1097560975609756
8528,3253427,card_addr,0.1097560975609756
8528,3472570,card_addr,0.1097560975609756
8528,3475130,card_addr,0.1097560975609756
8528,3415236,card_addr,0.1097560975609756
8528,3415243,card_addr,0.1097560975609756
8528,3168976,card_addr,0.1097560975609756
8528,3244756,card_addr,0.1097560975609756
8528,3480286,card_addr,0.1097560975609756
8528,3146463,card_addr,0.1097560975609756
8528,3032807,card_addr,0.1097560975609756
8528,3358440,card_addr,0.1097560975609756
8528,3146491,card_addr,0.1097560975609756
8528,3358466,card_addr,0.1097560975609756
8528,3269389,card_addr,0.1097560975609756
8528,3348758,card_addr,0.1097560975609756
8528,3253533,card_addr,0.1097560975609756
8528,3475235,card_addr,0.1097560975609756
8528,3146535,card_addr,0.1097560975609756
8528,3383596,card_addr,0.1097560975609756
8528,3158833,card_addr,0.1097560975609756
8528,3465016,card_addr,0.1097560975609756
8528,3356985,card_addr,0.1097560975609756
8528,3132218,card_addr,0.1097560975609756
8528,3480386,card_addr,0.1097560975609756
8528,2997064,card_addr,0.1097560975609756
8528,3458904,card_addr,0.1097560975609756
8528,3560792,card_addr,0.1097560975609756
8528,3299166,card_addr,0.1097560975609756
8528,3473259,card_addr,0.1097560975609756
8528,3299188,card_addr,0.1097560975609756
8528,3366773,card_addr,0.1097560975609756
8528,3490170,card_addr,0.1097560975609756
8528,3570554,card_addr,0.1097560975609756
8528,3489150,card_addr,0.1097560975609756
8528,3489159,card_addr,0.1097560975609756
8528,3472789,card_addr,0.1097560975609756
8528,3475365,card_addr,0.1097560975609756
8528,3472852,card_addr,0.1097560975609756
8528,3441109,card_addr,0.1097560975609756
8528,3514325,card_addr,0.1097560975609756
8528,2997207,card_addr,0.1097560975609756
8528,3278298,card_addr,0.1097560975609756
8528,3487206,card_addr,0.1097560975609756
8528,3253738,card_addr,0.1097560975609756
8528,3490282,card_addr,0.1097560975609756
8528,3171823,card_addr,0.1097560975609756
8528,3441140,card_addr,0.1097560975609756
8528,3553785,card_addr,0.1097560975609756
8528,3553786,card_addr,0.1097560975609756
8660,3429888,device,0.32
8660,3367817,device,0.32
8660,3367822,device,0.32
8660,3047569,device,0.32
8660,3367826,device,0.32
8660,3368469,device,0.32
8660,3368474,device,0.32
8660,3421101,device,0.32
8660,3357107,device,0.32
8660,3440950,device,0.32
8660,3307832,device,0.32
8660,3187653,device,0.32
8660,3113799,device,0.32
8660,3530318,device,0.32
8660,3234520,device,0.32
8660,3414617,device,0.32
8660,3545695,device,0.32
8660,3512801,device,0.32
8660,3367402,device,0.32
8660,3143275,device,0.32
8660,3512810,device,0.32
8660,2997233,device,0.32
8660,3113969,device,0.32
8660,3058034,device,0.32
8660,3254001,device,0.32
8675,2997250,card_addr,0.1264367816091954
8675,3475463,card_addr,0.1264367816091954
8675,3441688,card_addr,0.1264367816091954
8675,3120668,card_addr,0.1264367816091954
8675,3038238,card_addr,0.1264367816091954
8675,3119666,card_addr,0.1264367816091954
8675,3434042,card_addr,0.1264367816091954
8675,3118654,card_addr,0.1264367816091954
8675,3221056,card_addr,0.1264367816091954
8675,3205700,card_addr,0.1264367816091954
8675,3191877,card_addr,0.1264367816091954
8675,3502676,card_addr,0.1264367816091954
8675,3080277,card_addr,0.1264367816091954
8675,3502679,card_addr,0.1264367816091954
8675,3059289,card_addr,0.1264367816091954
8675,3481185,card_addr,0.1264367816091954
8675,3429986,card_addr,0.1264367816091954
8675,3481186,card_addr,0.1264367816091954
8675,3481188,card_addr,0.1264367816091954
8675,3216494,card_addr,0.1264367816091954
8675,3488878,card_addr,0.1264367816091954
8675,3527796,card_addr,0.1264367816091954
8675,3216503,card_addr,0.1264367816091954
8675,3297401,card_addr,0.1264367816091954
8675,3080313,card_addr,0.1264367816091954
8675,3252350,card_addr,0.1264367816091954
8675,3124862,card_addr,0.1264367816091954
8675,3044991,card_addr,0.1264367816091954
8675,3430021,card_addr,0.1264367816091954
8675,3430022,card_addr,0.1264367816091954
8675,3469957,card_addr,0.1264367816091954
8675,3112078,card_addr,0.1264367816091954
8675,3086483,card_addr,0.1264367816091954
8675,3199123,card_addr,0.1264367816091954
8675,3069086,card_addr,0.1264367816091954
8675,3206817,card_addr,0.1264367816091954
8675,3108006,card_addr,0.1264367816091954
8675,3430061,card_addr,0.1264367816091954
8675,3435699,card_addr,0.1264367816091954
8675,3435707,card_addr,0.1264367816091954
8675,3206847,card_addr,0.1264367816091954
8675,3043523,card_addr,0.1264367816091954
8675,3181764,card_addr,0.1264367816091954
8675,3262156,card_addr,0.1264367816091954
8675,3293902,card_addr,0.1264367816091954
8675,3435733,card_addr,0.1264367816091954
8675,3045080,card_addr,0.1264367816091954
8675,3435737,card_addr,0.1264367816091954
8675,3481824,card_addr,0.1264367816091954
8675,3427558,card_addr,0.1264367816091954
8675,3230444,card_addr,0.1264367816091954
8675,3200750,card_addr,0.1264367816091954
8675,3092211,card_addr,0.1264367816091954
8675,3184372,card_addr,0.1264367816091954
8675,3200770,card_addr,0.1264367816091954
8675,3230469,card_addr,0.1264367816091954
8675,3184393,card_addr,0.1264367816091954
8675,3121930,card_addr,0.1264367816091954
8675,3214603,card_addr,0.1264367816091954
8675,3186452,card_addr,0.1264367816091954
8675,3185439,card_addr,0.1264367816091954
8675,3255586,card_addr,0.1264367816091954
8675,3383598,card_addr,0.1264367816091954
8675,3252536,card_addr,0.1264367816091954
8675,3264829,card_addr,0.1264367816091954
8675,3065696,card_addr,0.1264367816091954
8675,3087207,card_addr,0.1264367816091954
8675,3505513,card_addr,0.1264367816091954
8675,3505515,card_addr,0.1264367816091954
8675,3005806,card_addr,0.1264367816091954
8675,3206531,card_addr,0.1264367816091954
8675,3252104,card_addr,0.1264367816091954
8675,3333011,card_addr,0.1264367816091954
8675,3053463,card_addr,0.1264367816091954
8675,3235224,card_addr,0.1264367816091954
8675,3518361,card_addr,0.1264367816091954
8675,3091872,card_addr,0.1264367816091954
8675,3087269,card_addr,0.1264367816091954
8675,3197865,card_addr,0.1264367816091954
8675,3264938,card_addr,0.1264367816091954
8675,3266511,card_addr,0.1264367816091954
8675,3198429,card_addr,0.1264367816091954
8675,3135966,card_addr,0.1264367816091954
8675,3050975,card_addr,0.1264367816091954
8675,3145189,card_addr,0.1264367816091954
8675,3198451,card_addr,0.1264367816091954
8675,3122173,card_addr,0.1264367816091954
8684,3407744,card_addr,0.075
8684,3083393,card_addr,0.075
8684,3085828,card_addr,0.075
8684,3124870,card_addr,0.075
8684,2997260,card_addr,0.075
8684,3060244,card_addr,0.075
8684,3060117,card_addr,0.075
8684,3529366,card_addr,0.075
8684,3046556,card_addr,0.075
8684,3147420,card_addr,0.075
8684,3060128,card_addr,0.075
8684,3503401,card_addr,0.075
8684,3559337,card_addr,0.075
8684,3060270,card_addr,0.075
8684,3475889,card_addr,0.075
8684,3060146,card_addr,0.075
8684,3353015,card_addr,0.075
8684,3528636,card_addr,0.075
8684,3538879,card_addr,0.075
8684,3528643,card_addr,0.075
8684,3046988,card_addr,0.075
8684,3169485,card_addr,0.075
8684,3143118,card_addr,0.075
8684,3229775,card_addr,0.075
8684,3545167,card_addr,0.075
8684,3506005,card_addr,0.075
8684,3538904,card_addr,0.075
8684,3378523,card_addr,0.075
8684,3060066,card_addr,0.075
8684,3127139,card_addr,0.075
8684,3050469,card_addr,0.075
8684,3074025,card_addr,0.075
8684,3167466,card_addr,0.075
8684,3060077,card_addr,0.075
8684,3087343,card_addr,0.075
8684,3188079,card_addr,0.075
8684,3353712,card_addr,0.075
8684,3353716,card_addr,0.075
8684,3060220,card_addr,0.075
8684,3448831,card_addr,0.075
8687,2997281,device,0.0909090909090909
8687,3383073,device,0.0909090909090909
8687,3307578,device,0.0909090909090909
8687,3383079,device,0.0909090909090909
8687,2997263,device,0.0909090909090909
8687,3376467,device,0.0909090909090909
8687,2999028,device,0.0909090909090909
8687,3246260,device,0.0909090909090909
8687,2997271,device,0.0909090909090909
8687,3224122,device,0.0909090909090909
8687,3383071,device,0.0909090909090909
8690,3016616,card_addr,0.4166666666666667
8690,3228584,card_addr,0.4166666666666667
8690,3059978,card_addr,0.4166666666666667
8690,3448168,card_addr,0.4166666666666667
8690,2997266,card_addr,0.4166666666666667
8690,3020276,card_addr,0.4166666666666667
8690,3465628,card_addr,0.4166666666666667
8690,3197177,card_addr,0.4166666666666667
8690,3448154,card_addr,0.4166666666666667
8690,3047067,card_addr,0.4166666666666667
8690,3448156,card_addr,0.4166666666666667
8690,3469118,card_addr,0.4166666666666667
8732,3045505,card_addr,0.303030303030303
8732,3256719,card_addr,0.303030303030303
8732,3014288,card_addr,0.303030303030303
8732,3091734,card_addr,0.303030303030303
8732,3095832,card_addr,0.303030303030303
8732,2999066,card_addr,0.303030303030303
8732,3372067,card_addr,0.303030303030303
8732,3303333,card_addr,0.303030303030303
8732,3382311,card_addr,0.303030303030303
8732,3256875,card_addr,0.303030303030303
8732,3249582,card_addr,0.303030303030303
8732,3249584,card_addr,0.303030303030303
8732,3370933,card_addr,0.303030303030303
8732,3371834,card_addr,0.303030303030303
8732,3370047,card_addr,0.303030303030303
8732,3348416,card_addr,0.303030303030303
8732,3352257,card_addr,0.303030303030303
8732,2997320,card_addr,0.303030303030303
8732,3213131,card_addr,0.303030303030303
8732,3370955,card_addr,0.303030303030303
8732,3371861,card_addr,0.303030303030303
8732,3068006,card_addr,0.303030303030303
8732,3095782,card_addr,0.303030303030303
8732,3343206,card_addr,0.303030303030303
8732,3348332,card_addr,0.303030303030303
8732,3371759,card_addr,0.303030303030303
8732,3080689,card_addr,0.303030303030303
8732,3369330,card_addr,0.303030303030303
8732,3473138,card_addr,0.303030303030303
8732,3473140,card_addr,0.303030303030303
8732,3373301,card_addr,0.303030303030303
8732,3512570,card_addr,0.303030303030303
8732,3369470,card_addr,0.303030303030303
8733,3300994,card_addr,0.1428571428571428
8733,3333250,card_addr,0.1428571428571428
8733,3357636,card_addr,0.1428571428571428
8733,3300999,card_addr,0.1428571428571428
8733,2997323,card_addr,0.1428571428571428
8733,3301003,card_addr,0.1428571428571428
8733,3306286,card_addr,0.1428571428571428
8733,3333234,card_addr,0.1428571428571428
8733,3062547,card_addr,0.1428571428571428
8733,3197140,card_addr,0.1428571428571428
8733,3301013,card_addr,0.1428571428571428
8733,3361207,card_addr,0.1428571428571428
8733,3041912,card_addr,0.1428571428571428
8733,3074175,card_addr,0.1428571428571428
8791,3123840,device,0.08
8791,3543555,device,0.08
8791,3018117,device,0.08
8791,3105670,device,0.08
8791,3493382,device,0.08
8791,3495557,device,0.08
8791,3130891,device,0.08
8791,3106316,device,0.08
8791,3105677,device,0.08
8791,3159182,device,0.08
8791,3246477,device,0.08
8791,2997393,device,0.08
8791,3114260,device,0.08
8791,3294229,device,0.08
8791,3531028,device,0.08
8791,3106327,device,0.08
8791,3116567,device,0.08
8791,3531033,device,0.08
8791,3318174,device,0.08
8791,3226272,device,0.08
8791,3258785,device,0.08
8791,3361698,device,0.08
8791,3190307,device,0.08
8791,3171108,device,0.08
8791,3103525,device,0.08
8791,3258788,device,0.08
8791,3422497,device,0.08
8791,3106217,device,0.08
8791,3037611,device,0.08
8791,3047981,device,0.08
8791,3229357,device,0.08
8791,2997423,device,0.08
8791,3106224,device,0.08
8791,3254574,device,0.08
8791,3031474,device,0.08
8791,3249075,device,0.08
8791,3271859,device,0.08
8791,3342389,device,0.08
8791,3402804,device,0.08
8791,3541427,device,0.08
8791,3247416,device,0.08
8791,3394873,device,0.08
8791,3039678,device,0.08
8791,2997438,device,0.08
8791,3298623,device,0.08
8791,3339585,device,0.08
8791,3159106,device,0.08
8791,3206979,device,0.08
8791,3159112,device,0.08
8791,3291977,device,0.08
8791,3334987,device,0.08
8791,3036876,device,0.08
8791,3048535,device,0.08
8791,3105624,device,0.08
8791,3117656,device,0.08
8791,3231705,device,0.08
8791,3252440,device,0.08
8791,3315419,device,0.08
8791,3092701,device,0.08
8791,3189342,device,0.08
8791,3568860,device,0.08
8791,3105632,device,0.08
8791,3423328,device,0.08
8791,3120354,device,0.08
8791,3327333,device,0.08
8791,3105639,device,0.08
8791,3109993,device,0.08
8791,3553129,device,0.08
8791,3429359,device,0.08
8791,3409651,device,0.08
8791,3456375,device,0.08
8791,3450617,device,0.08
8791,3453306,device,0.08
8791,3053822,device,0.08
8791,3532031,device,0.08
8810,3376264,card_addr,0.0769230769230769
8810,3310345,card_addr,0.0769230769230769
8810,3269515,card_addr,0.0769230769230769
8810,3242126,card_addr,0.0769230769230769
8810,3465486,card_addr,0.0769230769230769
8810,3115537,card_addr,0.0769230769230769
8810,3546897,card_addr,0.0769230769230769
8810,3490707,card_addr,0.0769230769230769
8810,3234581,card_addr,0.0769230769230769
8810,3543575,card_addr,0.0769230769230769
8810,2997417,card_addr,0.0769230769230769
8810,3461162,card_addr,0.0769230769230769
8810,3037496,card_addr,0.0769230769230769
8810,3545531,card_addr,0.0769230769230769
8810,3217980,card_addr,0.0769230769230769
8810,3181118,card_addr,0.0769230769230769
8810,3248083,card_addr,0.0769230769230769
8810,3218011,card_addr,0.0769230769230769
8810,3181147,card_addr,0.0769230769230769
8810,3324255,card_addr,0.0769230769230769
8810,3306983,card_addr,0.0769230769230769
8810,3272179,card_addr,0.0769230769230769
8810,3104501,card_addr,0.0769230769230769
8810,3050617,card_addr,0.0769230769230769
8810,3028858,card_addr,0.0769230769230769
8810,3265278,card_addr,0.0769230769230769
8843,3024256,card_addr,0.0869565217391304
8843,3477383,card_addr,0.0869565217391304
8843,3029264,card_addr,0.0869565217391304
8843,3230608,card_addr,0.0869565217391304
8843,3522843,card_addr,0.0869565217391304
8843,3445916,card_addr,0.0869565217391304
8843,3095581,card_addr,0.0869565217391304
8843,3049377,card_addr,0.0869565217391304
8843,3389217,card_addr,0.0869565217391304
8843,3522850,card_addr,0.0869565217391304
8843,3044525,card_addr,0.0869565217391304
8843,3096497,card_addr,0.0869565217391304
8843,3445566,card_addr,0.0869565217391304
8843,3476672,card_addr,0.0869565217391304
8843,2997457,card_addr,0.0869565217391304
8843,3386065,card_addr,0.0869565217391304
8843,3560273,card_addr,0.0869565217391304
8843,3400668,card_addr,0.0869565217391304
8843,3103072,card_addr,0.0869565217391304
8843,3075306,card_addr,0.0869565217391304
8843,3335276,card_addr,0.0869565217391304
8843,3389172,card_addr,0.0869565217391304
8843,3207413,card_addr,0.0869565217391304
8865,3574083,card_addr,0.0769230769230769
8865,3135591,card_addr,0.0769230769230769
8865,3322026,card_addr,0.0769230769230769
8865,3497051,card_addr,0.0769230769230769
8865,2997484,card_addr,0.0769230769230769
8865,3534032,card_addr,0.0769230769230769
8865,3123025,card_addr,0.0769230769230769
8865,3426015,card_addr,0.0769230769230769
8865,3497141,card_addr,0.0769230769230769
8865,3327542,card_addr,0.0769230769230769
8865,3088410,card_addr,0.0769230769230769
8865,3400187,card_addr,0.0769230769230769
8865,3031551,card_addr,0.0769230769230769
8923,3148417,device,0.0845070422535211
8923,3354626,device,0.0845070422535211
8923,3135877,device,0.0845070422535211
8923,3128590,device,0.0845070422535211
8923,3054227,device,0.0845070422535211
8923,3088020,device,0.0845070422535211
8923,3285144,device,0.0845070422535211
8923,3485593,device,0.0845070422535211
8923,3285019,device,0.0845070422535211
8923,3186333,device,0.0845070422535211
8923,3393949,device,0.0845070422535211
8923,3088033,device,0.0845070422535211
8923,3335077,device,0.0845070422535211
8923,3407141,device,0.0845070422535211
8923,3441063,device,0.0845070422535211
8923,3402024,device,0.0845070422535211
8923,3125545,device,0.0845070422535211
8923,3088042,device,0.0845070422535211
8923,3324971,device,0.0845070422535211
8923,3114924,device,0.0845070422535211
8923,3325097,device,0.0845070422535211
8923,3338283,device,0.0845070422535211
8923,3357102,device,0.0845070422535211
8923,3402927,device,0.0845070422535211
8923,3241908,device,0.0845070422535211
8923,3547828,device,0.0845070422535211
8923,2997558,device,0.0845070422535211
8923,3454008,device,0.0845070422535211
8923,3164483,device,0.0845070422535211
8923,3358660,device,0.0845070422535211
8923,3522726,device,0.0845070422535211
8923,3118534,device,0.0845070422535211
8923,3264967,device,0.0845070422535211
8923,3164490,device,0.0845070422535211
8923,3139531,device,0.0845070422535211
8923,3145932,device,0.0845070422535211
8923,3268299,device,0.0845070422535211
8923,3529422,device,0.0845070422535211
8923,3164497,device,0.0845070422535211
8923,3393617,device,0.0845070422535211
8923,3079507,device,0.0845070422535211
8923,3283284,device,0.0845070422535211
8923,3250645,device,0.0845070422535211
8923,3079510,device,0.0845070422535211
8923,3164502,device,0.0845070422535211
8923,3068380,device,0.0845070422535211
8923,3164508,device,0.0845070422535211
8923,3513436,device,0.0845070422535211
8923,3471071,device,0.0845070422535211
8923,3513441,device,0.0845070422535211
8923,3264868,device,0.0845070422535211
8923,3018725,device,0.0845070422535211
8923,3288934,device,0.0845070422535211
8923,3393382,device,0.0845070422535211
8923,3513448,device,0.0845070422535211
8923,3464553,device,0.0845070422535211
8923,3025901,device,0.0845070422535211
8923,3198063,device,0.0845070422535211
8923,3255793,device,0.0845070422535211
8923,3142642,device,0.0845070422535211
8923,3142643,device,0.0845070422535211
8923,3142644,device,0.0845070422535211
8923,3053301,device,0.0845070422535211
8923,3147508,device,0.0845070422535211
8923,3186295,device,0.0845070422535211
8923,3283317,device,0.0845070422535211
8923,3265017,device,0.0845070422535211
8923,3404149,device,0.0845070422535211
8923,3429238,device,0.0845070422535211
8923,3390973,device,0.0845070422535211
8923,3079550,device,0.0845070422535211
8996,3388934,device,0.1212121212121212
8996,3468423,device,0.1212121212121212
8996,3512198,device,0.1212121212121212
8996,3165961,device,0.1212121212121212
8996,3276810,device,0.1212121212121212
8996,3019275,device,0.1212121212121212
8996,3437326,device,0.1212121212121212
8996,3465358,device,0.1212121212121212
8996,3314709,device,0.1212121212121212
8996,3396374,device,0.1212121212121212
8996,3123223,device,0.1212121212121212
8996,2997660,device,0.1212121212121212
8996,3051807,device,0.1212121212121212
8996,3455097,device,0.1212121212121212
8996,3560354,device,0.1212121212121212
8996,3560357,device,0.1212121212121212
8996,3560358,device,0.1212121212121212
8996,3365285,card_addr,0.1212121212121212
8996,3008806,card_addr,0.1212121212121212
8996,3452328,card_addr,0.1212121212121212
8996,3560363,device,0.1212121212121212
8996,3024686,card_addr,0.1212121212121212
8996,3511607,device,0.1212121212121212
8996,3161016,device,0.1212121212121212
8996,3511610,device,0.1212121212121212
8996,3116091,device,0.1212121212121212
8996,3551931,device,0.1212121212121212
8996,3127485,device,0.1212121212121212
8996,3018558,device,0.1212121212121212
8996,3057215,device,0.1212121212121212
8996,3106879,device,0.1212121212121212
8996,3318461,device,0.1212121212121212
8996,3318462,device,0.1212121212121212
8996,3318465,device,0.1212121212121212
8996,3008835,card_addr,0.1212121212121212
8996,3318471,device,0.1212121212121212
8996,3281736,device,0.1212121212121212
8996,3318473,device,0.1212121212121212
8996,3391048,device,0.1212121212121212
8996,3450699,device,0.1212121212121212
8996,3318476,device,0.1212121212121212
8996,3008717,device,0.1212121212121212
8996,3465550,device,0.1212121212121212
8996,3394768,device,0.1212121212121212
8996,3091665,device,0.1212121212121212
8996,3008722,card_addr+device,0.1212121212121212
8996,3356115,device,0.1212121212121212
8996,3435474,device,0.1212121212121212
8996,3019221,device,0.1212121212121212
8996,3496661,device,0.1212121212121212
8996,3101399,device,0.1212121212121212
8996,3528529,device,0.1212121212121212
8996,3528533,device,0.1212121212121212
8996,3008732,card_addr+device,0.1212121212121212
8996,3383006,device,0.1212121212121212
8996,3130335,device,0.1212121212121212
8996,3496675,device,0.1212121212121212
8996,3427048,device,0.1212121212121212
8996,3011049,card_addr,0.1212121212121212
8996,3532781,device,0.1212121212121212
8996,3450736,device,0.1212121212121212
8996,3415156,device,0.1212121212121212
8996,3391093,device,0.1212121212121212
8996,3076216,device,0.1212121212121212
8996,3019257,device,0.1212121212121212
8996,3019262,device,0.1212121212121212
9082,3019232,device,0.4545454545454545
9082,3306660,device,0.4545454545454545
9082,2997765,device,0.4545454545454545
9082,3551589,device,0.4545454545454545
9082,3019176,device,0.4545454545454545
9082,3309642,device,0.4545454545454545
9082,3019180,device,0.4545454545454545
9082,3279022,device,0.4545454545454545
9082,3279023,device,0.4545454545454545
9082,3176536,device,0.4545454545454545
9082,3309628,device,0.4545454545454545
9162,3284741,card_addr,0.0967741935483871
9162,3246726,card_addr,0.0967741935483871
9162,3028232,card_addr,0.0967741935483871
9162,3067917,card_addr,0.0967741935483871
9162,3150742,card_addr,0.0967741935483871
9162,3286174,card_addr,0.0967741935483871
9162,3371041,card_addr,0.0967741935483871
9162,3299494,card_addr,0.0967741935483871
9162,3326374,card_addr,0.0967741935483871
9162,3336619,card_addr,0.0967741935483871
9162,3423917,card_addr,0.0967741935483871
9162,3338419,card_addr,0.0967741935483871
9162,3286197,card_addr,0.0967741935483871
9162,3471925,card_addr,0.0967741935483871
9162,3298361,card_addr,0.0967741935483871
9162,3391034,card_addr,0.0967741935483871
9162,3353788,card_addr,0.0967741935483871
9162,3240893,card_addr,0.0967741935483871
9162,3001024,card_addr,0.0967741935483871
9162,3076548,card_addr,0.0967741935483871
9162,3320646,card_addr,0.0967741935483871
9162,3272657,card_addr,0.0967741935483871
9162,3344210,card_addr,0.0967741935483871
9162,3382105,card_addr,0.0967741935483871
9162,3277018,card_addr,0.0967741935483871
9162,3381474,card_addr,0.0967741935483871
9162,3503465,card_addr,0.0967741935483871
9162,2997868,card_addr,0.0967741935483871
9162,3328629,card_addr,0.0967741935483871
9162,3362683,card_addr,0.0967741935483871
9162,3230077,card_addr,0.0967741935483871
9238,3297210,card_addr,0.0714285714285714
9238,3083906,card_addr,0.0714285714285714
9238,3576514,card_addr,0.0714285714285714
9238,3317252,card_addr,0.0714285714285714
9238,3265319,card_addr,0.0714285714285714
9238,3045160,card_addr,0.0714285714285714
9238,3057545,card_addr,0.0714285714285714
9238,3381480,card_addr,0.0714285714285714
9238,3009932,card_addr,0.0714285714285714
9238,3311468,card_addr,0.0714285714285714
9238,3520273,card_addr,0.0714285714285714
9238,3478518,card_addr,0.0714285714285714
9238,2997978,card_addr,0.0714285714285714
9238,3148094,card_addr,0.0714285714285714
9249,3541784,card_addr,0.1578947368421052
9249,3388569,card_addr,0.1578947368421052
9249,3541786,card_addr,0.1578947368421052
9249,3293097,card_addr,0.1578947368421052
9249,3061163,card_addr,0.1578947368421052
9249,3216430,card_addr,0.1578947368421052
9249,3037875,card_addr,0.1578947368421052
9249,3345217,card_addr,0.1578947368421052
9249,3151307,card_addr,0.1578947368421052
9249,3384651,card_addr,0.1578947368421052
9249,3040974,card_addr,0.1578947368421052
9249,3262158,card_addr,0.1578947368421052
9249,3045714,card_addr,0.1578947368421052
9249,3130578,card_addr,0.1578947368421052
9249,3262168,card_addr,0.1578947368421052
9249,3262170,card_addr,0.1578947368421052
9249,3069795,card_addr,0.1578947368421052
9249,2997991,card_addr,0.1578947368421052
9249,3216505,card_addr,0.1578947368421052
9289,3090304,card_addr,0.1081081081081081
9289,3554561,card_addr,0.1081081081081081
9289,3170306,card_addr,0.1081081081081081
9289,3053059,card_addr,0.1081081081081081
9289,3129223,card_addr,0.1081081081081081
9289,3296650,card_addr,0.1081081081081081
9289,3120651,card_addr,0.1081081081081081
9289,3538317,card_addr,0.1081081081081081
9289,3559568,card_addr,0.1081081081081081
9289,3559187,card_addr,0.1081081081081081
9289,3410583,card_addr,0.1081081081081081
9289,2998043,card_addr,0.1081081081081081
9289,3051422,card_addr,0.1081081081081081
9289,3333154,card_addr,0.1081081081081081
9289,3472034,card_addr,0.1081081081081081
9289,3473955,card_addr,0.1081081081081081
9289,3461287,card_addr,0.1081081081081081
9289,3212072,card_addr,0.1081081081081081
9289,3364905,card_addr,0.1081081081081081
9289,3051436,card_addr,0.1081081081081081
9289,3005997,card_addr,0.1081081081081081
9289,3255225,card_addr,0.1081081081081081
9289,3375805,card_addr,0.1081081081081081
9289,3346754,card_addr,0.1081081081081081
9289,3041475,card_addr,0.1081081081081081
9289,3516798,card_addr,0.1081081081081081
9289,3026630,card_addr,0.1081081081081081
9289,3375827,card_addr,0.1081081081081081
9289,3513303,card_addr,0.1081081081081081
9289,3056859,card_addr,0.1081081081081081
9289,3210843,card_addr,0.1081081081081081
9289,3559151,card_addr,0.1081081081081081
9289,3435377,card_addr,0.1081081081081081
9289,3559159,card_addr,0.1081081081081081
9289,3554552,card_addr,0.1081081081081081
9289,3394682,card_addr,0.1081081081081081
9289,3438974,card_addr,0.1081081081081081
9311,3106946,card_addr,0.3902439024390244
9311,3164163,card_addr,0.3902439024390244
9311,3225741,card_addr,0.3902439024390244
9311,3207822,card_addr,0.3902439024390244
9311,3162511,card_addr,0.3902439024390244
9311,3142807,card_addr,0.3902439024390244
9311,3242903,card_addr,0.3902439024390244
9311,3164185,card_addr,0.3902439024390244
9311,3166233,card_addr,0.3902439024390244
9311,3300632,card_addr,0.3902439024390244
9311,3363096,card_addr,0.3902439024390244
9311,3157534,card_addr,0.3902439024390244
9311,3175077,card_addr,0.3902439024390244
9311,3052712,card_addr,0.3902439024390244
9311,3178152,card_addr,0.3902439024390244
9311,3164410,card_addr,0.3902439024390244
9311,3090483,card_addr,0.3902439024390244
9311,3025845,card_addr,0.3902439024390244
9311,2998070,card_addr,0.3902439024390244
9311,3165239,card_addr,0.3902439024390244
9311,3164090,card_addr,0.3902439024390244
9311,3323580,card_addr,0.3902439024390244
9311,3429314,card_addr,0.3902439024390244
9311,3380548,card_addr,0.3902439024390244
9311,3164101,card_addr,0.3902439024390244
9311,2998854,card_addr,0.3902439024390244
9311,3165258,card_addr,0.3902439024390244
9311,3164238,card_addr,0.3902439024390244
9311,3158736,card_addr,0.3902439024390244
9311,3023069,card_addr,0.3902439024390244
9311,3164258,card_addr,0.3902439024390244
9311,3446755,card_addr,0.3902439024390244
9311,3281252,card_addr,0.3902439024390244
9311,3349611,card_addr,0.3902439024390244
9311,3011820,card_addr,0.3902439024390244
9311,3154797,card_addr,0.3902439024390244
9311,3164396,card_addr,0.3902439024390244
9311,3409781,card_addr,0.3902439024390244
9311,3152632,card_addr,0.3902439024390244
9311,3084922,card_addr,0.3902439024390244
9311,3187068,card_addr,0.3902439024390244
9344,3398882,card_addr,0.1875
9344,3013284,card_addr,0.1875
9344,3152389,card_addr,0.1875
9344,3403429,card_addr,0.1875
9344,3022537,card_addr,0.1875
9344,3275083,card_addr,0.1875
9344,3143948,card_addr,0.1875
9344,3392588,card_addr,0.1875
9344,3098832,card_addr,0.1875
9344,3098835,card_addr,0.1875
9344,3274771,card_addr,0.1875
9344,3549843,card_addr,0.1875
9344,3275094,card_addr,0.1875
9344,3481144,card_addr,0.1875
9344,2998107,card_addr,0.1875
9344,3172732,card_addr,0.1875
9382,3328001,card_addr,0.1625
9382,3271171,card_addr,0.1625
9382,3214854,card_addr,0.1625
9382,3068441,card_addr,0.1625
9382,3420701,card_addr,0.1625
9382,3307051,card_addr,0.1625
9382,3349043,card_addr,0.1625
9382,3209271,card_addr,0.1625
9382,3315255,card_addr,0.1625
9382,3338813,card_addr,0.1625
9382,3370046,card_addr,0.1625
9382,3149923,card_addr,0.1625
9382,3422312,card_addr,0.1625
9382,3168875,card_addr,0.1625
9382,3277943,card_addr,0.1625
9382,3447932,card_addr,0.1625
9382,3374717,card_addr,0.1625
9382,3404415,card_addr,0.1625
9382,3242112,card_addr,0.1625
9382,3380872,card_addr,0.1625
9382,3470985,card_addr,0.1625
9382,3271821,card_addr,0.1625
9382,3038864,card_addr,0.1625
9382,3338899,card_addr,0.1625
9382,3338901,card_addr,0.1625
9382,3176086,card_addr,0.1625
9382,3250865,card_addr,0.1625
9382,3248307,card_addr,0.1625
9382,3217088,card_addr,0.1625
9382,3282634,card_addr,0.1625
9382,3038412,card_addr,0.1625
9382,3111634,card_addr,0.1625
9382,3201236,card_addr,0.1625
9382,3117270,card_addr,0.1625
9382,3499735,card_addr,0.1625
9382,3045084,card_addr,0.1625
9382,3310300,card_addr,0.1625
9382,3159276,card_addr,0.1625
9382,3273452,card_addr,0.1625
9382,3003128,card_addr,0.1625
9382,3365635,card_addr,0.1625
9382,3038472,card_addr,0.1625
9382,3458829,card_addr,0.1625
9382,3111694,card_addr,0.1625
9382,3537685,card_addr,0.1625
9382,3427615,card_addr,0.1625
9382,3387168,card_addr,0.1625
9382,3380524,card_addr,0.1625
9382,3368757,card_addr,0.1625
9382,3165496,card_addr,0.1625
9382,3493691,card_addr,0.1625
9382,3490627,card_addr,0.1625
9382,3550030,card_addr,0.1625
9382,3263825,card_addr,0.1625
9382,3232598,card_addr,0.1625
9382,3268440,card_addr,0.1625
9382,3201380,card_addr,0.1625
9382,3308903,card_addr,0.1625
9382,3126636,card_addr,0.1625
9382,3541367,card_addr,0.1625
9382,3289976,card_addr,0.1625
9382,2998159,card_addr,0.1625
9382,3415958,card_addr,0.1625
9382,3210137,card_addr,0.1625
9382,3051934,card_addr,0.1625
9382,3058091,card_addr,0.1625
9382,3068333,card_addr,0.1625
9382,3306418,card_addr,0.1625
9382,3068339,card_addr,0.1625
9382,3030454,card_addr,0.1625
9382,3468732,card_addr,0.1625
9382,3068351,card_addr,0.1625
9382,3168703,card_addr,0.1625
9382,3030475,card_addr,0.1625
9382,3449292,card_addr,0.1625
9382,3428819,card_addr,0.1625
9382,3258325,card_addr,0.1625
9382,3458013,card_addr,0.1625
9382,3292645,card_addr,0.1625
9382,3045374,card_addr,0.1625
9449,3253761,card_addr,0.3406593406593406
9449,3092996,card_addr,0.3406593406593406
9449,3535878,card_addr,0.3406593406593406
9449,3463688,card_addr,0.3406593406593406
9449,3117084,card_addr,0.3406593406593406
9449,3512869,card_addr,0.3406593406593406
9449,3491375,card_addr,0.3406593406593406
9449,3007544,card_addr,0.3406593406593406
9449,3001916,card_addr,0.3406593406593406
9449,3486784,card_addr,0.3406593406593406
9449,3471947,card_addr,0.3406593406593406
9449,3357776,card_addr,0.3406593406593406
9449,3389520,card_addr,0.3406593406593406
9449,3357783,card_addr,0.3406593406593406
9449,3337823,card_addr,0.3406593406593406
9449,3450469,card_addr,0.3406593406593406
9449,3439206,card_addr,0.3406593406593406
9449,3521650,card_addr,0.3406593406593406
9449,3319934,card_addr,0.3406593406593406
9449,3449474,card_addr,0.3406593406593406
9449,3371652,card_addr,0.3406593406593406
9449,3344530,card_addr,0.3406593406593406
9449,3530391,card_addr,0.3406593406593406
9449,3530393,card_addr,0.3406593406593406
9449,3281053,card_addr,0.3406593406593406
9449,3416740,card_addr,0.3406593406593406
9449,3389111,card_addr,0.3406593406593406
9449,3214520,card_addr,0.3406593406593406
9449,3294905,card_addr,0.3406593406593406
9449,3385529,card_addr,0.3406593406593406
9449,3357892,card_addr,0.3406593406593406
9449,3497670,card_addr,0.3406593406593406
9449,3459784,card_addr,0.3406593406593406
9449,3183308,card_addr,0.3406593406593406
9449,3183310,card_addr,0.3406593406593406
9449,3221199,card_addr,0.3406593406593406
9449,3221203,card_addr,0.3406593406593406
9449,3183320,card_addr,0.3406593406593406
9449,3395291,card_addr,0.3406593406593406
9449,3552478,card_addr,0.3406593406593406
9449,3092711,card_addr,0.3406593406593406
9449,3505896,card_addr,0.3406593406593406
9449,3374834,card_addr,0.3406593406593406
9449,3395322,card_addr,0.3406593406593406
9449,3056382,card_addr,0.3406593406593406
9449,3395336,card_addr,0.3406593406593406
9449,3108114,card_addr,0.3406593406593406
9449,3526419,card_addr,0.3406593406593406
9449,3022104,card_addr,0.3406593406593406
9449,3305754,card_addr,0.3406593406593406
9449,3383579,card_addr,0.3406593406593406
9449,3305758,card_addr,0.3406593406593406
9449,3475750,card_addr,0.3406593406593406
9449,3269929,card_addr,0.3406593406593406
9449,3078450,card_addr,0.3406593406593406
9449,3361075,card_addr,0.3406593406593406
9449,3395386,card_addr,0.3406593406593406
9449,3320636,card_addr,0.3406593406593406
9449,3049808,card_addr,0.3406593406593406
9449,3273553,card_addr,0.3406593406593406
9449,3078482,card_addr,0.3406593406593406
9449,3481937,card_addr,0.3406593406593406
9449,3276630,card_addr,0.3406593406593406
9449,3021144,card_addr,0.3406593406593406
9449,3049822,card_addr,0.3406593406593406
9449,3343724,card_addr,0.3406593406593406
9449,3430253,card_addr,0.3406593406593406
9449,3082097,card_addr,0.3406593406593406
9449,3343735,card_addr,0.3406593406593406
9449,3013496,card_addr,0.3406593406593406
9449,3320709,card_addr,0.3406593406593406
9449,3403145,card_addr,0.3406593406593406
9449,3282828,card_addr,0.3406593406593406
9449,3088275,card_addr,0.3406593406593406
9449,3070358,card_addr,0.3406593406593406
9449,3479964,card_addr,0.3406593406593406
9449,3533749,card_addr,0.3406593406593406
9449,3547578,card_addr,0.3406593406593406
9449,3040187,card_addr,0.3406593406593406
9449,3344827,card_addr,0.3406593406593406
9449,3313091,card_addr,0.3406593406593406
9449,3269572,card_addr,0.3406593406593406
9449,3472336,card_addr,0.3406593406593406
9449,3090901,card_addr,0.3406593406593406
9449,3352533,card_addr,0.3406593406593406
9449,3383765,card_addr,0.3406593406593406
9449,3368415,card_addr,0.3406593406593406
9449,2998249,card_addr,0.3406593406593406
9449,3346422,card_addr,0.3406593406593406
9449,3282426,card_addr,0.3406593406593406
9449,3282430,card_addr,0.3406593406593406
9450,3473675,card_addr,0.4482758620689655
9450,3393144,card_addr,0.4482758620689655
9450,3258381,card_addr,0.4482758620689655
9450,3031694,card_addr,0.4482758620689655
9450,3495438,card_addr,0.4482758620689655
9450,3159057,card_addr,0.4482758620689655
9450,3422611,card_addr,0.4482758620689655
9450,3048343,card_addr,0.4482758620689655
9450,3464347,card_addr,0.4482758620689655
9450,3012132,card_addr,0.4482758620689655
9450,3012151,card_addr,0.4482758620689655
9450,3420091,card_addr,0.4482758620689655
9450,3257533,card_addr,0.4482758620689655
9450,3108555,card_addr,0.4482758620689655
9450,3161675,card_addr,0.4482758620689655
9450,3257549,card_addr,0.4482758620689655
9450,3119824,card_addr,0.4482758620689655
9450,3257552,card_addr,0.4482758620689655
9450,3028563,card_addr,0.4482758620689655
9450,3495379,card_addr,0.4482758620689655
9450,3090264,card_addr,0.4482758620689655
9450,3510744,card_addr,0.4482758620689655
9450,3423325,card_addr,0.4482758620689655
9450,3172961,card_addr,0.4482758620689655
9450,3257570,card_addr,0.4482758620689655
9450,2998250,card_addr,0.4482758620689655
9450,3259503,card_addr,0.4482758620689655
9450,3473653,card_addr,0.4482758620689655
9450,3029112,card_addr,0.4482758620689655
9500,3371019,device,0.2268041237113402
9500,3338254,device,0.2268041237113402
9500,3003410,device,0.2268041237113402
9500,3003420,device,0.2268041237113402
9500,3453982,device,0.2268041237113402
9500,3458079,device,0.2268041237113402
9500,3494436,device,0.2268041237113402
9500,2998310,device,0.2268041237113402
9500,3264551,device,0.2268041237113402
9500,3516456,device,0.2268041237113402
9500,3003433,device,0.2268041237113402
9500,3516460,device,0.2268041237113402
9500,3357742,device,0.2268041237113402
9500,3357744,device,0.2268041237113402
9500,3375154,device,0.2268041237113402
9500,3458102,device,0.2268041237113402
9500,3483702,device,0.2268041237113402
9500,3375160,device,0.2268041237113402
9500,3394628,device,0.2268041237113402
9500,3130438,device,0.2268041237113402
9500,3125320,device,0.2268041237113402
9500,3480145,device,0.2268041237113402
9500,3505239,device,0.2268041237113402
9500,3540066,device,0.2268041237113402
9500,3392630,device,0.2268041237113402
9500,3523709,device,0.2268041237113402
9500,3240616,device,0.2268041237113402
9500,3397801,device,0.2268041237113402
9500,3329204,device,0.2268041237113402
9500,3102901,device,0.2268041237113402
9500,3329209,device,0.2268041237113402
9500,3321540,device,0.2268041237113402
9500,3504325,device,0.2268041237113402
9500,3477706,device,0.2268041237113402
9500,3539152,device,0.2268041237113402
9500,3117790,device,0.2268041237113402
9500,3525880,device,0.2268041237113402
9500,3251984,device,0.2268041237113402
9500,3451157,device,0.2268041237113402
9500,3552046,device,0.2268041237113402
9500,3552049,device,0.2268041237113402
9500,3560241,device,0.2268041237113402
9500,3500339,device,0.2268041237113402
9500,3520317,device,0.2268041237113402
9500,3483454,device,0.2268041237113402
9500,3025219,device,0.2268041237113402
9500,3375428,device,0.2268041237113402
9500,3282245,device,0.2268041237113402
9500,3523396,device,0.2268041237113402
9500,3087688,device,0.2268041237113402
9500,3357520,device,0.2268041237113402
9500,3433812,device,0.2268041237113402
9500,3443029,device,0.2268041237113402
9500,3068762,device,0.2268041237113402
9500,3443034,device,0.2268041237113402
9500,3102044,device,0.2268041237113402
9500,3443040,device,0.2268041237113402
9500,3326822,device,0.2268041237113402
9500,3390310,device,0.2268041237113402
9500,3326825,device,0.2268041237113402
9500,3330924,device,0.2268041237113402
9500,3548525,device,0.2268041237113402
9500,3207023,device,0.2268041237113402
9500,3465077,device,0.2268041237113402
9500,3330937,device,0.2268041237113402
9500,3357564,device,0.2268041237113402
9500,3357567,device,0.2268041237113402
9500,3111305,device,0.2268041237113402
9500,3463050,device,0.2268041237113402
9500,3272076,device,0.2268041237113402
9500,3453840,device,0.2268041237113402
9500,3197340,device,0.2268041237113402
9500,3260324,device,0.2268041237113402
9500,3127206,device,0.2268041237113402
9500,3328425,device,0.2268041237113402
9500,3328428,device,0.2268041237113402
9500,3444141,device,0.2268041237113402
9500,3328431,device,0.2268041237113402
9500,3328432,device,0.2268041237113402
9500,3403696,device,0.2268041237113402
9500,3444143,device,0.2268041237113402
9500,3277246,device,0.2268041237113402
9500,3326402,device,0.2268041237113402
9500,3043782,device,0.2268041237113402
9500,3277254,device,0.2268041237113402
9500,3338193,device,0.2268041237113402
9500,3003356,device,0.2268041237113402
9500,3326429,device,0.2268041237113402
9500,3326431,device,0.2268041237113402
9500,3054049,device,0.2268041237113402
9500,3277282,device,0.2268041237113402
9500,3338211,device,0.2268041237113402
9500,3043814,device,0.2268041237113402
9500,3220977,device,0.2268041237113402
9500,3338229,device,0.2268041237113402
9500,3362293,device,0.2268041237113402
9500,3338236,device,0.2268041237113402
9550,3170561,card_addr,0.217391304347826
9550,3047171,card_addr+device,0.217391304347826
9550,3559939,card_addr,0.217391304347826
9550,3181068,card_addr,0.217391304347826
9550,3181080,card_addr,0.217391304347826
9550,3038744,card_addr,0.217391304347826
9550,3020698,card_addr,0.217391304347826
9550,3179931,card_addr,0.217391304347826
9550,3202718,card_addr,0.217391304347826
9550,3226403,card_addr,0.217391304347826
9550,3181100,card_addr,0.217391304347826
9550,3170492,card_addr,0.217391304347826
9550,3368388,card_addr,0.217391304347826
9550,3387732,device,0.217391304347826
9550,3361886,card_addr,0.217391304347826
9550,3361888,card_addr,0.217391304347826
9550,3361890,card_addr,0.217391304347826
9550,3361891,card_addr,0.217391304347826
9550,3361893,card_addr,0.217391304347826
9550,2998377,card_addr,0.217391304347826
9550,3050601,device,0.217391304347826
9550,3160941,card_addr,0.217391304347826
9550,3181038,card_addr,0.217391304347826
9601,3022407,card_addr,0.3333333333333333
9601,2998439,card_addr,0.3333333333333333
9601,3376713,card_addr,0.3333333333333333
9601,3367082,card_addr,0.3333333333333333
9601,3113738,card_addr,0.3333333333333333
9601,3100862,card_addr,0.3333333333333333
9629,3063169,card_addr,0.1785714285714285
9629,3393922,card_addr,0.1785714285714285
9629,3494275,card_addr,0.1785714285714285
9629,3061779,card_addr,0.1785714285714285
9629,3144599,card_addr+device,0.1785714285714285
9629,3048862,card_addr,0.1785714285714285
9629,3017502,device,0.1785714285714285
9629,3174304,card_addr,0.1785714285714285
9629,3230120,card_addr,0.1785714285714285
9629,3041848,card_addr,0.1785714285714285
9629,3233593,card_addr,0.1785714285714285
9629,3144633,card_addr+device,0.1785714285714285
9629,3265862,card_addr,0.1785714285714285
9629,3105992,card_addr,0.1785714285714285
9629,3233609,card_addr,0.1785714285714285
9629,3109962,card_addr,0.1785714285714285
9629,2998477,card_addr,0.1785714285714285
9629,3226317,card_addr,0.1785714285714285
9629,3509454,card_addr,0.1785714285714285
9629,3243858,card_addr,0.1785714285714285
9629,3388118,card_addr,0.1785714285714285
9629,3494360,card_addr,0.1785714285714285
9629,3041369,card_addr+device,0.1785714285714285
9629,3041496,card_addr+device,0.1785714285714285
9629,3297371,card_addr,0.1785714285714285
9629,3127914,card_addr,0.1785714285714285
9629,3273593,card_addr,0.1785714285714285
9629,3308415,card_addr,0.1785714285714285
9649,3095297,card_addr,0.1842105263157894
9649,3175939,card_addr,0.1842105263157894
9649,3270531,card_addr,0.1842105263157894
9649,3312520,card_addr,0.1842105263157894
9649,3222675,card_addr,0.1842105263157894
9649,3357331,card_addr,0.1842105263157894
9649,3417108,card_addr,0.1842105263157894
9649,3261216,card_addr,0.1842105263157894
9649,3166504,card_addr,0.1842105263157894
9649,3542441,card_addr,0.1842105263157894
9649,3166512,card_addr,0.1842105263157894
9649,3167281,card_addr,0.1842105263157894
9649,3112628,card_addr,0.1842105263157894
9649,3174709,card_addr,0.1842105263157894
9649,3063478,card_addr,0.1842105263157894
9649,3144634,card_addr,0.1842105263157894
9649,3167291,card_addr,0.1842105263157894
9649,3354298,card_addr,0.1842105263157894
9649,3374143,card_addr,0.1842105263157894
9649,3536447,card_addr,0.1842105263157894
9649,3387091,card_addr,0.1842105263157894
9649,3490132,card_addr,0.1842105263157894
9649,3107797,card_addr,0.1842105263157894
9649,3532376,card_addr,0.1842105263157894
9649,3375193,card_addr,0.1842105263157894
9649,3375706,card_addr,0.1842105263157894
9649,3454682,card_addr,0.1842105263157894
9649,3542872,card_addr,0.1842105263157894
9649,3059295,card_addr,0.1842105263157894
9649,3532256,card_addr,0.1842105263157894
9649,3427683,card_addr,0.1842105263157894
9649,2998504,card_addr,0.1842105263157894
9649,3254893,card_addr,0.1842105263157894
9649,3064819,card_addr,0.1842105263157894
9649,3171571,card_addr,0.1842105263157894
9649,3342452,card_addr,0.1842105263157894
9649,3469171,card_addr,0.1842105263157894
9649,3423739,card_addr,0.1842105263157894
9725,3096800,card_addr,0.0714285714285714
9725,3007748,card_addr,0.0714285714285714
9725,3096838,card_addr,0.0714285714285714
9725,3201222,card_addr,0.0714285714285714
9725,3212262,card_addr,0.0714285714285714
9725,3010697,card_addr,0.0714285714285714
9725,3010730,card_addr,0.0714285714285714
9725,3552874,card_addr,0.0714285714285714
9725,3010669,card_addr,0.0714285714285714
9725,2998607,card_addr,0.0714285714285714
9725,3199247,card_addr,0.0714285714285714
9725,3435191,card_addr,0.0714285714285714
9725,3010745,card_addr,0.0714285714285714
9725,3007770,card_addr,0.0714285714285714
9740,3240643,card_addr,0.1111111111111111
9740,3277637,card_addr,0.1111111111111111
9740,3039302,card_addr,0.1111111111111111
9740,3025383,card_addr,0.1111111111111111
9740,3293350,card_addr,0.1111111111111111
9740,3569129,card_addr,0.1111111111111111
9740,2998634,card_addr,0.1111111111111111
9740,3128125,card_addr,0.1111111111111111
9740,3099308,card_addr,0.1111111111111111
9740,3569135,card_addr,0.1111111111111111
9740,3360786,card_addr,0.1111111111111111
9740,3497564,card_addr,0.1111111111111111
9740,3068853,card_addr,0.1111111111111111
9740,3281240,card_addr,0.1111111111111111
9740,3124922,card_addr,0.1111111111111111
9740,3293436,card_addr,0.1111111111111111
9740,3029885,card_addr,0.1111111111111111
9740,3158783,card_addr,0.1111111111111111
9741,3464714,card_addr,0.2105263157894736
9741,3464717,card_addr,0.2105263157894736
9741,3464718,card_addr,0.2105263157894736
9741,3464719,card_addr,0.2105263157894736
9741,3439411,card_addr,0.2105263157894736
9741,3576886,card_addr,0.2105263157894736
9741,3085891,card_addr,0.2105263157894736
9741,3042371,card_addr,0.2105263157894736
9741,3213640,card_addr,0.2105263157894736
9741,3035722,card_addr,0.2105263157894736
9741,3432017,card_addr,0.2105263157894736
9741,3330013,card_addr,0.2105263157894736
9741,3225694,card_addr,0.2105263157894736
9741,3539684,card_addr,0.2105263157894736
9741,3170410,card_addr,0.2105263157894736
9741,2998635,card_addr,0.2105263157894736
9741,3115251,card_addr,0.2105263157894736
9741,3190648,card_addr,0.2105263157894736
9741,3148540,card_addr,0.2105263157894736
9778,3238371,card_addr,0.125
9778,3078119,card_addr,0.125
9778,3278375,card_addr,0.125
9778,3414951,card_addr,0.125
9778,3146506,card_addr,0.125
9778,3040432,card_addr,0.125
9778,3107186,card_addr,0.125
9778,2998684,card_addr,0.125
9788,3289856,device,0.3918918918918919
9788,3077250,device,0.3918918918918919
9788,3258756,device,0.3918918918918919
9788,3292808,device,0.3918918918918919
9788,3293832,device,0.3918918918918919
9788,3203724,device,0.3918918918918919
9788,3343244,device,0.3918918918918919
9788,3293711,device,0.3918918918918919
9788,3053458,device,0.3918918918918919
9788,3293715,device,0.3918918918918919
9788,3343252,device,0.3918918918918919
9788,3356308,device,0.3918918918918919
9788,3395989,device,0.3918918918918919
9788,3034260,card_addr,0.3918918918918919
9788,3293720,device,0.3918918918918919
9788,3343256,device,0.3918918918918919
9788,3163419,device,0.3918918918918919
9788,3229979,device,0.3918918918918919
9788,3035447,card_addr,0.3918918918918919
9788,3427359,device,0.3918918918918919
9788,3518879,device,0.3918918918918919
9788,3331489,device,0.3918918918918919
9788,2998694,device,0.3918918918918919
9788,3145126,device,0.3918918918918919
9788,3207334,device,0.3918918918918919
9788,3343270,device,0.3918918918918919
9788,3049130,device,0.3918918918918919
9788,3026987,device,0.3918918918918919
9788,2998700,device,0.3918918918918919
9788,3293610,device,0.3918918918918919
9788,3464363,device,0.3918918918918919
9788,3293615,device,0.3918918918918919
9788,3331503,device,0.3918918918918919
9788,3407536,device,0.3918918918918919
9788,3035442,card_addr,0.3918918918918919
9788,3163444,device,0.3918918918918919
9788,3289909,device,0.3918918918918919
9788,3119670,device,0.3918918918918919
9788,3268918,device,0.3918918918918919
9788,3293622,device,0.3918918918918919
9788,3034164,card_addr,0.3918918918918919
9788,3186746,device,0.3918918918918919
9788,3066682,device,0.3918918918918919
9788,3245626,device,0.3918918918918919
9788,3285435,device,0.3918918918918919
9788,3062334,device,0.3918918918918919
9788,3341375,device,0.3918918918918919
9788,3341376,device,0.3918918918918919
9788,3341377,device,0.3918918918918919
9788,3293634,device,0.3918918918918919
9788,3293763,device,0.3918918918918919
9788,3145156,device,0.3918918918918919
9788,3402819,device,0.3918918918918919
9788,3293638,device,0.3918918918918919
9788,3560378,device,0.3918918918918919
9788,3341384,device,0.3918918918918919
9788,3341385,device,0.3918918918918919
9788,3251914,device,0.3918918918918919
9788,3014730,card_addr,0.3918918918918919
9788,3033035,card_addr,0.3918918918918919
9788,3011410,card_addr+device,0.3918918918918919
9788,3123416,device,0.3918918918918919
9788,3086938,device,0.3918918918918919
9788,3448538,device,0.3918918918918919
9788,3032283,card_addr,0.3918918918918919
9788,3567710,device,0.3918918918918919
9788,3479649,device,0.3918918918918919
9788,3039330,device,0.3918918918918919
9788,3479654,device,0.3918918918918919
9788,3289848,device,0.3918918918918919
9788,3398135,device,0.3918918918918919
9788,3007864,card_addr+device,0.3918918918918919
9788,3402108,device,0.3918918918918919
9788,3289853,device,0.3918918918918919
9820,3000448,card_addr,0.32
9820,3058944,card_addr,0.32
9820,3169026,card_addr,0.32
9820,3323778,card_addr,0.32
9820,3058057,card_addr,0.32
9820,3262861,card_addr,0.32
9820,3087630,card_addr,0.32
9820,3275406,card_addr,0.32
9820,3437330,card_addr,0.32
9820,3446932,card_addr,0.32
9820,3056151,card_addr,0.32
9820,3564955,card_addr,0.32
9820,3234080,card_addr,0.32
9820,3166632,card_addr,0.32
9820,3560746,card_addr,0.32
9820,3396782,card_addr,0.32
9820,3381168,card_addr,0.32
9820,3024818,card_addr,0.32
9820,3166643,card_addr,0.32
9820,3163711,card_addr,0.32
9820,3056320,card_addr,0.32
9820,3177279,card_addr,0.32
9820,3182017,card_addr,0.32
9820,3185471,card_addr,0.32
9820,3190849,card_addr,0.32
9820,3366598,card_addr,0.32
9820,3501769,card_addr,0.32
9820,3397706,card_addr,0.32
9820,3466058,card_addr,0.32
9820,3163724,card_addr,0.32
9820,3494731,card_addr,0.32
9820,3530572,card_addr,0.32
9820,3125715,card_addr,0.32
9820,2998740,card_addr,0.32
9820,3338331,card_addr,0.32
9820,3081692,card_addr,0.32
9820,3006044,card_addr,0.32
9820,3498459,card_addr,0.32
9820,3532251,card_addr,0.32
9820,3183203,card_addr,0.32
9820,3148644,card_addr,0.32
9820,3070181,card_addr,0.32
9820,3465958,card_addr,0.32
9820,3428456,card_addr,0.32
9820,3102697,card_addr,0.32
9820,3027566,card_addr,0.32
9820,3158007,card_addr,0.32
9820,3234042,card_addr,0.32
9820,3234043,card_addr,0.32
9820,3408764,card_addr,0.32
9944,3019237,card_addr,0.2
9944,3574696,card_addr,0.2
9944,3063770,card_addr,0.2
9944,2998908,card_addr,0.2
9944,3421438,card_addr,0.2
10003,3348744,card_addr,0.7666666666666667
10003,3112842,card_addr,0.7666666666666667
10003,3133451,card_addr,0.7666666666666667
10003,3105804,card_addr,0.7666666666666667
10003,3224718,card_addr,0.7666666666666667
10003,3314971,card_addr,0.7666666666666667
10003,3019684,card_addr,0.7666666666666667
10003,3066276,card_addr,0.7666666666666667
10003,3418148,card_addr,0.7666666666666667
10003,3006503,card_addr,0.7666666666666667
10003,3037736,card_addr,0.7666666666666667
10003,3080361,card_addr,0.7666666666666667
10003,3105841,card_addr,0.7666666666666667
10003,3127995,card_addr,0.7666666666666667
10003,3229756,card_addr,0.7666666666666667
10003,3024840,card_addr,0.7666666666666667
10003,2998988,card_addr,0.7666666666666667
10003,3142861,card_addr,0.7666666666666667
10003,3055054,card_addr,0.7666666666666667
10003,3176403,card_addr,0.7666666666666667
10003,3419483,card_addr,0.7666666666666667
10003,3039976,card_addr,0.7666666666666667
10003,3177576,card_addr,0.7666666666666667
10003,3161834,card_addr,0.7666666666666667
10003,3229544,card_addr,0.7666666666666667
10003,3039988,card_addr,0.7666666666666667
10003,3077108,card_addr,0.7666666666666667
10003,3140983,card_addr,0.7666666666666667
10003,3274232,card_addr,0.7666666666666667
10003,3149562,card_addr,0.7666666666666667
10036,3518336,card_addr,0.2
10036,3482246,card_addr,0.2
10036,3266952,card_addr,0.2
10036,3482410,card_addr,0.2
10036,3269229,card_addr,0.2
10036,2999029,card_addr,0.2
10036,3158870,card_addr,0.2
10036,3033174,card_addr,0.2
10036,3518332,card_addr,0.2
10036,3348285,card_addr,0.2
10072,3378702,device,0.1851851851851851
10072,3378707,device,0.1851851851851851
10072,3097633,device,0.1851851851851851
10072,3378721,device,0.1851851851851851
10072,3056165,device,0.1851851851851851
10072,3378725,device,0.1851851851851851
10072,3235879,device,0.1851851851851851
10072,3378727,device,0.1851851851851851
10072,3097646,device,0.1851851851851851
10072,3514937,device,0.1851851851851851
10072,3356218,device,0.1851851851851851
10072,3190347,device,0.1851851851851851
10072,3043405,device,0.1851851851851851
10072,3346516,device,0.1851851851851851
10072,3172955,device,0.1851851851851851
10072,3455080,device,0.1851851851851851
10072,3516532,device,0.1851851851851851
10072,3516533,device,0.1851851851851851
10072,3172984,device,0.1851851851851851
10072,3516536,device,0.1851851851851851
10072,3019769,device,0.1851851851851851
10072,3172991,device,0.1851851851851851
10072,3454081,device,0.1851851851851851
10072,3454082,device,0.1851851851851851
10072,3328140,device,0.1851851851851851
10072,3432079,device,0.1851851851851851
10072,3454101,device,0.1851851851851851
10072,3446425,device,0.1851851851851851
10072,3194523,device,0.1851851851851851
10072,3124893,device,0.1851851851851851
10072,3379361,device,0.1851851851851851
10072,3379364,device,0.1851851851851851
10072,3423926,device,0.1851851851851851
10072,3345613,device,0.1851851851851851
10072,3109076,device,0.1851851851851851
10072,3109080,device,0.1851851851851851
10072,3109086,device,0.1851851851851851
10072,3109091,device,0.1851851851851851
10072,3374311,device,0.1851851851851851
10072,3379948,device,0.1851851851851851
10072,3225846,device,0.1851851851851851
10072,3107578,device,0.1851851851851851
10072,3107581,device,0.1851851851851851
10072,3095301,device,0.1851851851851851
10072,3131155,device,0.1851851851851851
10072,3131157,device,0.1851851851851851
10072,3131161,device,0.1851851851851851
10072,3131168,device,0.1851851851851851
10072,3348769,device,0.1851851851851851
10072,3121954,device,0.1851851851851851
10072,3096356,device,0.1851851851851851
10072,2999081,device,0.1851851851851851
10072,3096369,device,0.1851851851851851
10072,3538740,device,0.1851851851851851
10072,3039549,device,0.1851851851851851
10072,3109182,device,0.1851851851851851
10072,3516760,device,0.1851851851851851
10072,3096421,device,0.1851851851851851
10072,3250049,device,0.1851851851851851
10072,3415426,device,0.1851851851851851
10072,3405195,device,0.1851851851851851
10072,3129232,device,0.1851851851851851
10072,3086741,device,0.1851851851851851
10072,3137962,device,0.1851851851851851
10072,3104180,device,0.1851851851851851
10072,3104181,device,0.1851851851851851
10072,3454902,device,0.1851851851851851
10072,3104183,device,0.1851851851851851
10072,3104184,device,0.1851851851851851
10072,3104185,device,0.1851851851851851
10072,3125187,device,0.1851851851851851
10072,3209679,device,0.1851851851851851
10072,3271120,device,0.1851851851851851
10072,3103185,device,0.1851851851851851
10072,3335136,device,0.1851851851851851
10072,3527653,device,0.1851851851851851
10072,3396596,device,0.1851851851851851
10072,3356149,device,0.1851851851851851
10072,3356153,device,0.1851851851851851
10072,3448316,device,0.1851851851851851
10072,3108862,device,0.1851851851851851
10229,3208644,card_addr,0.9166666666666666
10229,3208646,card_addr,0.9166666666666666
10229,3208647,card_addr,0.9166666666666666
10229,3208648,card_addr,0.9166666666666666
10229,3208649,card_addr,0.9166666666666666
10229,3263594,card_addr,0.9166666666666666
10229,3263598,card_addr,0.9166666666666666
10229,3206064,card_addr,0.9166666666666666
10229,3206070,card_addr,0.9166666666666666
10229,3206071,card_addr,0.9166666666666666
10229,3206072,card_addr,0.9166666666666666
10229,2999289,card_addr,0.9166666666666666
10279,2999425,device,0.0857142857142857
10279,3154566,device,0.0857142857142857
10279,3154694,device,0.0857142857142857
10279,3453710,device,0.0857142857142857
10279,3252117,device,0.0857142857142857
10279,3143575,device,0.0857142857142857
10279,3415319,device,0.0857142857142857
10279,3456664,device,0.0857142857142857
10279,3456670,device,0.0857142857142857
10279,3180198,device,0.0857142857142857
10279,3271719,device,0.0857142857142857
10279,3508531,device,0.0857142857142857
10279,2999350,device,0.0857142857142857
10279,3086649,device,0.0857142857142857
10279,2999354,device,0.0857142857142857
10279,3540286,device,0.0857142857142857
10279,3329856,device,0.0857142857142857
10279,3548096,device,0.0857142857142857
10279,3388484,device,0.0857142857142857
10279,3360710,device,0.0857142857142857
10279,2999499,device,0.0857142857142857
10279,3217617,device,0.0857142857142857
10279,3217628,device,0.0857142857142857
10279,3134685,device,0.0857142857142857
10279,3387740,device,0.0857142857142857
10279,3328102,device,0.0857142857142857
10279,3228520,device,0.0857142857142857
10279,3392235,device,0.0857142857142857
10279,3154668,device,0.0857142857142857
10279,3289324,device,0.0857142857142857
10279,3548011,device,0.0857142857142857
10279,3154674,device,0.0857142857142857
10279,3356020,device,0.0857142857142857
10279,3547898,device,0.0857142857142857
10279,3154686,device,0.0857142857142857
10289,3051265,device,0.125
10289,3057416,device,0.125
10289,3307536,device,0.125
10289,3283473,device,0.125
10289,3539990,device,0.125
10289,3505047,device,0.125
10289,3542040,device,0.125
10289,3395225,device,0.125
10289,3019930,device,0.125
10289,3303579,device,0.125
10289,3569947,device,0.125
10289,3505056,device,0.125
10289,3394338,device,0.125
10289,3268267,device,0.125
10289,3129262,device,0.125
10289,3438766,device,0.125
10289,3448494,device,0.125
10289,3297848,device,0.125
10289,3307196,device,0.125
10289,3495870,device,0.125
10289,2999362,device,0.125
10289,3426772,device,0.125
10289,3402594,device,0.125
10289,3207779,device,0.125
10445,3528224,card_addr,0.5555555555555556
10445,3208650,card_addr,0.5555555555555556
10445,3208651,card_addr,0.5555555555555556
10445,3208653,card_addr,0.5555555555555556
10445,3208654,card_addr,0.5555555555555556
10445,3208655,card_addr,0.5555555555555556
10445,2999570,card_addr,0.5555555555555556
10445,3033940,card_addr,0.5555555555555556
10445,3317882,card_addr,0.5555555555555556
10502,3165971,device,0.5238095238095238
10502,3159595,device,0.5238095238095238
10502,3159597,device,0.5238095238095238
10502,3151027,device,0.5238095238095238
10502,3159604,device,0.5238095238095238
10502,3159609,device,0.5238095238095238
10502,3155904,device,0.5238095238095238
10502,3238082,device,0.5238095238095238
10502,3154115,device,0.5238095238095238
10502,3148366,device,0.5238095238095238
10502,3148369,device,0.5238095238095238
10502,3394258,device,0.5238095238095238
10502,3155926,device,0.5238095238095238
10502,3152855,device,0.5238095238095238
10502,2999643,device,0.5238095238095238
10502,3148383,device,0.5238095238095238
10502,3147872,device,0.5238095238095238
10502,3284202,device,0.5238095238095238
10502,3514864,device,0.5238095238095238
10502,3151989,device,0.5238095238095238
10502,3151993,device,0.5238095238095238
10614,3207617,card_addr,0.1764705882352941
10614,3238593,card_addr,0.1764705882352941
10614,3481507,card_addr,0.1764705882352941
10614,3552770,card_addr,0.1764705882352941
10614,3237032,card_addr,0.1764705882352941
10614,2999785,card_addr,0.1764705882352941
10614,3493867,card_addr,0.1764705882352941
10614,3038253,card_addr,0.1764705882352941
10614,3144462,card_addr,0.1764705882352941
10614,2999857,card_addr,0.1764705882352941
10614,3002674,card_addr,0.1764705882352941
10614,3017587,card_addr,0.1764705882352941
10614,3077268,card_addr,0.1764705882352941
10614,3173586,card_addr,0.1764705882352941
10614,3140441,card_addr,0.1764705882352941
10614,3034558,card_addr,0.1764705882352941
10614,3210719,card_addr,0.1764705882352941
10704,3079689,device,0.2340425531914893
10704,3499017,device,0.2340425531914893
10704,3065869,device,0.2340425531914893
10704,3553296,device,0.2340425531914893
10704,3331605,device,0.2340425531914893
10704,3331606,device,0.2340425531914893
10704,3331607,device,0.2340425531914893
10704,3039768,device,0.2340425531914893
10704,3039769,device,0.2340425531914893
10704,3039770,device,0.2340425531914893
10704,3497499,device,0.2340425531914893
10704,3548184,device,0.2340425531914893
10704,3565603,device,0.2340425531914893
10704,3548196,device,0.2340425531914893
10704,3565612,device,0.2340425531914893
10704,3565615,device,0.2340425531914893
10704,3405882,device,0.2340425531914893
10704,3153981,device,0.2340425531914893
10704,3092038,device,0.2340425531914893
10704,3529815,device,0.2340425531914893
10704,2999903,device,0.2340425531914893
10704,3200098,device,0.2340425531914893
10704,3405414,device,0.2340425531914893
10704,3503208,device,0.2340425531914893
10704,3504769,device,0.2340425531914893
10704,3521153,device,0.2340425531914893
10704,3290260,device,0.2340425531914893
10704,3398294,device,0.2340425531914893
10704,3444892,device,0.2340425531914893
10704,3290275,device,0.2340425531914893
10704,3225764,device,0.2340425531914893
10704,3565737,device,0.2340425531914893
10704,3433133,device,0.2340425531914893
10704,3106482,device,0.2340425531914893
10704,3169982,device,0.2340425531914893
10704,3195596,device,0.2340425531914893
10704,3284691,device,0.2340425531914893
10704,3421908,device,0.2340425531914893
10704,3338453,device,0.2340425531914893
10704,3347157,device,0.2340425531914893
10704,3347159,device,0.2340425531914893
10704,3347160,device,0.2340425531914893
10704,3347161,device,0.2340425531914893
10704,3347163,device,0.2340425531914893
10704,3347164,device,0.2340425531914893
10704,3356381,device,0.2340425531914893
10704,3347165,device,0.2340425531914893
10704,3347166,device,0.2340425531914893
10704,3347167,device,0.2340425531914893
10704,3356382,device,0.2340425531914893
10704,3451622,device,0.2340425531914893
10704,3383527,device,0.2340425531914893
10704,3127021,device,0.2340425531914893
10704,3203312,device,0.2340425531914893
10704,3400440,device,0.2340425531914893
10704,3447042,device,0.2340425531914893
10704,3166467,device,0.2340425531914893
10704,3191043,device,0.2340425531914893
10704,3372292,device,0.2340425531914893
10704,3429637,device,0.2340425531914893
10704,3543811,device,0.2340425531914893
10704,3217682,device,0.2340425531914893
10704,3060007,device,0.2340425531914893
10704,3418425,device,0.2340425531914893
10704,3228993,device,0.2340425531914893
10704,3080004,device,0.2340425531914893
10704,3104086,device,0.2340425531914893
10704,3210603,device,0.2340425531914893
10704,3476332,device,0.2340425531914893
10704,3527028,device,0.2340425531914893
10704,3107189,device,0.2340425531914893
10704,3488641,device,0.2340425531914893
10704,3196805,device,0.2340425531914893
10704,3231621,device,0.2340425531914893
10704,3231625,device,0.2340425531914893
10704,3231628,device,0.2340425531914893
10704,3046800,device,0.2340425531914893
10704,3237267,device,0.2340425531914893
10704,3377046,device,0.2340425531914893
10704,3519391,device,0.2340425531914893
10704,3255712,device,0.2340425531914893
10704,3334574,device,0.2340425531914893
10704,3146683,device,0.2340425531914893
10704,3134921,device,0.2340425531914893
10704,3472331,device,0.2340425531914893
10704,3395020,device,0.2340425531914893
10704,3159504,device,0.2340425531914893
10704,3103708,device,0.2340425531914893
10704,3088861,device,0.2340425531914893
10704,3250141,device,0.2340425531914893
10704,3193829,device,0.2340425531914893
10704,3163622,device,0.2340425531914893
10704,3042291,device,0.2340425531914893
10704,3017719,device,0.2340425531914893
10717,3013378,card_addr,0.574468085106383
10717,3008137,card_addr,0.574468085106383
10717,3003914,device,0.574468085106383
10717,3013386,card_addr,0.574468085106383
10717,3039758,device,0.574468085106383
10717,3019022,card_addr,0.574468085106383
10717,3030546,card_addr,0.574468085106383
10717,3013395,card_addr,0.574468085106383
10717,2999962,device,0.574468085106383
10717,3007134,card_addr,0.574468085106383
10717,3013407,card_addr,0.574468085106383
10717,3011492,card_addr+device,0.574468085106383
10717,3013413,card_addr,0.574468085106383
10717,3011495,card_addr+device,0.574468085106383
10717,3011497,card_addr+device,0.574468085106383
10717,3052974,device,0.574468085106383
10717,3013423,card_addr,0.574468085106383
10717,3026865,card_addr,0.574468085106383
10717,3013300,card_addr+device,0.574468085106383
10717,3013045,card_addr+device,0.574468085106383
10717,3015092,card_addr,0.574468085106383
10717,3013303,card_addr+device,0.574468085106383
10717,3013431,card_addr,0.574468085106383
10717,3013308,card_addr+device,0.574468085106383
10717,3014076,card_addr,0.574468085106383
10717,3018700,card_addr,0.574468085106383
10717,3013374,card_addr,0.574468085106383
10717,3013454,card_addr,0.574468085106383
10717,3023056,card_addr,0.574468085106383
10717,3014109,card_addr,0.574468085106383
10717,3013087,card_addr+device,0.574468085106383
10717,3033440,card_addr,0.574468085106383
10717,3004897,card_addr,0.574468085106383
10717,3014115,card_addr,0.574468085106383
10717,3013093,card_addr+device,0.574468085106383
10717,3019621,device,0.574468085106383
10717,3013733,card_addr,0.574468085106383
10717,3007979,card_addr,0.574468085106383
10717,2999919,device,0.574468085106383
10717,3023087,card_addr,0.574468085106383
10717,3007986,card_addr,0.574468085106383
10717,3007987,card_addr,0.574468085106383
10717,3007992,card_addr,0.574468085106383
10717,3023097,card_addr,0.574468085106383
10717,3007996,card_addr,0.574468085106383
10717,3140990,device,0.574468085106383
10717,3102335,device,0.574468085106383
10793,3317504,device,0.1186440677966101
10793,3437952,device,0.1186440677966101
10793,3443970,device,0.1186440677966101
10793,3307523,device,0.1186440677966101
10793,3240964,device,0.1186440677966101
10793,3461377,device,0.1186440677966101
10793,3043079,device,0.1186440677966101
10793,3421321,device,0.1186440677966101
10793,3453454,device,0.1186440677966101
10793,3091216,device,0.1186440677966101
10793,3061009,device,0.1186440677966101
10793,3493264,device,0.1186440677966101
10793,3517845,device,0.1186440677966101
10793,3418902,device,0.1186440677966101
10793,3117335,device,0.1186440677966101
10793,3517849,device,0.1186440677966101
10793,3458716,device,0.1186440677966101
10793,3225887,device,0.1186440677966101
10793,3108641,device,0.1186440677966101
10793,3307559,device,0.1186440677966101
10793,3528615,device,0.1186440677966101
10793,3440682,device,0.1186440677966101
10793,3244460,device,0.1186440677966101
10793,3398189,device,0.1186440677966101
10793,3476527,device,0.1186440677966101
10793,3250353,device,0.1186440677966101
10793,3403441,device,0.1186440677966101
10793,3434676,device,0.1186440677966101
10793,3305655,device,0.1186440677966101
10793,3355703,device,0.1186440677966101
10793,3402171,device,0.1186440677966101
10793,3454139,device,0.1186440677966101
10793,3509566,device,0.1186440677966101
10793,3509569,device,0.1186440677966101
10793,3438275,device,0.1186440677966101
10793,3509573,device,0.1186440677966101
10793,3520454,device,0.1186440677966101
10793,3234504,device,0.1186440677966101
10793,3000009,device,0.1186440677966101
10793,3397961,device,0.1186440677966101
10793,3080267,device,0.1186440677966101
10793,3458890,device,0.1186440677966101
10793,3317709,device,0.1186440677966101
10793,3355597,device,0.1186440677966101
10793,3419341,device,0.1186440677966101
10793,3323344,device,0.1186440677966101
10793,3469778,device,0.1186440677966101
10793,3537363,device,0.1186440677966101
10793,3544916,device,0.1186440677966101
10793,3563219,device,0.1186440677966101
10793,3323353,device,0.1186440677966101
10793,3305572,device,0.1186440677966101
10793,3510124,device,0.1186440677966101
10793,3453421,device,0.1186440677966101
10793,3565934,device,0.1186440677966101
10793,3510127,device,0.1186440677966101
10793,3505777,device,0.1186440677966101
10793,3510131,device,0.1186440677966101
10793,3544308,device,0.1186440677966101
10906,3556486,card_addr,0.0833333333333333
10906,3396105,card_addr,0.0833333333333333
10906,3148174,card_addr,0.0833333333333333
10906,3001873,card_addr,0.0833333333333333
10906,3500561,card_addr,0.0833333333333333
10906,3210645,card_addr,0.0833333333333333
10906,3029017,card_addr,0.0833333333333333
10906,3079962,card_addr,0.0833333333333333
10906,3257499,card_addr,0.0833333333333333
10906,3500576,card_addr,0.0833333333333333
10906,3257507,card_addr,0.0833333333333333
10906,3498278,card_addr,0.0833333333333333
10906,3047983,card_addr,0.0833333333333333
10906,3188786,card_addr,0.0833333333333333
10906,3521077,card_addr,0.0833333333333333
10906,3214008,card_addr,0.0833333333333333
10906,3512251,card_addr,0.0833333333333333
10906,3072061,card_addr,0.0833333333333333
10906,3502784,card_addr,0.0833333333333333
10906,3515840,card_addr,0.0833333333333333
10906,3010629,card_addr,0.0833333333333333
10906,3440967,card_addr,0.0833333333333333
10906,3375050,card_addr,0.0833333333333333
10906,3486925,card_addr,0.0833333333333333
10906,3000142,card_addr,0.0833333333333333
10906,3479250,card_addr,0.0833333333333333
10906,3010515,card_addr,0.0833333333333333
10906,3033688,card_addr,0.0833333333333333
10906,3463769,card_addr,0.0833333333333333
10906,3214170,card_addr,0.0833333333333333
10906,3033179,card_addr,0.0833333333333333
10906,3502953,card_addr,0.0833333333333333
10906,3515761,card_addr,0.0833333333333333
10906,3296756,card_addr,0.0833333333333333
10906,3077365,card_addr,0.0833333333333333
10906,3449846,card_addr,0.0833333333333333
10914,3387426,card_addr,0.2727272727272727
10914,3122916,card_addr,0.2727272727272727
10914,3384329,card_addr,0.2727272727272727
10914,3293964,card_addr,0.2727272727272727
10914,3232817,card_addr,0.2727272727272727
10914,3112946,card_addr,0.2727272727272727
10914,3380662,card_addr,0.2727272727272727
10914,3000151,card_addr,0.2727272727272727
10914,3234552,card_addr,0.2727272727272727
10914,3194587,card_addr,0.2727272727272727
10914,3122845,card_addr,0.2727272727272727
10940,3081147,card_addr,0.1428571428571428
10940,3123113,card_addr,0.1428571428571428
10940,3336911,card_addr,0.1428571428571428
10940,3468691,card_addr,0.1428571428571428
10940,3101749,card_addr,0.1428571428571428
10940,3467669,card_addr,0.1428571428571428
10940,3000187,card_addr,0.1428571428571428
11010,3286155,card_addr,0.2592592592592592
11010,3024398,card_addr,0.2592592592592592
11010,3467541,card_addr,0.2592592592592592
11010,3197334,card_addr,0.2592592592592592
11010,3509782,card_addr,0.2592592592592592
11010,3522069,device,0.2592592592592592
11010,3259933,card_addr,0.2592592592592592
11010,3069985,card_addr,0.2592592592592592
11010,3026984,card_addr,0.2592592592592592
11010,3007533,card_addr,0.2592592592592592
11010,3006127,card_addr,0.2592592592592592
11010,3090736,card_addr+device,0.2592592592592592
11010,3041589,card_addr,0.2592592592592592
11010,3465144,card_addr,0.2592592592592592
11010,3471288,card_addr,0.2592592592592592
11010,3471293,card_addr,0.2592592592592592
11010,3471297,card_addr,0.2592592592592592
11010,3048520,card_addr+device,0.2592592592592592
11010,3046732,card_addr,0.2592592592592592
11010,3011535,card_addr,0.2592592592592592
11010,3462609,card_addr,0.2592592592592592
11010,3007701,card_addr,0.2592592592592592
11010,3232853,card_addr,0.2592592592592592
11010,3000280,card_addr,0.2592592592592592
11010,3494247,card_addr,0.2592592592592592
11010,3047019,card_addr,0.2592592592592592
11010,3067887,device,0.2592592592592592
11031,3153158,card_addr,0.1333333333333333
11031,3205415,card_addr,0.1333333333333333
11031,3568745,card_addr,0.1333333333333333
11031,3044715,card_addr,0.1333333333333333
11031,3421707,card_addr,0.1333333333333333
11031,3517259,card_addr,0.1333333333333333
11031,3024494,card_addr,0.1333333333333333
11031,3062286,card_addr,0.1333333333333333
11031,3353937,card_addr,0.1333333333333333
11031,3477247,card_addr,0.1333333333333333
11031,3000308,card_addr,0.1333333333333333
11031,3070936,card_addr,0.1333333333333333
11031,3209723,card_addr,0.1333333333333333
11031,3258236,card_addr,0.1333333333333333
11031,3069855,card_addr,0.1333333333333333
11233,3337478,card_addr,0.2121212121212121
11233,3362183,card_addr,0.2121212121212121
11233,3385616,card_addr,0.2121212121212121
11233,3302418,card_addr,0.2121212121212121
11233,3303442,card_addr,0.2121212121212121
11233,3353877,card_addr,0.2121212121212121
11233,3015190,card_addr,0.2121212121212121
11233,3385627,card_addr,0.2121212121212121
11233,3353885,card_addr,0.2121212121212121
11233,3122718,card_addr,0.2121212121212121
11233,3385630,card_addr,0.2121212121212121
11233,3353891,card_addr,0.2121212121212121
11233,3353636,card_addr,0.2121212121212121
11233,3315493,card_addr,0.2121212121212121
11233,3385635,card_addr,0.2121212121212121
11233,3333164,card_addr,0.2121212121212121
11233,3423023,card_addr,0.2121212121212121
11233,3062834,card_addr,0.2121212121212121
11233,3401271,card_addr,0.2121212121212121
11233,3281080,card_addr,0.2121212121212121
11233,3353917,card_addr,0.2121212121212121
11233,3066942,card_addr,0.2121212121212121
11233,3315780,card_addr,0.2121212121212121
11233,3275079,card_addr,0.2121212121212121
11233,3315791,card_addr,0.2121212121212121
11233,3347558,card_addr,0.2121212121212121
11233,3303655,card_addr,0.2121212121212121
11233,3347565,card_addr,0.2121212121212121
11233,3018351,card_addr,0.2121212121212121
11233,3277041,card_addr,0.2121212121212121
11233,3318898,card_addr,0.2121212121212121
11233,3315443,card_addr,0.2121212121212121
11233,3000567,card_addr,0.2121212121212121
11289,3173889,card_addr,0.1521739130434782
11289,3126659,card_addr,0.1521739130434782
11289,3200516,card_addr,0.1521739130434782
11289,3040263,card_addr,0.1521739130434782
11289,3043335,card_addr,0.1521739130434782
11289,3044488,card_addr,0.1521739130434782
11289,3182348,card_addr,0.1521739130434782
11289,3080717,card_addr,0.1521739130434782
11289,3419280,card_addr,0.1521739130434782
11289,3060882,card_addr,0.1521739130434782
11289,3146133,card_addr,0.1521739130434782
11289,3034777,card_addr,0.1521739130434782
11289,3278619,card_addr,0.1521739130434782
11289,3018530,card_addr,0.1521739130434782
11289,3134882,card_addr,0.1521739130434782
11289,3260452,card_addr,0.1521739130434782
11289,3044263,card_addr,0.1521739130434782
11289,3251880,card_addr,0.1521739130434782
11289,3044265,card_addr,0.1521739130434782
11289,3270702,card_addr,0.1521739130434782
11289,3561134,card_addr,0.1521739130434782
11289,3510834,card_addr,0.1521739130434782
11289,3108405,card_addr,0.1521739130434782
11289,3488438,card_addr,0.1521739130434782
11289,3110461,card_addr,0.1521739130434782
11289,3033022,card_addr,0.1521739130434782
11289,3000641,card_addr,0.1521739130434782
11289,3211329,card_addr,0.1521739130434782
11289,3314499,card_addr,0.1521739130434782
11289,3211340,card_addr,0.1521739130434782
11289,3027157,card_addr,0.1521739130434782
11289,3353431,card_addr,0.1521739130434782
11289,3473498,card_addr,0.1521739130434782
11289,3525082,card_addr,0.1521739130434782
11289,3105116,card_addr,0.1521739130434782
11289,3483740,card_addr,0.1521739130434782
11289,3483742,card_addr,0.1521739130434782
11289,3044069,card_addr,0.1521739130434782
11289,3217511,card_addr,0.1521739130434782
11289,3146094,card_addr,0.1521739130434782
11289,3082096,card_addr,0.1521739130434782
11289,3479284,card_addr,0.1521739130434782
11289,3034997,card_addr,0.1521739130434782
11289,3148277,card_addr,0.1521739130434782
11289,3148917,card_addr,0.1521739130434782
11289,3314301,card_addr,0.1521739130434782
11311,3000672,card_addr,0.6666666666666666
11311,3514338,card_addr,0.6666666666666666
11311,3476451,card_addr,0.6666666666666666
11311,3568653,card_addr,0.6666666666666666
11311,3519663,card_addr,0.6666666666666666
11311,3493110,card_addr,0.6666666666666666
11311,3475672,card_addr,0.6666666666666666
11311,3493210,card_addr,0.6666666666666666
11311,3327997,card_addr,0.6666666666666666
11326,3266817,card_addr,0.1
11326,3244807,card_addr,0.1
11326,3518729,card_addr,0.1
11326,3193615,card_addr,0.1
11326,3513876,card_addr,0.1
11326,3263898,card_addr,0.1
11326,3019678,card_addr,0.1
11326,3110561,card_addr,0.1
11326,3268641,card_addr,0.1
11326,3110563,card_addr,0.1
11326,3268644,card_addr,0.1
11326,3231529,card_addr,0.1
11326,3224749,card_addr,0.1
11326,3322034,card_addr,0.1
11326,3110582,card_addr,0.1
11326,3576248,card_addr,0.1
11326,3435835,card_addr,0.1
11326,3149119,card_addr,0.1
11326,3265857,card_addr,0.1
11326,3268676,card_addr,0.1
11326,3000773,card_addr,0.1
11326,3226438,card_addr,0.1
11326,3231582,card_addr,0.1
11326,3231199,card_addr,0.1
11326,3480808,card_addr,0.1
11326,3262575,card_addr,0.1
11326,3000692,card_addr,0.1
11326,3052149,card_addr,0.1
11326,3267835,card_addr,0.1
11326,3357565,card_addr,0.1
11330,3216314,card_addr,0.3846153846153846
11330,3301312,card_addr,0.3846153846153846
11330,3163076,card_addr,0.3846153846153846
11330,3301317,card_addr,0.3846153846153846
11330,3450884,card_addr,0.3846153846153846
11330,3164233,card_addr,0.3846153846153846
11330,3386268,card_addr,0.3846153846153846
11330,3075276,card_addr,0.3846153846153846
11330,3009752,card_addr,0.3846153846153846
11330,3149241,card_addr,0.3846153846153846
11330,3000698,card_addr,0.3846153846153846
11330,3016860,card_addr,0.3846153846153846
11330,3200670,card_addr,0.3846153846153846
11381,3004674,card_addr,0.08
11381,3073936,card_addr,0.08
11381,3575062,card_addr,0.08
11381,3001626,card_addr,0.08
11381,3517600,card_addr,0.08
11381,3248549,card_addr,0.08
11381,3495335,card_addr,0.08
11381,3534255,card_addr,0.08
11381,3149243,card_addr,0.08
11381,3151548,card_addr,0.08
11381,3000765,card_addr,0.08
11381,3013986,card_addr,0.08
11381,3305570,card_addr,0.08
11381,3362662,card_addr,0.08
11381,3272935,card_addr,0.08
11381,3162218,card_addr,0.08
11381,3495276,card_addr,0.08
11381,3070451,card_addr,0.08
11381,3072244,card_addr,0.08
11381,3538293,card_addr,0.08
11381,3565814,card_addr,0.08
11381,3290104,card_addr,0.08
11381,3497593,card_addr,0.08
11381,3272698,card_addr,0.08
11381,3576190,card_addr,0.08
11408,3302400,card_addr,0.073170731707317
11408,3207681,card_addr,0.073170731707317
11408,3054596,card_addr,0.073170731707317
11408,3302404,card_addr,0.073170731707317
11408,3403782,card_addr,0.073170731707317
11408,3013649,card_addr,0.073170731707317
11408,3121688,card_addr,0.073170731707317
11408,3337757,card_addr,0.073170731707317
11408,3302943,card_addr,0.073170731707317
11408,3532321,card_addr,0.073170731707317
11408,3531811,card_addr,0.073170731707317
11408,3302442,card_addr,0.073170731707317
11408,3339842,card_addr,0.073170731707317
11408,3071555,card_addr,0.073170731707317
11408,3126338,card_addr,0.073170731707317
11408,3077706,card_addr,0.073170731707317
11408,3164237,card_addr,0.073170731707317
11408,3032659,card_addr,0.073170731707317
11408,3306588,card_addr,0.073170731707317
11408,3038815,card_addr,0.073170731707317
11408,3078755,card_addr,0.073170731707317
11408,3220076,card_addr,0.073170731707317
11408,3053683,card_addr,0.073170731707317
11408,3428980,card_addr,0.073170731707317
11408,3220086,card_addr,0.073170731707317
11408,3428983,card_addr,0.073170731707317
11408,3403386,card_addr,0.073170731707317
11408,3506812,card_addr,0.073170731707317
11408,3133052,card_addr,0.073170731707317
11408,3090047,card_addr,0.073170731707317
11408,3319427,card_addr,0.073170731707317
11408,3429000,card_addr,0.073170731707317
11408,3090063,card_addr,0.073170731707317
11408,3118223,card_addr,0.073170731707317
11408,3214993,card_addr,0.073170731707317
11408,3033745,card_addr,0.073170731707317
11408,3215006,card_addr,0.073170731707317
11408,3004065,card_addr,0.073170731707317
11408,3334818,card_addr,0.073170731707317
11408,3096232,card_addr,0.073170731707317
11408,3052206,card_addr,0.073170731707317
11408,3295415,card_addr,0.073170731707317
11408,3279548,card_addr,0.073170731707317
11408,3384004,card_addr,0.073170731707317
11408,3279562,card_addr,0.073170731707317
11408,3098315,card_addr,0.073170731707317
11408,3111629,card_addr,0.073170731707317
11408,3355349,card_addr,0.073170731707317
11408,3040472,card_addr,0.073170731707317
11408,3410136,card_addr,0.073170731707317
11408,3519704,card_addr,0.073170731707317
11408,3559130,card_addr,0.073170731707317
11408,3090142,card_addr,0.073170731707317
11408,3529447,card_addr,0.073170731707317
11408,3193584,card_addr,0.073170731707317
11408,3186418,card_addr,0.073170731707317
11408,3182328,card_addr,0.073170731707317
11408,3379973,card_addr,0.073170731707317
11408,3098888,card_addr,0.073170731707317
11408,3221267,card_addr,0.073170731707317
11408,3158294,card_addr,0.073170731707317
11408,3205910,device,0.073170731707317
11408,3225367,card_addr,0.073170731707317
11408,3077413,card_addr,0.073170731707317
11408,3401002,card_addr,0.073170731707317
11408,3092789,card_addr,0.073170731707317
11408,3029816,card_addr,0.073170731707317
11408,3207993,card_addr,0.073170731707317
11408,3478329,card_addr,0.073170731707317
11408,3069758,card_addr,0.073170731707317
11408,3425604,card_addr,0.073170731707317
11408,3361097,card_addr,0.073170731707317
11408,3041099,card_addr,0.073170731707317
11408,3089739,card_addr,0.073170731707317
11408,3207502,card_addr,0.073170731707317
11408,3099989,card_addr,0.073170731707317
11408,3449176,card_addr,0.073170731707317
11408,3410784,card_addr,0.073170731707317
11408,3143013,card_addr,0.073170731707317
11408,3522921,card_addr,0.073170731707317
11408,3381611,card_addr,0.073170731707317
11408,3473262,card_addr,0.073170731707317
11408,3036016,card_addr,0.073170731707317
11408,3009909,card_addr,0.073170731707317
11408,3433852,card_addr,0.073170731707317
11408,3425148,card_addr,0.073170731707317
11408,3083646,card_addr,0.073170731707317
11408,3081604,card_addr,0.073170731707317
11408,3080075,card_addr,0.073170731707317
11408,3249553,card_addr,0.073170731707317
11408,3005332,card_addr,0.073170731707317
11408,3204500,card_addr,0.073170731707317
11408,3362718,card_addr,0.073170731707317
11408,3051940,card_addr,0.073170731707317
11408,3537829,card_addr,0.073170731707317
11408,3157931,card_addr,0.073170731707317
11408,3537840,card_addr,0.073170731707317
11408,3377584,card_addr,0.073170731707317
11408,3033010,card_addr,0.073170731707317
11408,3317171,card_addr,0.073170731707317
11408,3036086,card_addr,0.073170731707317
11408,3106235,card_addr,0.073170731707317
11408,3489213,card_addr,0.073170731707317
11408,3451844,card_addr,0.073170731707317
11408,3445191,card_addr,0.073170731707317
11408,3120584,card_addr,0.073170731707317
11408,3035082,card_addr,0.073170731707317
11408,3537868,card_addr,0.073170731707317
11408,3094477,card_addr,0.073170731707317
11408,3537875,card_addr,0.073170731707317
11408,3112917,card_addr+device,0.073170731707317
11408,3000801,card_addr,0.073170731707317
11408,3005410,card_addr,0.073170731707317
11408,3035107,card_addr,0.073170731707317
11408,3015143,card_addr,0.073170731707317
11408,3035112,card_addr,0.073170731707317
11408,3040233,card_addr,0.073170731707317
11408,3026416,card_addr,0.073170731707317
11408,3526130,card_addr,0.073170731707317
11408,3112950,card_addr+device,0.073170731707317
11408,3257846,card_addr,0.073170731707317
11408,3372541,card_addr,0.073170731707317
11408,3075071,card_addr,0.073170731707317
11412,3000806,card_addr,0.2
11412,3113781,card_addr,0.2
11412,3577368,card_addr,0.2
11412,3113787,card_addr,0.2
11412,3045309,card_addr,0.2
11440,3168736,card_addr,0.2727272727272727
11440,3441951,card_addr,0.2727272727272727
11440,3000843,card_addr,0.2727272727272727
11440,3056459,card_addr,0.2727272727272727
11440,3341260,card_addr,0.2727272727272727
11440,3138194,card_addr,0.2727272727272727
11440,3138291,card_addr,0.2727272727272727
11440,3450258,card_addr,0.2727272727272727
11440,3024378,card_addr,0.2727272727272727
11440,3145630,card_addr,0.2727272727272727
11440,3134271,card_addr,0.2727272727272727
11505,3000928,card_addr,0.2142857142857142
11505,3326756,card_addr,0.2142857142857142
11505,3176581,card_addr,0.2142857142857142
11505,3409255,card_addr,0.2142857142857142
11505,3080330,card_addr,0.2142857142857142
11505,3162187,card_addr,0.2142857142857142
11505,3499870,card_addr,0.2142857142857142
11505,3369138,card_addr,0.2142857142857142
11505,3072115,card_addr,0.2142857142857142
11505,3388370,card_addr,0.2142857142857142
11505,3379414,card_addr,0.2142857142857142
11505,3264247,card_addr,0.2142857142857142
11505,3151838,card_addr,0.2142857142857142
11505,3080927,card_addr,0.2142857142857142
11818,3338624,card_addr,0.2028985507246377
11818,3425664,card_addr,0.2028985507246377
11818,3321730,card_addr,0.2028985507246377
11818,3509249,card_addr,0.2028985507246377
11818,3123463,card_addr,0.2028985507246377
11818,3173639,card_addr,0.2028985507246377
11818,3155851,card_addr,0.2028985507246377
11818,3335439,card_addr,0.2028985507246377
11818,3370898,card_addr,0.2028985507246377
11818,3148180,card_addr,0.2028985507246377
11818,3484060,card_addr,0.2028985507246377
11818,3173661,card_addr,0.2028985507246377
11818,3240613,card_addr,0.2028985507246377
11818,3268775,card_addr,0.2028985507246377
11818,3511908,card_addr,0.2028985507246377
11818,3216810,card_addr,0.2028985507246377
11818,3158955,card_addr,0.2028985507246377
11818,3438506,card_addr,0.2028985507246377
11818,3310893,card_addr,0.2028985507246377
11818,3151792,card_addr,0.2028985507246377
11818,3311664,card_addr,0.2028985507246377
11818,3513392,card_addr,0.2028985507246377
11818,3300667,card_addr,0.2028985507246377
11818,3279933,card_addr,0.2028985507246377
11818,3389245,card_addr,0.2028985507246377
11818,3271487,card_addr,0.2028985507246377
11818,3429053,card_addr,0.2028985507246377
11818,3429056,card_addr,0.2028985507246377
11818,3400898,card_addr,0.2028985507246377
11818,3072583,card_addr,0.2028985507246377
11818,3267452,card_addr,0.2028985507246377
11818,3421640,card_addr,0.2028985507246377
11818,3186764,card_addr,0.2028985507246377
11818,3257676,card_addr,0.2028985507246377
11818,3194446,card_addr,0.2028985507246377
11818,3202000,card_addr,0.2028985507246377
11818,3267027,card_addr,0.2028985507246377
11818,3488340,card_addr,0.2028985507246377
11818,3430613,card_addr,0.2028985507246377
11818,3030103,card_addr,0.2028985507246377
11818,3059418,card_addr,0.2028985507246377
11818,3001343,card_addr,0.2028985507246377
11818,3180506,card_addr,0.2028985507246377
11818,3142621,card_addr,0.2028985507246377
11818,3235295,card_addr,0.2028985507246377
11818,3315297,card_addr,0.2028985507246377
11818,3321826,card_addr,0.2028985507246377
11818,3199588,card_addr,0.2028985507246377
11818,3335780,card_addr,0.2028985507246377
11818,3382118,card_addr,0.2028985507246377
11818,3436903,card_addr,0.2028985507246377
11818,3246440,card_addr,0.2028985507246377
11818,3436264,card_addr,0.2028985507246377
11818,3491428,card_addr,0.2028985507246377
11818,3163115,card_addr,0.2028985507246377
11818,3118060,card_addr,0.2028985507246377
11818,3254891,card_addr,0.2028985507246377
11818,3120622,card_addr,0.2028985507246377
11818,3135471,card_addr,0.2028985507246377
11818,3378416,card_addr,0.2028985507246377
11818,3548268,card_addr,0.2028985507246377
11818,3382131,card_addr,0.2028985507246377
11818,3059317,card_addr,0.2028985507246377
11818,3571573,card_addr,0.2028985507246377
11818,3310840,card_addr,0.2028985507246377
11818,3141628,card_addr,0.2028985507246377
11818,3348861,card_addr,0.2028985507246377
11818,3377918,card_addr,0.2028985507246377
11818,3155839,card_addr,0.2028985507246377
11908,3391030,card_addr,0.5
11908,3317577,card_addr,0.5
11908,3391038,card_addr,0.5
11908,3001462,card_addr,0.5
11987,3015723,card_addr,0.25
11987,3001556,card_addr,0.25
11987,3086028,card_addr,0.25
11987,3028855,card_addr,0.25
11998,3001571,card_addr,0.1818181818181818
11998,3036291,card_addr,0.1818181818181818
11998,3380131,card_addr,0.1818181818181818
11998,3383196,card_addr,0.1818181818181818
11998,3066858,card_addr,0.1818181818181818
11998,3138316,card_addr,0.1818181818181818
11998,3329549,card_addr,0.1818181818181818
11998,3021395,card_addr,0.1818181818181818
11998,3008379,card_addr,0.1818181818181818
11998,3342588,card_addr,0.1818181818181818
11998,3437183,card_addr,0.1818181818181818
12056,3225798,card_addr,0.4
12056,3372880,card_addr,0.4
12056,3439760,card_addr,0.4
12056,3001652,card_addr,0.4
12056,3442811,card_addr,0.4
12093,3076865,card_addr,0.1785714285714285
12093,3211396,card_addr,0.1785714285714285
12093,3217669,card_addr,0.1785714285714285
12093,3392519,card_addr,0.1785714285714285
12093,3523079,card_addr,0.1785714285714285
12093,3076874,card_addr,0.1785714285714285
12093,3229578,card_addr,0.1785714285714285
12093,3406476,card_addr,0.1785714285714285
12093,3229589,card_addr,0.1785714285714285
12093,3297052,card_addr,0.1785714285714285
12093,3290909,card_addr,0.1785714285714285
12093,3453855,card_addr,0.1785714285714285
12093,3002528,card_addr,0.1785714285714285
12093,3217696,card_addr,0.1785714285714285
12093,3076514,card_addr,0.1785714285714285
12093,3217699,card_addr,0.1785714285714285
12093,3163814,card_addr,0.1785714285714285
12093,3076521,card_addr,0.1785714285714285
12093,3076650,card_addr,0.1785714285714285
12093,3055147,card_addr,0.1785714285714285
12093,3222441,card_addr,0.1785714285714285
12093,3222443,card_addr,0.1785714285714285
12093,3524023,card_addr,0.1785714285714285
12093,3076536,card_addr,0.1785714285714285
12093,3290808,card_addr,0.1785714285714285
12093,3392699,card_addr,0.1785714285714285
12093,3076541,card_addr,0.1785714285714285
12093,3076543,card_addr,0.1785714285714285
12093,3216192,card_addr,0.1785714285714285
12093,3314115,card_addr,0.1785714285714285
12093,3078468,card_addr,0.1785714285714285
12093,3406403,card_addr,0.1785714285714285
12093,3076550,card_addr,0.1785714285714285
12093,3014599,card_addr,0.1785714285714285
12093,3392202,card_addr,0.1785714285714285
12093,3076555,card_addr,0.1785714285714285
12093,3082956,card_addr,0.1785714285714285
12093,3434827,card_addr,0.1785714285714285
12093,3563210,card_addr,0.1785714285714285
12093,3076560,card_addr,0.1785714285714285
12093,3082960,card_addr,0.1785714285714285
12093,3232080,card_addr,0.1785714285714285
12093,3481043,card_addr,0.1785714285714285
12093,3226453,card_addr,0.1785714285714285
12093,3423961,card_addr,0.1785714285714285
12093,3064154,card_addr,0.1785714285714285
12093,3076443,card_addr,0.1785714285714285
12093,3080670,card_addr,0.1785714285714285
12093,3001696,card_addr,0.1785714285714285
12093,3076579,card_addr,0.1785714285714285
12093,3076453,card_addr,0.1785714285714285
12093,3308653,card_addr,0.1785714285714285
12093,3111159,card_addr,0.1785714285714285
12093,3284473,card_addr,0.1785714285714285
12093,3076862,card_addr,0.1785714285714285
12093,3406463,card_addr,0.1785714285714285
12124,3001735,card_addr,0.1111111111111111
12124,3311080,card_addr,0.1111111111111111
12124,3356592,card_addr,0.1111111111111111
12124,3357042,card_addr,0.1111111111111111
12124,3438069,card_addr,0.1111111111111111
12124,3170007,card_addr,0.1111111111111111
12124,3413753,card_addr,0.1111111111111111
12124,3003639,card_addr,0.1111111111111111
12124,3356991,card_addr,0.1111111111111111
12192,3011471,card_addr,0.1052631578947368
12192,3019663,card_addr,0.1052631578947368
12192,3008275,card_addr,0.1052631578947368
12192,3018781,card_addr,0.1052631578947368
12192,3171880,card_addr,0.1052631578947368
12192,3324588,card_addr,0.1052631578947368
12192,3273392,card_addr,0.1052631578947368
12192,3145269,card_addr,0.1052631578947368
12192,3500481,card_addr,0.1052631578947368
12192,3195975,card_addr,0.1052631578947368
12192,3425999,card_addr,0.1052631578947368
12192,3001936,card_addr,0.1052631578947368
12192,3001829,card_addr,0.1052631578947368
12192,3093094,card_addr,0.1052631578947368
12192,3001964,card_addr,0.1052631578947368
12192,3405932,card_addr,0.1052631578947368
12192,3144302,card_addr,0.1052631578947368
12192,3054711,card_addr,0.1052631578947368
12192,3144313,card_addr,0.1052631578947368
12265,3561638,card_addr,0.0833333333333333
12265,3561640,card_addr,0.0833333333333333
12265,3100715,card_addr,0.0833333333333333
12265,3561643,card_addr,0.0833333333333333
12265,3269038,card_addr,0.0833333333333333
12265,3066063,card_addr,0.0833333333333333
12265,3001937,card_addr,0.0833333333333333
12265,3001941,card_addr,0.0833333333333333
12265,3157722,card_addr,0.0833333333333333
12265,3561660,card_addr,0.0833333333333333
12265,3561661,card_addr,0.0833333333333333
12265,3030783,card_addr,0.0833333333333333
12286,3227649,card_addr,0.1621621621621621
12286,3255815,device,0.1621621621621621
12286,3563017,card_addr,0.1621621621621621
12286,3030027,card_addr,0.1621621621621621
12286,3132429,card_addr,0.1621621621621621
12286,3204622,card_addr,0.1621621621621621
12286,3481103,card_addr,0.1621621621621621
12286,3382800,device,0.1621621621621621
12286,3382802,device,0.1621621621621621
12286,3382808,device,0.1621621621621621
12286,3112988,card_addr+device,0.1621621621621621
12286,3337251,card_addr,0.1621621621621621
12286,3054632,card_addr+device,0.1621621621621621
12286,3345962,card_addr,0.1621621621621621
12286,3377706,device,0.1621621621621621
12286,3303470,card_addr,0.1621621621621621
12286,3161134,card_addr,0.1621621621621621
12286,3566131,device,0.1621621621621621
12286,3268152,card_addr,0.1621621621621621
12286,3574845,card_addr,0.1621621621621621
12286,3267136,card_addr,0.1621621621621621
12286,3054147,device,0.1621621621621621
12286,3474504,card_addr,0.1621621621621621
12286,3391560,card_addr,0.1621621621621621
12286,3380302,device,0.1621621621621621
12286,3406929,card_addr,0.1621621621621621
12286,3358807,card_addr,0.1621621621621621
12286,3378775,card_addr,0.1621621621621621
12286,3574872,card_addr,0.1621621621621621
12286,3533402,card_addr,0.1621621621621621
12286,3231841,card_addr,0.1621621621621621
12286,3237986,card_addr,0.1621621621621621
12286,3053155,card_addr,0.1621621621621621
12286,3466341,card_addr,0.1621621621621621
12286,3178597,card_addr,0.1621621621621621
12286,3314279,card_addr,0.1621621621621621
12286,3228776,card_addr,0.1621621621621621
12286,3564650,card_addr,0.1621621621621621
12286,3001967,card_addr,0.1621621621621621
12286,3093119,card_addr,0.1621621621621621
12286,3460230,card_addr,0.1621621621621621
12286,3180685,card_addr,0.1621621621621621
12286,3227277,card_addr,0.1621621621621621
12286,3247245,card_addr,0.1621621621621621
12286,3485325,card_addr,0.1621621621621621
12286,3085464,card_addr,0.1621621621621621
12286,3050140,card_addr,0.1621621621621621
12286,3483298,card_addr,0.1621621621621621
12286,3085995,card_addr,0.1621621621621621
12286,3201708,card_addr,0.1621621621621621
12286,3265195,card_addr,0.1621621621621621
12286,3215024,card_addr,0.1621621621621621
12286,3488946,card_addr,0.1621621621621621
12286,3122883,device,0.1621621621621621
12286,3526339,card_addr,0.1621621621621621
12286,3373773,card_addr,0.1621621621621621
12286,3009234,card_addr,0.1621621621621621
12286,3172061,card_addr,0.1621621621621621
12286,3500258,card_addr,0.1621621621621621
12286,3299043,card_addr,0.1621621621621621
12286,3500260,card_addr,0.1621621621621621
12286,3492585,card_addr,0.1621621621621621
12286,3466480,card_addr,0.1621621621621621
12286,3140349,card_addr,0.1621621621621621
12286,3531521,card_addr,0.1621621621621621
12286,3093764,card_addr,0.1621621621621621
12286,3477256,card_addr+device,0.1621621621621621
12286,3435275,device,0.1621621621621621
12286,3380494,device,0.1621621621621621
12286,3380495,device,0.1621621621621621
12286,3477262,card_addr+device,0.1621621621621621
12286,3043087,card_addr,0.1621621621621621
12286,3136279,card_addr,0.1621621621621621
12286,3531544,card_addr,0.1621621621621621
12286,3534144,card_addr,0.1621621621621621
12286,3479368,card_addr,0.1621621621621621
12286,3554121,card_addr,0.1621621621621621
12286,3390287,device,0.1621621621621621
12286,3187539,card_addr,0.1621621621621621
12286,3198807,card_addr,0.1621621621621621
12286,3321185,card_addr,0.1621621621621621
12286,3199330,card_addr,0.1621621621621621
12286,3133283,card_addr,0.1621621621621621
12286,3143525,card_addr,0.1621621621621621
12286,3317614,device,0.1621621621621621
12286,3528047,device,0.1621621621621621
12286,3524976,card_addr,0.1621621621621621
12286,3395961,device,0.1621621621621621
12286,3391357,card_addr,0.1621621621621621
12286,3395967,card_addr+device,0.1621621621621621
12286,3435393,device,0.1621621621621621
12286,3455875,card_addr,0.1621621621621621
12286,3286931,card_addr,0.1621621621621621
12286,3521431,card_addr,0.1621621621621621
12286,3011484,card_addr,0.1621621621621621
12286,3435422,device,0.1621621621621621
12286,3278241,card_addr,0.1621621621621621
12286,3486164,card_addr,0.1621621621621621
12286,3462613,card_addr,0.1621621621621621
12286,3183574,card_addr,0.1621621621621621
12286,3486168,card_addr,0.1621621621621621
12286,3546073,card_addr,0.1621621621621621
12286,3487706,card_addr,0.1621621621621621
12286,3390940,card_addr,0.1621621621621621
12286,3571178,card_addr,0.1621621621621621
12286,3032556,card_addr,0.1621621621621621
12286,3109876,card_addr,0.1621621621621621
12286,3502581,card_addr,0.1621621621621621
12286,3109883,card_addr,0.1621621621621621
12286,3466236,card_addr,0.1621621621621621
12286,3109885,card_addr,0.1621621621621621
12369,3380480,device,0.2051282051282051
12369,3008902,card_addr+device,0.2051282051282051
12369,3343752,device,0.2051282051282051
12369,3004555,card_addr,0.2051282051282051
12369,3008910,device,0.2051282051282051
12369,3338126,device,0.2051282051282051
12369,3394831,device,0.2051282051282051
12369,3487760,device,0.2051282051282051
12369,3008915,card_addr+device,0.2051282051282051
12369,3299349,device,0.2051282051282051
12369,3015446,card_addr,0.2051282051282051
12369,3549847,device,0.2051282051282051
12369,3255449,device,0.2051282051282051
12369,3299353,device,0.2051282051282051
12369,3404702,device,0.2051282051282051
12369,3104043,device,0.2051282051282051
12369,3252525,device,0.2051282051282051
12369,3183663,device,0.2051282051282051
12369,3002165,device,0.2051282051282051
12369,3299258,device,0.2051282051282051
12369,3074237,device,0.2051282051282051
12369,3044045,device,0.2051282051282051
12369,3029848,card_addr,0.2051282051282051
12369,3391834,device,0.2051282051282051
12369,3278555,device,0.2051282051282051
12369,3488092,device,0.2051282051282051
12369,3013981,card_addr,0.2051282051282051
12369,3520350,device,0.2051282051282051
12369,3002079,device,0.2051282051282051
12369,3268321,device,0.2051282051282051
12369,3037155,card_addr,0.2051282051282051
12369,3097318,device,0.2051282051282051
12369,3370471,device,0.2051282051282051
12369,3495526,device,0.2051282051282051
12369,3281770,device,0.2051282051282051
12369,3228781,device,0.2051282051282051
12369,3423855,card_addr,0.2051282051282051
12369,3341297,device,0.2051282051282051
12369,3008895,device,0.2051282051282051
12423,3357185,card_addr,0.4
12423,3086882,card_addr,0.4
12423,3542818,card_addr,0.4
12423,3148324,card_addr,0.4
12423,3084331,card_addr,0.4
12423,3002156,card_addr,0.4
12423,3357774,card_addr,0.4
12423,3355090,card_addr,0.4
12423,3357758,card_addr,0.4
12423,3153790,card_addr,0.4
12442,3337572,card_addr,0.25
12442,3228645,card_addr,0.25
12442,3002183,card_addr,0.25
12442,3030633,card_addr,0.25
12442,3354772,card_addr,0.25
12442,3229814,card_addr,0.25
12442,3057753,card_addr,0.25
12442,3503581,card_addr,0.25
12564,3497986,card_addr,0.2068965517241379
12564,3536654,card_addr,0.2068965517241379
12564,3133460,card_addr,0.2068965517241379
12564,3043223,card_addr,0.2068965517241379
12564,3494299,card_addr,0.2068965517241379
12564,3139105,card_addr,0.2068965517241379
12564,3341474,card_addr,0.2068965517241379
12564,3467955,card_addr,0.2068965517241379
12564,3418164,card_addr,0.2068965517241379
12564,3302457,card_addr,0.2068965517241379
12564,3049660,card_addr,0.2068965517241379
12564,3055037,card_addr,0.2068965517241379
12564,3506493,card_addr,0.2068965517241379
12564,3322687,card_addr,0.2068965517241379
12564,3322688,card_addr,0.2068965517241379
12564,3240899,card_addr,0.2068965517241379
12564,3322691,card_addr,0.2068965517241379
12564,3538634,card_addr,0.2068965517241379
12564,3046091,card_addr,0.2068965517241379
12564,3317707,card_addr,0.2068965517241379
12564,3153492,card_addr,0.2068965517241379
12564,3325785,card_addr,0.2068965517241379
12564,3566049,card_addr,0.2068965517241379
12564,3079778,card_addr,0.2068965517241379
12564,3002342,card_addr,0.2068965517241379
12564,3338599,card_addr,0.2068965517241379
12564,3204329,card_addr,0.2068965517241379
12564,3323760,card_addr,0.2068965517241379
12564,3100284,card_addr,0.2068965517241379
12568,3123454,card_addr,0.1176470588235294
12568,3151841,card_addr,0.1176470588235294
12568,3140803,card_addr,0.1176470588235294
12568,3378242,card_addr,0.1176470588235294
12568,3365957,card_addr,0.1176470588235294
12568,3048552,card_addr,0.1176470588235294
12568,3146985,card_addr,0.1176470588235294
12568,3110314,card_addr,0.1176470588235294
12568,3002351,card_addr,0.1176470588235294
12568,3365969,card_addr,0.1176470588235294
12568,3419475,card_addr,0.1176470588235294
12568,3298613,card_addr,0.1176470588235294
12568,3571771,card_addr,0.1176470588235294
12568,3575004,card_addr,0.1176470588235294
12568,3202621,card_addr,0.1176470588235294
12568,3124734,card_addr,0.1176470588235294
12568,3461215,card_addr,0.1176470588235294
12595,3032964,card_addr,0.1587301587301587
12595,3427589,card_addr,0.1587301587301587
12595,3075590,card_addr,0.1587301587301587
12595,3005320,card_addr,0.1587301587301587
12595,3472652,card_addr,0.1587301587301587
12595,3002382,card_addr,0.1587301587301587
12595,3409934,card_addr,0.1587301587301587
12595,3175312,card_addr,0.1587301587301587
12595,3300883,card_addr,0.1587301587301587
12595,3175188,card_addr,0.1587301587301587
12595,3163286,card_addr,0.1587301587301587
12595,3049239,card_addr,0.1587301587301587
12595,3030808,card_addr,0.1587301587301587
12595,3163289,card_addr,0.1587301587301587
12595,3196825,card_addr,0.1587301587301587
12595,3310874,card_addr,0.1587301587301587
12595,3319451,card_addr,0.1587301587301587
12595,3484442,card_addr,0.1587301587301587
12595,3127456,card_addr,0.1587301587301587
12595,3196832,card_addr,0.1587301587301587
12595,3181218,card_addr,0.1587301587301587
12595,3196835,card_addr,0.1587301587301587
12595,3474211,card_addr,0.1587301587301587
12595,3487917,card_addr,0.1587301587301587
12595,3393456,card_addr,0.1587301587301587
12595,3188529,card_addr,0.1587301587301587
12595,3005235,card_addr,0.1587301587301587
12595,3057075,card_addr,0.1587301587301587
12595,3352373,card_addr,0.1587301587301587
12595,3295286,card_addr,0.1587301587301587
12595,3052216,card_addr,0.1587301587301587
12595,3176633,card_addr,0.1587301587301587
12595,3297978,card_addr,0.1587301587301587
12595,3391035,card_addr,0.1587301587301587
12595,3234620,card_addr,0.1587301587301587
12595,3075902,card_addr,0.1587301587301587
12595,3135294,card_addr,0.1587301587301587
12595,3384513,card_addr,0.1587301587301587
12595,3514435,card_addr,0.1587301587301587
12595,3305800,card_addr,0.1587301587301587
12595,3242185,card_addr,0.1587301587301587
12595,3348991,card_addr,0.1587301587301587
12595,3025100,card_addr,0.1587301587301587
12595,3059148,card_addr,0.1587301587301587
12595,3390797,card_addr,0.1587301587301587
12595,3569103,card_addr,0.1587301587301587
12595,3154897,card_addr,0.1587301587301587
12595,3007827,card_addr,0.1587301587301587
12595,3155027,card_addr,0.1587301587301587
12595,3048023,card_addr,0.1587301587301587
12595,3221466,card_addr,0.1587301587301587
12595,3468669,card_addr,0.1587301587301587
12595,3007840,card_addr,0.1587301587301587
12595,3030753,card_addr,0.1587301587301587
12595,3017831,card_addr,0.1587301587301587
12595,3167591,card_addr,0.1587301587301587
12595,3423209,card_addr,0.1587301587301587
12595,3390975,card_addr,0.1587301587301587
12595,3200748,card_addr,0.1587301587301587
12595,3200751,card_addr,0.1587301587301587
12595,3200760,card_addr,0.1587301587301587
12595,3236605,card_addr,0.1587301587301587
12595,3089919,card_addr,0.1587301587301587
12663,3389795,card_addr,0.1176470588235294
12663,3349382,card_addr,0.1176470588235294
12663,3533832,card_addr,0.1176470588235294
12663,3485385,card_addr,0.1176470588235294
12663,3254732,card_addr,0.1176470588235294
12663,3574927,card_addr,0.1176470588235294
12663,3413904,card_addr,0.1176470588235294
12663,3303153,card_addr,0.1176470588235294
12663,3574931,card_addr,0.1176470588235294
12663,3140052,card_addr,0.1176470588235294
12663,3002485,card_addr,0.1176470588235294
12663,3021910,card_addr,0.1176470588235294
12663,3572724,card_addr,0.1176470588235294
12663,3051896,card_addr,0.1176470588235294
12663,3052057,card_addr,0.1176470588235294
12663,3217241,card_addr,0.1176470588235294
12663,3450015,card_addr,0.1176470588235294
12693,3395847,card_addr,0.4102564102564102
12693,3476871,card_addr,0.4102564102564102
12693,3399179,card_addr,0.4102564102564102
12693,3298576,card_addr,0.4102564102564102
12693,3238546,card_addr,0.4102564102564102
12693,3407636,card_addr,0.4102564102564102
12693,3259797,card_addr,0.4102564102564102
12693,3529755,card_addr,0.4102564102564102
12693,3407646,card_addr,0.4102564102564102
12693,3441824,card_addr,0.4102564102564102
12693,3002529,card_addr,0.4102564102564102
12693,3170850,card_addr,0.4102564102564102
12693,3384739,card_addr,0.4102564102564102
12693,3529761,card_addr,0.4102564102564102
12693,3415974,card_addr,0.4102564102564102
12693,3447463,card_addr,0.4102564102564102
12693,3430314,card_addr,0.4102564102564102
12693,3208236,card_addr,0.4102564102564102
12693,3493954,card_addr,0.4102564102564102
12693,3282372,card_addr,0.4102564102564102
12693,3569873,card_addr,0.4102564102564102
12693,3570257,card_addr,0.4102564102564102
12693,3555414,card_addr,0.4102564102564102
12693,3292761,card_addr,0.4102564102564102
12693,3233369,card_addr,0.4102564102564102
12693,3291996,card_addr,0.4102564102564102
12693,3126239,card_addr,0.4102564102564102
12693,3550689,card_addr,0.4102564102564102
12693,3484130,card_addr,0.4102564102564102
12693,3238500,card_addr,0.4102564102564102
12693,3252840,card_addr,0.4102564102564102
12693,3558248,card_addr,0.4102564102564102
12693,3395308,card_addr,0.4102564102564102
12693,3170541,card_addr,0.4102564102564102
12693,3355505,card_addr,0.4102564102564102
12693,3527667,card_addr,0.4102564102564102
12693,3346293,card_addr,0.4102564102564102
12693,3448830,card_addr,0.4102564102564102
12693,3349374,card_addr,0.4102564102564102
12707,3434115,card_addr,0.073170731707317
12707,3478917,card_addr,0.073170731707317
12707,3450124,card_addr,0.073170731707317
12707,3077906,card_addr,0.073170731707317
12707,3256085,card_addr,0.073170731707317
12707,3455381,card_addr,0.073170731707317
12707,3245080,card_addr,0.073170731707317
12707,3436956,card_addr,0.073170731707317
12707,3455261,card_addr,0.073170731707317
12707,3371038,card_addr,0.073170731707317
12707,3366818,card_addr,0.073170731707317
12707,3362467,card_addr,0.073170731707317
12707,3289896,card_addr,0.073170731707317
12707,3027755,card_addr,0.073170731707317
12707,3186859,card_addr,0.073170731707317
12707,3236147,card_addr,0.073170731707317
12707,3002551,card_addr,0.073170731707317
12707,3292986,card_addr,0.073170731707317
12707,3383994,card_addr,0.073170731707317
12707,3071037,card_addr,0.073170731707317
12707,3445572,card_addr,0.073170731707317
12707,3384007,card_addr,0.073170731707317
12707,3445579,card_addr,0.073170731707317
12707,3002580,card_addr,0.073170731707317
12707,3287767,card_addr,0.073170731707317
12707,3421532,card_addr,0.073170731707317
12707,3466332,card_addr,0.073170731707317
12707,3552740,card_addr,0.073170731707317
12707,3352039,card_addr,0.073170731707317
12707,3092200,card_addr,0.073170731707317
12707,3195755,card_addr,0.073170731707317
12707,3186796,card_addr,0.073170731707317
12707,3421547,card_addr,0.073170731707317
12707,3421556,card_addr,0.073170731707317
12707,3153525,card_addr,0.073170731707317
12707,3345270,card_addr,0.073170731707317
12707,3470968,card_addr,0.073170731707317
12707,3421562,card_addr,0.073170731707317
12707,3265916,card_addr,0.073170731707317
12707,3373181,card_addr,0.073170731707317
12707,3421566,card_addr,0.073170731707317
12770,3002630,card_addr,0.3
12770,3020172,card_addr,0.3
12770,3022101,card_addr,0.3
12770,3018784,card_addr,0.3
12770,3297189,card_addr,0.3
12770,3407653,card_addr,0.3
12770,3297198,card_addr,0.3
12770,3297200,card_addr,0.3
12770,3205297,device,0.3
12770,3551029,card_addr,0.3
12770,3240123,card_addr,0.3
12770,3024573,device,0.3
12770,3498946,card_addr,0.3
12770,3280717,card_addr+device,0.3
12770,3452631,card_addr,0.3
12770,3547228,card_addr,0.3
12770,3108188,card_addr,0.3
12770,3022060,card_addr,0.3
12770,3294065,card_addr,0.3
12770,3508475,card_addr,0.3
12892,3483648,card_addr,0.3404255319148936
12892,3400067,card_addr,0.3404255319148936
12892,3078277,card_addr,0.3404255319148936
12892,3327109,card_addr,0.3404255319148936
12892,3003144,card_addr,0.3404255319148936
12892,3399689,card_addr,0.3404255319148936
12892,3354891,card_addr,0.3404255319148936
12892,3546382,card_addr,0.3404255319148936
12892,3085206,card_addr,0.3404255319148936
12892,3431706,card_addr,0.3404255319148936
12892,3327900,card_addr,0.3404255319148936
12892,3450526,card_addr,0.3404255319148936
12892,3400485,card_addr,0.3404255319148936
12892,3400102,card_addr,0.3404255319148936
12892,3400103,card_addr,0.3404255319148936
12892,3546407,card_addr,0.3404255319148936
12892,3056809,card_addr,0.3404255319148936
12892,3199018,card_addr,0.3404255319148936
12892,3378989,card_addr,0.3404255319148936
12892,3400110,card_addr,0.3404255319148936
12892,3199024,card_addr,0.3404255319148936
12892,3002801,card_addr,0.3404255319148936
12892,3400498,card_addr,0.3404255319148936
12892,3399605,card_addr,0.3404255319148936
12892,3016761,card_addr,0.3404255319148936
12892,3079355,card_addr,0.3404255319148936
12892,3400379,card_addr,0.3404255319148936
12892,3415997,card_addr,0.3404255319148936
12892,3406015,card_addr,0.3404255319148936
12892,3439423,card_addr,0.3404255319148936
12892,3406018,card_addr,0.3404255319148936
12892,3071813,card_addr,0.3404255319148936
12892,3354437,card_addr,0.3404255319148936
12892,3386696,card_addr,0.3404255319148936
12892,3399498,card_addr,0.3404255319148936
12892,3356494,card_addr,0.3404255319148936
12892,3071567,card_addr,0.3404255319148936
12892,3182162,card_addr,0.3404255319148936
12892,3103316,card_addr,0.3404255319148936
12892,3533529,card_addr,0.3404255319148936
12892,3386592,card_addr,0.3404255319148936
12892,3195873,card_addr,0.3404255319148936
12892,3342949,card_addr,0.3404255319148936
12892,3092335,card_addr,0.3404255319148936
12892,3120501,card_addr,0.3404255319148936
12892,3155831,card_addr,0.3404255319148936
12892,3468410,card_addr,0.3404255319148936
12929,3235875,card_addr,0.1818181818181818
12929,3002852,card_addr,0.1818181818181818
12929,3509093,card_addr,0.1818181818181818
12929,3546595,card_addr,0.1818181818181818
12929,3316909,card_addr,0.1818181818181818
12929,3139313,card_addr,0.1818181818181818
12929,3102578,card_addr,0.1818181818181818
12929,3573367,card_addr,0.1818181818181818
12929,3102584,card_addr,0.1818181818181818
12929,3553562,card_addr,0.1818181818181818
12929,3546264,card_addr,0.1818181818181818
12960,3562624,device,0.3442622950819672
12960,3547530,device,0.3442622950819672
12960,3002891,device,0.3442622950819672
12960,3564682,device,0.3442622950819672
12960,3562637,device,0.3442622950819672
12960,3479311,device,0.3442622950819672
12960,3554193,device,0.3442622950819672
12960,3479317,device,0.3442622950819672
12960,3052822,device,0.3442622950819672
12960,3097239,device,0.3442622950819672
12960,3027607,device,0.3442622950819672
12960,3097113,device,0.3442622950819672
12960,3232282,device,0.3442622950819672
12960,3353239,device,0.3442622950819672
12960,3411352,device,0.3442622950819672
12960,3441693,device,0.3442622950819672
12960,3250334,device,0.3442622950819672
12960,3097247,device,0.3442622950819672
12960,3479323,device,0.3442622950819672
12960,3564451,device,0.3442622950819672
12960,3469610,device,0.3442622950819672
12960,3469612,device,0.3442622950819672
12960,3104045,device,0.3442622950819672
12960,3216301,device,0.3442622950819672
12960,3469614,device,0.3442622950819672
12960,3479342,device,0.3442622950819672
12960,3554225,device,0.3442622950819672
12960,3554861,device,0.3442622950819672
12960,3560111,device,0.3442622950819672
12960,3328820,device,0.3442622950819672
12960,3102271,device,0.3442622950819672
12960,3328834,device,0.3442622950819672
12960,3432643,device,0.3442622950819672
12960,3528262,device,0.3442622950819672
12960,3562618,device,0.3442622950819672
12960,3432648,device,0.3442622950819672
12960,3525704,device,0.3442622950819672
12960,3236810,device,0.3442622950819672
12960,3363019,device,0.3442622950819672
12960,3432651,device,0.3442622950819672
12960,3469517,device,0.3442622950819672
12960,3167952,device,0.3442622950819672
12960,3328851,device,0.3442622950819672
12960,3432660,device,0.3442622950819672
12960,3065557,device,0.3442622950819672
12960,3469527,device,0.3442622950819672
12960,3143769,device,0.3442622950819672
12960,3464666,device,0.3442622950819672
12960,3143777,device,0.3442622950819672
12960,3552099,device,0.3442622950819672
12960,3143781,device,0.3442622950819672
12960,3328869,device,0.3442622950819672
12960,3549030,device,0.3442622950819672
12960,3553523,device,0.3442622950819672
12960,3487220,device,0.3442622950819672
12960,3553526,device,0.3442622950819672
12960,3562614,device,0.3442622950819672
12960,3553529,device,0.3442622950819672
12960,3391994,device,0.3442622950819672
12960,3553532,device,0.3442622950819672
12960,3554174,device,0.3442622950819672
13003,3275264,card_addr,0.0952380952380952
13003,3016841,card_addr,0.0952380952380952
13003,3523862,card_addr,0.0952380952380952
13003,3268509,card_addr,0.0952380952380952
13003,3024807,card_addr,0.0952380952380952
13003,3181739,card_addr,0.0952380952380952
13003,3460401,card_addr,0.0952380952380952
13003,3538230,card_addr,0.0952380952380952
13003,3363769,card_addr,0.0952380952380952
13003,3573049,card_addr,0.0952380952380952
13003,3014077,card_addr,0.0952380952380952
13003,3002947,card_addr,0.0952380952380952
13003,3013956,card_addr,0.0952380952380952
13003,3014724,card_addr,0.0952380952380952
13003,3047622,card_addr,0.0952380952380952
13003,3181905,card_addr,0.0952380952380952
13003,3362141,card_addr,0.0952380952380952
13003,3304928,card_addr,0.0952380952380952
13003,3373154,card_addr,0.0952380952380952
13003,3080569,card_addr,0.0952380952380952
13003,3509497,card_addr,0.0952380952380952
13109,3283457,card_addr,0.0980392156862745
13109,3531138,card_addr,0.0980392156862745
13109,3554436,card_addr,0.0980392156862745
13109,3283462,card_addr,0.0980392156862745
13109,3358599,card_addr,0.0980392156862745
13109,3067914,card_addr,0.0980392156862745
13109,3508109,card_addr,0.0980392156862745
13109,3111313,card_addr,0.0980392156862745
13109,3358610,card_addr,0.0980392156862745
13109,3453585,card_addr,0.0980392156862745
13109,3500314,card_addr,0.0980392156862745
13109,3562010,card_addr,0.0980392156862745
13109,3508001,card_addr,0.0980392156862745
13109,3373090,card_addr,0.0980392156862745
13109,3505571,card_addr,0.0980392156862745
13109,3147428,card_addr,0.0980392156862745
13109,3107877,card_addr,0.0980392156862745
13109,3403430,card_addr,0.0980392156862745
13109,3105581,card_addr,0.0980392156862745
13109,3054902,card_addr,0.0980392156862745
13109,3546424,card_addr,0.0980392156862745
13109,3510458,card_addr,0.0980392156862745
13109,3160894,card_addr,0.0980392156862745
13109,3461568,card_addr,0.0980392156862745
13109,3572034,card_addr,0.0980392156862745
13109,3488071,card_addr,0.0980392156862745
13109,3316169,card_addr,0.0980392156862745
13109,3003082,card_addr,0.0980392156862745
13109,3375437,card_addr,0.0980392156862745
13109,3060432,card_addr,0.0980392156862745
13109,3472338,card_addr,0.0980392156862745
13109,3467477,card_addr,0.0980392156862745
13109,3140440,card_addr,0.0980392156862745
13109,3520603,card_addr,0.0980392156862745
13109,3377372,card_addr,0.0980392156862745
13109,3500253,card_addr,0.0980392156862745
13109,3180384,card_addr,0.0980392156862745
13109,3326307,card_addr,0.0980392156862745
13109,3140453,card_addr,0.0980392156862745
13109,3104488,card_addr,0.0980392156862745
13109,3319913,card_addr,0.0980392156862745
13109,3104490,card_addr,0.0980392156862745
13109,3022462,card_addr,0.0980392156862745
13109,3499753,card_addr,0.0980392156862745
13109,3499754,card_addr,0.0980392156862745
13109,3438832,card_addr,0.0980392156862745
13109,3329010,card_addr,0.0980392156862745
13109,3195253,card_addr,0.0980392156862745
13109,3381238,card_addr,0.0980392156862745
13109,3542522,card_addr,0.0980392156862745
13109,3195262,card_addr,0.0980392156862745
13110,3034755,card_addr,0.109090909090909
13110,3084038,card_addr,0.109090909090909
13110,3493257,card_addr,0.109090909090909
13110,3094925,card_addr,0.109090909090909
13110,3577357,card_addr,0.109090909090909
13110,3090580,card_addr,0.109090909090909
13110,3020028,card_addr,0.109090909090909
13110,3510420,card_addr,0.109090909090909
13110,3033239,card_addr,0.109090909090909
13110,3055384,card_addr,0.109090909090909
13110,3181981,card_addr,0.109090909090909
13110,3477534,card_addr,0.109090909090909
13110,3495583,card_addr,0.109090909090909
13110,3527710,card_addr,0.109090909090909
13110,3573626,card_addr,0.109090909090909
13110,3205670,card_addr,0.109090909090909
13110,3028903,card_addr,0.109090909090909
13110,3055401,card_addr,0.109090909090909
13110,3348138,card_addr,0.109090909090909
13110,3194027,card_addr,0.109090909090909
13110,3013167,card_addr,0.109090909090909
13110,3149743,card_addr,0.109090909090909
13110,3446705,card_addr,0.109090909090909
13110,3251894,card_addr,0.109090909090909
13110,3457462,card_addr,0.109090909090909
13110,3137593,card_addr,0.109090909090909
13110,3023673,card_addr,0.109090909090909
13110,3016123,card_addr,0.109090909090909
13110,3359034,card_addr,0.109090909090909
13110,3263165,card_addr,0.109090909090909
13110,3457468,card_addr,0.109090909090909
13110,3033535,card_addr,0.109090909090909
13110,3487290,card_addr,0.109090909090909
13110,3059783,card_addr,0.109090909090909
13110,3003083,card_addr,0.109090909090909
13110,3280123,card_addr,0.109090909090909
13110,3102672,card_addr,0.109090909090909
13110,3158992,card_addr,0.109090909090909
13110,3394129,card_addr,0.109090909090909
13110,3358932,card_addr,0.109090909090909
13110,3431766,card_addr,0.109090909090909
13110,3279577,card_addr,0.109090909090909
13110,3302490,card_addr,0.109090909090909
13110,3317857,card_addr,0.109090909090909
13110,3219690,card_addr,0.109090909090909
13110,3517293,card_addr,0.109090909090909
13110,3297137,card_addr,0.109090909090909
13110,3570803,card_addr,0.109090909090909
13110,3234932,card_addr,0.109090909090909
13110,3395956,card_addr,0.109090909090909
13110,3040632,card_addr,0.109090909090909
13110,3193850,card_addr,0.109090909090909
13110,3167355,card_addr,0.109090909090909
13110,3067388,card_addr,0.109090909090909
13110,3446141,card_addr,0.109090909090909
13112,3457124,card_addr,0.1428571428571428
13112,3248682,card_addr,0.1428571428571428
13112,3023212,card_addr,0.1428571428571428
13112,3038751,card_addr,0.1428571428571428
13112,3298124,card_addr,0.1428571428571428
13112,3498828,card_addr,0.1428571428571428
13112,3003088,card_addr,0.1428571428571428
13112,3293393,card_addr,0.1428571428571428
13112,3104895,card_addr,0.1428571428571428
13112,3337524,card_addr,0.1428571428571428
13112,3360884,card_addr,0.1428571428571428
13112,3242042,card_addr,0.1428571428571428
13112,3303228,card_addr,0.1428571428571428
13112,3095999,card_addr,0.1428571428571428
13126,3003105,card_addr,0.1111111111111111
13126,3342401,card_addr,0.1111111111111111
13126,3050792,card_addr,0.1111111111111111
13126,3290824,card_addr,0.1111111111111111
13126,3504585,card_addr,0.1111111111111111
13126,3258445,card_addr,0.1111111111111111
13126,3242510,card_addr,0.1111111111111111
13126,3355789,card_addr,0.1111111111111111
13126,3450735,card_addr,0.1111111111111111
13126,3504590,card_addr,0.1111111111111111
13126,3020338,card_addr,0.1111111111111111
13126,3165010,card_addr,0.1111111111111111
13126,3233589,card_addr,0.1111111111111111
13126,3165015,card_addr,0.1111111111111111
13126,3123832,card_addr,0.1111111111111111
13126,3062809,card_addr,0.1111111111111111
13126,3073754,card_addr,0.1111111111111111
13126,3392925,card_addr,0.1111111111111111
13168,3393250,card_addr,0.0833333333333333
13168,3134822,card_addr,0.0833333333333333
13168,3145447,card_addr,0.0833333333333333
13168,3322630,card_addr,0.0833333333333333
13168,3360458,card_addr,0.0833333333333333
13168,3003184,card_addr,0.0833333333333333
13168,3278192,card_addr,0.0833333333333333
13168,3358994,card_addr,0.0833333333333333
13168,3417042,card_addr,0.0833333333333333
13168,3498614,card_addr,0.0833333333333333
13168,3406136,card_addr,0.0833333333333333
13168,3003164,card_addr,0.0833333333333333
13243,3003264,card_addr,0.6933333333333334
13243,3021441,card_addr,0.6933333333333334
13243,3199363,device,0.6933333333333334
13243,3199236,device,0.6933333333333334
13243,3199365,device,0.6933333333333334
13243,3264772,device,0.6933333333333334
13243,3199239,device,0.6933333333333334
13243,3199368,device,0.6933333333333334
13243,3428785,device,0.6933333333333334
13243,3199245,device,0.6933333333333334
13243,3013264,card_addr,0.6933333333333334
13243,3333524,card_addr,0.6933333333333334
13243,3199257,device,0.6933333333333334
13243,3199259,device,0.6933333333333334
13243,3199263,device,0.6933333333333334
13243,3011616,card_addr,0.6933333333333334
13243,3016993,card_addr,0.6933333333333334
13243,3199265,device,0.6933333333333334
13243,3199267,device,0.6933333333333334
13243,3455780,card_addr,0.6933333333333334
13243,3028262,card_addr,0.6933333333333334
13243,3029287,card_addr,0.6933333333333334
13243,3013672,card_addr,0.6933333333333334
13243,3455788,card_addr,0.6933333333333334
13243,3199149,device,0.6933333333333334
13243,3455791,card_addr,0.6933333333333334
13243,3019057,card_addr,0.6933333333333334
13243,3199154,device,0.6933333333333334
13243,3011507,card_addr,0.6933333333333334
13243,3199282,device,0.6933333333333334
13243,3028149,card_addr,0.6933333333333334
13243,3147318,device,0.6933333333333334
13243,3199159,device,0.6933333333333334
13243,3199283,device,0.6933333333333334
13243,3199288,device,0.6933333333333334
13243,3199290,device,0.6933333333333334
13243,3346995,device,0.6933333333333334
13243,3147837,device,0.6933333333333334
13243,3199296,device,0.6933333333333334
13243,3147841,device,0.6933333333333334
13243,3543489,device,0.6933333333333334
13243,3029576,card_addr,0.6933333333333334
13243,3199304,device,0.6933333333333334
13243,3199309,device,0.6933333333333334
13243,3199310,device,0.6933333333333334
13243,3356495,device,0.6933333333333334
13243,3199188,device,0.6933333333333334
13243,3199318,device,0.6933333333333334
13243,3272187,device,0.6933333333333334
13243,3199192,device,0.6933333333333334
13243,3199321,device,0.6933333333333334
13243,3019227,card_addr,0.6933333333333334
13243,3199195,device,0.6933333333333334
13243,3292253,device,0.6933333333333334
13243,3199326,device,0.6933333333333334
13243,3199200,device,0.6933333333333334
13243,3016674,card_addr+device,0.6933333333333334
13243,3199203,device,0.6933333333333334
13243,3199205,device,0.6933333333333334
13243,3203430,device,0.6933333333333334
13243,3013735,card_addr,0.6933333333333334
13243,3199208,device,0.6933333333333334
13243,3211259,device,0.6933333333333334
13243,3455850,card_addr,0.6933333333333334
13243,3199211,device,0.6933333333333334
13243,3543525,device,0.6933333333333334
13243,3199341,device,0.6933333333333334
13243,3199215,device,0.6933333333333334
13243,3199216,device,0.6933333333333334
13243,3199343,device,0.6933333333333334
13243,3199346,device,0.6933333333333334
13243,3199351,device,0.6933333333333334
13243,3199352,device,0.6933333333333334
13243,3199355,device,0.6933333333333334
13243,3199231,device,0.6933333333333334
13259,3026277,card_addr,0.1111111111111111
13259,3031334,card_addr,0.1111111111111111
13259,3006632,card_addr,0.1111111111111111
13259,3351465,card_addr,0.1111111111111111
13259,3031213,card_addr,0.1111111111111111
13259,3032941,card_addr,0.1111111111111111
13259,3018256,card_addr,0.1111111111111111
13259,3003287,card_addr,0.1111111111111111
13259,3017884,card_addr,0.1111111111111111
13260,3003288,card_addr,0.3333333333333333
13260,3004188,card_addr,0.3333333333333333
13260,3296590,card_addr,0.3333333333333333
13277,3247490,card_addr,0.4651162790697674
13277,3355908,card_addr,0.4651162790697674
13277,3247501,card_addr,0.4651162790697674
13277,3230350,card_addr,0.4651162790697674
13277,3212051,card_addr,0.4651162790697674
13277,3466003,card_addr,0.4651162790697674
13277,3269910,card_addr,0.4651162790697674
13277,3453590,card_addr,0.4651162790697674
13277,3213465,card_addr,0.4651162790697674
13277,3261338,card_addr,0.4651162790697674
13277,3329054,card_addr,0.4651162790697674
13277,3284387,card_addr,0.4651162790697674
13277,3303972,card_addr,0.4651162790697674
13277,3240485,card_addr,0.4651162790697674
13277,3056040,card_addr,0.4651162790697674
13277,3145641,card_addr,0.4651162790697674
13277,3274026,card_addr,0.4651162790697674
13277,3003308,card_addr,0.4651162790697674
13277,3216812,card_addr,0.4651162790697674
13277,3414267,card_addr,0.4651162790697674
13277,3553456,card_addr,0.4651162790697674
13277,3230773,card_addr,0.4651162790697674
13277,3238070,card_addr,0.4651162790697674
13277,3234231,card_addr,0.4651162790697674
13277,3247414,card_addr,0.4651162790697674
13277,3250047,card_addr,0.4651162790697674
13277,3373114,card_addr,0.4651162790697674
13277,3491775,card_addr,0.4651162790697674
13277,3241027,card_addr,0.4651162790697674
13277,3240787,card_addr,0.4651162790697674
13277,3513427,card_addr,0.4651162790697674
13277,3237981,card_addr,0.4651162790697674
13277,3240927,card_addr,0.4651162790697674
13277,3234016,card_addr,0.4651162790697674
13277,3215208,card_addr,0.4651162790697674
13277,3244155,card_addr,0.4651162790697674
13277,3023469,card_addr,0.4651162790697674
13277,3200365,card_addr,0.4651162790697674
13277,3244152,card_addr,0.4651162790697674
13277,3244154,card_addr,0.4651162790697674
13277,3116667,card_addr,0.4651162790697674
13277,3165566,card_addr,0.4651162790697674
13277,3247487,card_addr,0.4651162790697674
13295,3019264,card_addr,0.1111111111111111
13295,3446787,device,0.1111111111111111
13295,3116563,device,0.1111111111111111
13295,3291669,device,0.1111111111111111
13295,3026968,device,0.1111111111111111
13295,3103769,device,0.1111111111111111
13295,3200040,device,0.1111111111111111
13295,3438122,device,0.1111111111111111
13295,3573293,device,0.1111111111111111
13295,3438128,device,0.1111111111111111
13295,3146289,device,0.1111111111111111
13295,3146292,device,0.1111111111111111
13295,3438134,device,0.1111111111111111
13295,3438137,device,0.1111111111111111
13295,3028026,card_addr,0.1111111111111111
13295,3014715,card_addr,0.1111111111111111
13295,3200060,device,0.1111111111111111
13295,3200062,device,0.1111111111111111
13295,3323458,device,0.1111111111111111
13295,3057731,device,0.1111111111111111
13295,3036742,card_addr,0.1111111111111111
13295,3548755,device,0.1111111111111111
13295,3014741,card_addr,0.1111111111111111
13295,3029613,card_addr,0.1111111111111111
13295,3003508,card_addr,0.1111111111111111
13295,3398260,device,0.1111111111111111
13295,3421815,device,0.1111111111111111
13295,3108474,device,0.1111111111111111
13295,3016316,card_addr,0.1111111111111111
13295,3421821,device,0.1111111111111111
13295,3246210,device,0.1111111111111111
13295,3080325,device,0.1111111111111111
13295,3103877,device,0.1111111111111111
13295,3034276,card_addr,0.1111111111111111
13295,3393703,device,0.1111111111111111
13295,3345067,device,0.1111111111111111
13295,3186350,device,0.1111111111111111
13295,3246770,device,0.1111111111111111
13295,3030198,card_addr,0.1111111111111111
13295,3282616,device,0.1111111111111111
13295,3269821,device,0.1111111111111111
13295,3288779,device,0.1111111111111111
13295,3378893,device,0.1111111111111111
13295,3221205,device,0.1111111111111111
13295,3524311,device,0.1111111111111111
13295,3353315,device,0.1111111111111111
13295,3004648,card_addr,0.1111111111111111
13295,3015912,card_addr,0.1111111111111111
13295,3079922,device,0.1111111111111111
13295,3343607,device,0.1111111111111111
13295,3110660,device,0.1111111111111111
13295,3031304,card_addr,0.1111111111111111
13295,3004684,card_addr,0.1111111111111111
13295,3500304,device,0.1111111111111111
13295,3031314,card_addr,0.1111111111111111
13295,3012886,card_addr,0.1111111111111111
13295,3113751,device,0.1111111111111111
13295,3131158,device,0.1111111111111111
13295,3072281,device,0.1111111111111111
13295,3031325,card_addr,0.1111111111111111
13295,3108150,device,0.1111111111111111
13295,3127095,device,0.1111111111111111
13295,3127097,device,0.1111111111111111
13295,3008326,card_addr,0.1111111111111111
13295,3127114,device,0.1111111111111111
13295,3109197,device,0.1111111111111111
13295,3122509,device,0.1111111111111111
13295,3008336,card_addr+device,0.1111111111111111
13295,3031378,card_addr,0.1111111111111111
13295,3104084,device,0.1111111111111111
13295,3122516,device,0.1111111111111111
13295,3530583,device,0.1111111111111111
13295,3036504,card_addr,0.1111111111111111
13295,3036507,card_addr,0.1111111111111111
13295,3028832,device,0.1111111111111111
13295,3425638,device,0.1111111111111111
13295,3448171,device,0.1111111111111111
13295,3107695,device,0.1111111111111111
13295,3094385,device,0.1111111111111111
13295,3021170,device,0.1111111111111111
13295,3540345,device,0.1111111111111111
13295,3122042,device,0.1111111111111111
13295,3094396,device,0.1111111111111111
13295,3291518,device,0.1111111111111111
13295,3508099,device,0.1111111111111111
13295,3249565,device,0.1111111111111111
13295,3143591,device,0.1111111111111111
13295,3003819,card_addr,0.1111111111111111
13295,3210669,device,0.1111111111111111
13295,3014067,card_addr,0.1111111111111111
13295,3003334,card_addr,0.1111111111111111
13295,3110343,device,0.1111111111111111
13295,3275212,device,0.1111111111111111
13295,3319250,device,0.1111111111111111
13295,3160544,device,0.1111111111111111
13295,3036141,card_addr,0.1111111111111111
13295,3024376,card_addr,0.1111111111111111
13295,3344889,device,0.1111111111111111
13295,3318783,device,0.1111111111111111
13466,3022336,device,0.16
13466,3527957,device,0.16
13466,3003543,device,0.16
13466,3157404,card_addr,0.16
13466,3398173,card_addr,0.16
13466,3448225,device,0.16
13466,3020207,card_addr,0.16
13466,3249972,device,0.16
13466,3337908,device,0.16
13466,3546166,card_addr,0.16
13466,3185976,device,0.16
13466,3504194,card_addr+device,0.16
13466,3488965,device,0.16
13466,3177286,device,0.16
13466,3550405,card_addr,0.16
13466,3471435,device,0.16
13466,3428176,device,0.16
13466,3430352,card_addr,0.16
13466,3157846,card_addr,0.16
13466,3061978,card_addr,0.16
13466,3290591,device,0.16
13466,3112815,device,0.16
13466,3543286,card_addr,0.16
13466,3062008,card_addr,0.16
13466,3543292,card_addr,0.16
13479,3096705,card_addr,0.08
13479,3067523,card_addr,0.08
13479,3277578,card_addr,0.08
13479,3540746,card_addr,0.08
13479,3303568,card_addr,0.08
13479,3531408,card_addr,0.08
13479,3560724,card_addr,0.08
13479,3316893,card_addr,0.08
13479,3238559,card_addr,0.08
13479,3106976,card_addr,0.08
13479,3207844,card_addr,0.08
13479,3028392,card_addr,0.08
13479,3003561,card_addr,0.08
13479,3313457,card_addr,0.08
13479,3372082,card_addr,0.08
13479,3484598,card_addr,0.08
13479,3530939,card_addr,0.08
13479,3466048,card_addr,0.08
13479,3368898,card_addr,0.08
13479,3391810,card_addr,0.08
13479,3351371,card_addr,0.08
13479,3549259,card_addr,0.08
13479,3112914,card_addr,0.08
13479,3113045,card_addr,0.08
13479,3514098,card_addr,0.08
13565,3025538,card_addr,0.2272727272727272
13565,3011721,card_addr,0.2272727272727272
13565,3035155,card_addr,0.2272727272727272
13565,3003674,card_addr,0.2272727272727272
13565,3010718,card_addr,0.2272727272727272
13565,3024673,card_addr,0.2272727272727272
13565,3025571,card_addr,0.2272727272727272
13565,3030694,card_addr,0.2272727272727272
13565,3025450,card_addr,0.2272727272727272
13565,3025458,card_addr,0.2272727272727272
13565,3014967,card_addr,0.2272727272727272
13565,3007049,card_addr,0.2272727272727272
13565,3015499,card_addr,0.2272727272727272
13565,3006285,card_addr,0.2272727272727272
13565,3030992,card_addr,0.2272727272727272
13565,3006292,card_addr,0.2272727272727272
13565,3020251,card_addr,0.2272727272727272
13565,3014876,card_addr,0.2272727272727272
13565,3031020,card_addr,0.2272727272727272
13565,3011698,card_addr,0.2272727272727272
13565,3031027,card_addr,0.2272727272727272
13565,3031028,card_addr,0.2272727272727272
13675,3076995,card_addr,0.075
13675,3153041,card_addr,0.075
13675,3122066,card_addr,0.075
13675,3216408,card_addr,0.075
13675,3152668,card_addr,0.075
13675,3331230,card_addr,0.075
13675,3333918,card_addr,0.075
13675,3565727,card_addr,0.075
13675,3228963,card_addr,0.075
13675,3079332,card_addr,0.075
13675,3254954,card_addr,0.075
13675,3331242,card_addr,0.075
13675,3003822,card_addr,0.075
13675,3228080,card_addr,0.075
13675,3444273,card_addr,0.075
13675,3228083,card_addr,0.075
13675,3228980,card_addr,0.075
13675,3331255,card_addr,0.075
13675,3228088,card_addr,0.075
13675,3330361,card_addr,0.075
13675,3134010,card_addr,0.075
13675,3116350,card_addr,0.075
13675,3215299,card_addr,0.075
13675,3330372,card_addr,0.075
13675,3092039,card_addr,0.075
13675,3028684,card_addr,0.075
13675,3228109,card_addr,0.075
13675,3231314,card_addr,0.075
13675,3533274,card_addr,0.075
13675,3037659,card_addr,0.075
13675,3434461,card_addr,0.075
13675,3100772,card_addr,0.075
13675,3555556,card_addr,0.075
13675,3331179,card_addr,0.075
13675,3216365,card_addr,0.075
13675,3331184,card_addr,0.075
13675,3407472,card_addr,0.075
13675,3331186,card_addr,0.075
13675,3454715,card_addr,0.075
13675,3533311,card_addr,0.075
13679,3020612,card_addr,0.1428571428571428
13679,3361723,card_addr,0.1428571428571428
13679,3019111,card_addr,0.1428571428571428
13679,3003827,card_addr,0.1428571428571428
13679,3016917,card_addr,0.1428571428571428
13679,3026395,card_addr,0.1428571428571428
13679,3014205,card_addr,0.1428571428571428
13784,3140384,card_addr,0.3888888888888889
13784,3273057,card_addr,0.3888888888888889
13784,3179234,card_addr,0.3888888888888889
13784,3550690,card_addr,0.3888888888888889
13784,3137735,card_addr,0.3888888888888889
13784,3003979,card_addr,0.3888888888888889
13784,3356875,card_addr,0.3888888888888889
13784,3037421,card_addr,0.3888888888888889
13784,3140368,card_addr,0.3888888888888889
13784,3374035,card_addr,0.3888888888888889
13784,3132405,card_addr,0.3888888888888889
13784,3365077,card_addr,0.3888888888888889
13784,3149175,card_addr,0.3888888888888889
13784,3429302,card_addr,0.3888888888888889
13784,3486363,card_addr,0.3888888888888889
13784,3369053,card_addr,0.3888888888888889
13784,3374046,card_addr,0.3888888888888889
13784,3369023,card_addr,0.3888888888888889
13865,3300897,card_addr,0.2727272727272727
13865,3447039,card_addr,0.2727272727272727
13865,3485891,card_addr,0.2727272727272727
13865,3543718,card_addr,0.2727272727272727
13865,3217223,card_addr,0.2727272727272727
13865,3217295,card_addr,0.2727272727272727
13865,3203023,card_addr,0.2727272727272727
13865,3373296,card_addr,0.2727272727272727
13865,3248178,card_addr,0.2727272727272727
13865,3004084,card_addr,0.2727272727272727
13865,3104447,card_addr,0.2727272727272727
14038,3177217,card_addr,0.1025641025641025
14038,3524359,device,0.1025641025641025
14038,3524365,card_addr+device,0.1025641025641025
14038,3279503,card_addr,0.1025641025641025
14038,3394703,card_addr,0.1025641025641025
14038,3004306,card_addr,0.1025641025641025
14038,3524375,card_addr+device,0.1025641025641025
14038,3151991,card_addr,0.1025641025641025
14038,3434649,card_addr,0.1025641025641025
14038,3457687,card_addr,0.1025641025641025
14038,3226652,card_addr,0.1025641025641025
14038,3287718,card_addr,0.1025641025641025
14038,3434669,card_addr,0.1025641025641025
14038,3345330,card_addr,0.1025641025641025
14038,3527218,card_addr,0.1025641025641025
14038,3527476,card_addr,0.1025641025641025
14038,3301175,card_addr,0.1025641025641025
14038,3473463,card_addr,0.1025641025641025
14038,3244604,card_addr,0.1025641025641025
14038,3138749,device,0.1025641025641025
14038,3244608,card_addr,0.1025641025641025
14038,3247555,card_addr,0.1025641025641025
14038,3426628,card_addr,0.1025641025641025
14038,3247564,card_addr,0.1025641025641025
14038,3196756,card_addr,0.1025641025641025
14038,3129048,card_addr,0.1025641025641025
14038,3453787,card_addr,0.1025641025641025
14038,3315804,card_addr,0.1025641025641025
14038,3050590,card_addr,0.1025641025641025
14038,3214432,card_addr,0.1025641025641025
14038,3526753,card_addr,0.1025641025641025
14038,3392611,card_addr,0.1025641025641025
14038,3031785,card_addr,0.1025641025641025
14038,3097706,card_addr+device,0.1025641025641025
14038,3237236,card_addr,0.1025641025641025
14038,3503604,card_addr,0.1025641025641025
14038,3095543,card_addr,0.1025641025641025
14038,3237241,card_addr,0.1025641025641025
14038,3016060,card_addr,0.1025641025641025
14083,3410178,card_addr,0.1818181818181818
14083,3080462,card_addr,0.1818181818181818
14083,3519759,card_addr,0.1818181818181818
14083,3519769,card_addr,0.1818181818181818
14083,3519772,card_addr,0.1818181818181818
14083,3530783,card_addr,0.1818181818181818
14083,3148197,card_addr,0.1818181818181818
14083,3450418,card_addr,0.1818181818181818
14083,3509298,card_addr,0.1818181818181818
14083,3491894,card_addr,0.1818181818181818
14083,3006777,card_addr,0.1818181818181818
14083,3004369,card_addr,0.1818181818181818
14083,3233234,card_addr,0.1818181818181818
14083,3519827,card_addr,0.1818181818181818
14083,3569111,card_addr,0.1818181818181818
14083,3188958,card_addr,0.1818181818181818
14083,3234021,card_addr,0.1818181818181818
14083,3275240,card_addr,0.1818181818181818
14083,3366765,card_addr,0.1818181818181818
14083,3324143,card_addr,0.1818181818181818
14083,3029872,card_addr,0.1818181818181818
14083,3528314,card_addr,0.1818181818181818
14191,3004513,card_addr,0.3333333333333333
14191,3012962,card_addr,0.3333333333333333
14191,3004516,card_addr,0.3333333333333333
14191,3019468,card_addr,0.3333333333333333
14191,3004525,card_addr,0.3333333333333333
14191,3556053,card_addr,0.3333333333333333
14245,3559680,card_addr,0.2222222222222222
14245,3215617,card_addr,0.2222222222222222
14245,3089161,card_addr,0.2222222222222222
14245,3237624,card_addr,0.2222222222222222
14245,3089041,card_addr,0.2222222222222222
14245,3576978,card_addr,0.2222222222222222
14245,3462933,card_addr,0.2222222222222222
14245,3293725,card_addr,0.2222222222222222
14245,3559593,card_addr,0.2222222222222222
14245,3006257,card_addr,0.2222222222222222
14245,3326258,card_addr,0.2222222222222222
14245,3339189,card_addr,0.2222222222222222
14245,3004601,card_addr,0.2222222222222222
14245,3559620,card_addr,0.2222222222222222
14245,3094855,card_addr,0.2222222222222222
14245,3500874,card_addr,0.2222222222222222
14245,3019211,card_addr,0.2222222222222222
14245,3435100,card_addr,0.2222222222222222
14245,3501022,card_addr,0.2222222222222222
14245,3089119,card_addr,0.2222222222222222
14245,3036003,card_addr,0.2222222222222222
14245,3562988,card_addr,0.2222222222222222
14245,3268592,card_addr,0.2222222222222222
14245,3329522,card_addr,0.2222222222222222
14245,3106420,card_addr,0.2222222222222222
14245,3315448,card_addr,0.2222222222222222
14245,3212285,card_addr,0.2222222222222222
14259,3520384,card_addr,0.3888888888888889
14259,3374529,card_addr,0.3888888888888889
14259,3066340,card_addr,0.3888888888888889
14259,3008645,card_addr,0.3888888888888889
14259,3017062,card_addr,0.3888888888888889
14259,3057607,card_addr,0.3888888888888889
14259,3067302,card_addr,0.3888888888888889
14259,3280423,card_addr,0.3888888888888889
14259,3017068,card_addr,0.3888888888888889
14259,3140204,card_addr,0.3888888888888889
14259,3004622,card_addr,0.3888888888888889
14259,3028814,card_addr,0.3888888888888889
14259,3207598,card_addr,0.3888888888888889
14259,3451949,card_addr,0.3888888888888889
14259,3008632,card_addr,0.3888888888888889
14259,3357561,card_addr,0.3888888888888889
14259,3066013,card_addr,0.3888888888888889
14259,3498879,card_addr,0.3888888888888889
14274,3016259,card_addr,0.4166666666666667
14274,3004645,card_addr,0.4166666666666667
14274,3018311,card_addr,0.4166666666666667
14274,3015915,card_addr,0.4166666666666667
14274,3027214,card_addr,0.4166666666666667
14274,3025584,card_addr,0.4166666666666667
14274,3026769,card_addr,0.4166666666666667
14274,3018678,card_addr,0.4166666666666667
14274,3366263,card_addr,0.4166666666666667
14274,3016795,card_addr,0.4166666666666667
14274,3028029,card_addr,0.4166666666666667
14274,3024382,card_addr,0.4166666666666667
14296,3423333,card_addr,0.1111111111111111
14296,3481254,card_addr,0.1111111111111111
14296,3171495,card_addr,0.1111111111111111
14296,3004680,card_addr,0.1111111111111111
14296,3362609,card_addr,0.1111111111111111
14296,3209811,card_addr,0.1111111111111111
14296,3393844,card_addr,0.1111111111111111
14296,3499899,card_addr,0.1111111111111111
14296,3045438,card_addr,0.1111111111111111
14301,3210755,device,0.1052631578947368
14301,3011717,device,0.1052631578947368
14301,3447950,device,0.1052631578947368
14301,3004689,device,0.1052631578947368
14301,3243165,device,0.1052631578947368
14301,3306281,device,0.1052631578947368
14301,3290926,device,0.1052631578947368
14301,3030838,device,0.1052631578947368
14301,3400504,device,0.1052631578947368
14301,3063352,device,0.1052631578947368
14301,3307449,device,0.1052631578947368
14301,3525438,device,0.1052631578947368
14301,3006143,device,0.1052631578947368
14301,3006147,device,0.1052631578947368
14301,3442506,device,0.1052631578947368
14301,3006172,device,0.1052631578947368
14301,3230950,device,0.1052631578947368
14301,3319671,device,0.1052631578947368
14301,3421564,device,0.1052631578947368
14328,3004730,card_addr,0.6666666666666666
14328,3016714,card_addr,0.6666666666666666
14328,3004725,card_addr,0.6666666666666666
14332,3322401,card_addr,0.1428571428571428
14332,3238884,card_addr,0.1428571428571428
14332,3447883,card_addr,0.1428571428571428
14332,3371471,card_addr,0.1428571428571428
14332,3212537,card_addr,0.1428571428571428
14332,3050172,card_addr,0.1428571428571428
14332,3004733,card_addr,0.1428571428571428
14349,3458944,device,0.081081081081081
14349,3036417,card_addr,0.081081081081081
14349,3072387,device,0.081081081081081
14349,3458948,device,0.081081081081081
14349,3539461,device,0.081081081081081
14349,3086986,device,0.081081081081081
14349,3086989,device,0.081081081081081
14349,3185166,device,0.081081081081081
14349,3479312,device,0.081081081081081
14349,3010197,card_addr+device,0.081081081081081
14349,3016731,card_addr,0.081081081081081
14349,3033375,card_addr,0.081081081081081
14349,3026085,card_addr,0.081081081081081
14349,3206695,device,0.081081081081081
14349,3019433,card_addr,0.081081081081081
14349,3302699,device,0.081081081081081
14349,3019437,card_addr,0.081081081081081
14349,3165101,device,0.081081081081081
14349,3152047,device,0.081081081081081
14349,3448493,device,0.081081081081081
14349,3451441,device,0.081081081081081
14349,3479346,device,0.081081081081081
14349,3025332,device,0.081081081081081
14349,3515061,card_addr,0.081081081081081
14349,3050933,device,0.081081081081081
14349,3560376,device,0.081081081081081
14349,3033016,card_addr,0.081081081081081
14349,3017529,card_addr,0.081081081081081
14349,3009337,card_addr,0.081081081081081
14349,3010746,card_addr,0.081081081081081
14349,3014588,card_addr,0.081081081081081
14349,3063101,device,0.081081081081081
14349,3391547,device,0.081081081081081
14349,3030207,card_addr,0.081081081081081
14349,3010112,card_addr,0.081081081081081
14349,3006273,card_addr,0.081081081081081
14349,3278529,device,0.081081081081081
14349,3427515,device,0.081081081081081
14349,3533503,device,0.081081081081081
14349,3216965,device,0.081081081081081
14349,3010246,card_addr+device,0.081081081081081
14349,3278535,device,0.081081081081081
14349,3534147,device,0.081081081081081
14349,3562570,device,0.081081081081081
14349,3560395,device,0.081081081081081
14349,3023952,card_addr,0.081081081081081
14349,3034960,card_addr,0.081081081081081
14349,3430992,card_addr,0.081081081081081
14349,3025747,card_addr,0.081081081081081
14349,3171284,device,0.081081081081081
14349,3004757,card_addr,0.081081081081081
14349,3092821,device,0.081081081081081
14349,3228756,device,0.081081081081081
14349,3242195,device,0.081081081081081
14349,3290197,device,0.081081081081081
14349,3290323,device,0.081081081081081
14349,3376984,device,0.081081081081081
14349,3420502,device,0.081081081081081
14349,3063134,device,0.081081081081081
14349,3063137,device,0.081081081081081
14349,3250913,device,0.081081081081081
14349,3025763,card_addr,0.081081081081081
14349,3093092,device,0.081081081081081
14349,3015270,card_addr,0.081081081081081
14349,3063142,device,0.081081081081081
14349,3384555,device,0.081081081081081
14349,3264877,device,0.081081081081081
14349,3011438,card_addr+device,0.081081081081081
14349,3011443,card_addr+device,0.081081081081081
14349,3519095,device,0.081081081081081
14349,3020409,card_addr,0.081081081081081
14349,3086970,device,0.081081081081081
14349,3010173,device,0.081081081081081
14349,3068415,device,0.081081081081081
14442,3004901,card_addr,0.2857142857142857
14442,3416657,card_addr,0.2857142857142857
14442,3259698,card_addr,0.2857142857142857
14442,3006363,card_addr,0.2857142857142857
14442,3309308,card_addr,0.2857142857142857
14442,3046589,card_addr,0.2857142857142857
14442,3004894,card_addr,0.2857142857142857
14488,3161632,card_addr,0.3333333333333333
14488,3576582,card_addr,0.3333333333333333
14488,3220330,card_addr,0.3333333333333333
14488,3556331,card_addr,0.3333333333333333
14488,3265879,card_addr,0.3333333333333333
14488,3144206,card_addr,0.3333333333333333
14488,3004976,card_addr,0.3333333333333333
14488,3141296,card_addr,0.3333333333333333
14488,3220350,card_addr,0.3333333333333333
14488,3006259,card_addr,0.3333333333333333
14488,3141300,card_addr,0.3333333333333333
14488,3161655,card_addr,0.3333333333333333
14488,3026108,card_addr,0.3333333333333333
14488,3122942,card_addr,0.3333333333333333
14488,3079135,card_addr,0.3333333333333333
14556,3050144,card_addr,0.1111111111111111
14556,3189987,card_addr,0.1111111111111111
14556,3165385,card_addr,0.1111111111111111
14556,3069162,card_addr,0.1111111111111111
14556,3021709,card_addr,0.1111111111111111
14556,3153748,card_addr,0.1111111111111111
14556,3038040,card_addr,0.1111111111111111
14556,3005081,card_addr,0.1111111111111111
14556,3006495,card_addr,0.1111111111111111
14569,3513346,card_addr,0.6875
14569,3237381,card_addr,0.6875
14569,3184652,card_addr,0.6875
14569,3240984,card_addr,0.6875
14569,3192874,card_addr,0.6875
14569,3230763,card_addr,0.6875
14569,3330090,card_addr,0.6875
14569,3422768,card_addr,0.6875
14569,3192891,card_addr,0.6875
14569,3171903,card_addr,0.6875
14569,3208769,card_addr,0.6875
14569,3171907,card_addr,0.6875
14569,3244100,card_addr,0.6875
14569,3204677,card_addr,0.6875
14569,3215430,card_addr,0.6875
14569,3208782,card_addr,0.6875
14569,3292266,card_addr,0.6875
14569,3201648,card_addr,0.6875
14569,3327089,card_addr,0.6875
14569,3137650,card_addr,0.6875
14569,3246195,card_addr,0.6875
14569,3201140,card_addr,0.6875
14569,3070074,card_addr,0.6875
14569,3186822,card_addr,0.6875
14569,3081863,card_addr,0.6875
14569,3201161,card_addr,0.6875
14569,3280526,card_addr,0.6875
14569,3186834,card_addr,0.6875
14569,3190932,card_addr,0.6875
14569,3280533,card_addr,0.6875
14569,3234966,card_addr,0.6875
14569,3337879,card_addr,0.6875
14569,3212442,card_addr,0.6875
14569,3178142,card_addr,0.6875
14569,3403936,card_addr,0.6875
14569,3234977,card_addr,0.6875
14569,3005098,card_addr,0.6875
14569,3212464,card_addr,0.6875
14569,3127475,card_addr,0.6875
14569,3128509,card_addr,0.6875
14569,3190980,card_addr,0.6875
14569,3270869,card_addr,0.6875
14569,3339512,card_addr,0.6875
14569,3005695,card_addr,0.6875
14569,3235586,card_addr,0.6875
14569,3083527,card_addr,0.6875
14569,3227401,card_addr,0.6875
14569,3184906,card_addr,0.6875
14569,3238155,card_addr,0.6875
14569,3466525,card_addr,0.6875
14569,3184927,card_addr,0.6875
14569,3218208,card_addr,0.6875
14569,3242277,card_addr,0.6875
14569,3222824,card_addr,0.6875
14569,3219760,card_addr,0.6875
14569,3450168,card_addr,0.6875
14569,3450172,card_addr,0.6875
14569,3227454,card_addr,0.6875
14569,3316038,card_addr,0.6875
14569,3235147,card_addr,0.6875
14569,3235149,card_addr,0.6875
14569,3238234,card_addr,0.6875
14569,3227493,card_addr,0.6875
14569,3235686,card_addr,0.6875
14569,3257705,card_addr,0.6875
14569,3105642,card_addr,0.6875
14569,3420533,card_addr,0.6875
14569,3235707,card_addr,0.6875
14569,3064699,card_addr,0.6875
14569,3140508,card_addr,0.6875
14569,3129246,card_addr,0.6875
14569,3209120,card_addr,0.6875
14569,3329996,card_addr,0.6875
14569,3104720,card_addr,0.6875
14569,3195355,card_addr,0.6875
14569,3491304,card_addr,0.6875
14569,3032559,card_addr,0.6875
14569,3211767,card_addr,0.6875
14569,3226106,card_addr,0.6875
14569,3212796,card_addr,0.6875
14595,3009316,card_addr,0.1818181818181818
14595,3373868,card_addr,0.1818181818181818
14595,3303134,card_addr,0.1818181818181818
14595,3373871,card_addr,0.1818181818181818
14595,3005138,card_addr,0.1818181818181818
14595,3298866,card_addr,0.1818181818181818
14595,3331576,card_addr,0.1818181818181818
14595,3333113,card_addr,0.1818181818181818
14595,3291165,card_addr,0.1818181818181818
14595,3217150,card_addr,0.1818181818181818
14595,3162111,card_addr,0.1818181818181818
14631,3020930,card_addr,0.3333333333333333
14631,3345894,card_addr,0.3333333333333333
14631,3433259,card_addr,0.3333333333333333
14631,3020918,card_addr,0.3333333333333333
14631,3433302,card_addr,0.3333333333333333
14631,3005180,card_addr,0.3333333333333333
14752,3560960,card_addr,0.08
14752,3093902,card_addr,0.08
14752,3314196,card_addr,0.08
14752,3369751,card_addr,0.08
14752,3152535,card_addr,0.08
14752,3306394,card_addr,0.08
14752,3338786,card_addr,0.08
14752,3338787,card_addr,0.08
14752,3314084,card_addr,0.08
14752,3314212,card_addr,0.08
14752,3530160,card_addr,0.08
14752,3544881,card_addr,0.08
14752,3530166,card_addr,0.08
14752,3005367,card_addr,0.08
14752,3369670,card_addr,0.08
14752,3369676,card_addr,0.08
14752,3533652,card_addr,0.08
14752,3369688,card_addr,0.08
14752,3156577,card_addr,0.08
14752,3280740,card_addr,0.08
14752,3408996,card_addr,0.08
14752,3128937,card_addr,0.08
14752,3310058,card_addr,0.08
14752,3314155,card_addr,0.08
14752,3533557,card_addr,0.08
14757,3014891,card_addr,0.5
14757,3011420,card_addr,0.5
14757,3005373,card_addr,0.5
14757,3005382,card_addr,0.5
14836,3366593,card_addr,0.1428571428571428
14836,3066180,card_addr,0.1428571428571428
14836,3277798,card_addr,0.1428571428571428
14836,3400328,card_addr,0.1428571428571428
14836,3005481,card_addr,0.1428571428571428
14836,3366539,card_addr,0.1428571428571428
14836,3005484,card_addr,0.1428571428571428
14836,3044302,card_addr,0.1428571428571428
14836,3428147,card_addr,0.1428571428571428
14836,3121492,card_addr,0.1428571428571428
14836,3221876,card_addr,0.1428571428571428
14836,3068566,card_addr,0.1428571428571428
14836,3268344,card_addr,0.1428571428571428
14836,3396953,card_addr,0.1428571428571428
14933,3159908,card_addr,0.4
14933,3016491,card_addr,0.4
14933,3005613,card_addr,0.4
14933,3155699,card_addr,0.4
14933,3492444,card_addr,0.4
15003,3005701,card_addr,0.3823529411764705
15003,3082120,card_addr,0.3823529411764705
15003,3049353,card_addr,0.3823529411764705
15003,3067531,card_addr,0.3823529411764705
15003,3447179,card_addr,0.3823529411764705
15003,3067537,card_addr,0.3823529411764705
15003,3046035,card_addr,0.3823529411764705
15003,3353494,card_addr,0.3823529411764705
15003,3108122,card_addr,0.3823529411764705
15003,3570588,card_addr,0.3823529411764705
15003,3570593,card_addr,0.3823529411764705
15003,3038373,card_addr,0.3823529411764705
15003,3194920,card_addr,0.3823529411764705
15003,3352363,card_addr,0.3823529411764705
15003,3037612,card_addr,0.3823529411764705
15003,3570609,card_addr,0.3823529411764705
15003,3201972,card_addr,0.3823529411764705
15003,3346999,card_addr,0.3823529411764705
15003,3570622,card_addr,0.3823529411764705
15003,3032643,card_addr,0.3823529411764705
15003,3040708,card_addr,0.3823529411764705
15003,3570627,card_addr,0.3823529411764705
15003,3067722,card_addr,0.3823529411764705
15003,3111498,card_addr,0.3823529411764705
15003,3343948,card_addr,0.3823529411764705
15003,3571021,card_addr,0.3823529411764705
15003,3461838,card_addr,0.3823529411764705
15003,3010388,card_addr,0.3823529411764705
15003,3050213,card_addr,0.3823529411764705
15003,3346030,card_addr,0.3823529411764705
15003,3059443,card_addr,0.3823529411764705
15003,3346038,card_addr,0.3823529411764705
15003,3163900,card_addr,0.3823529411764705
15003,3362301,card_addr,0.3823529411764705
15139,3031416,card_addr,0.3333333333333333
15139,3012581,card_addr,0.3333333333333333
15139,3028102,card_addr,0.3333333333333333
15139,3006985,card_addr,0.3333333333333333
15139,3012587,card_addr,0.3333333333333333
15139,3011311,card_addr,0.3333333333333333
15139,3005878,card_addr,0.3333333333333333
15139,3012599,card_addr,0.3333333333333333
15139,3005944,card_addr,0.3333333333333333
15162,3007017,card_addr,1.0
15162,3007116,card_addr,1.0
15162,3005906,card_addr,1.0
15162,3007026,card_addr,1.0
15162,3033972,card_addr,1.0
15162,3007031,card_addr,1.0
15162,3033981,card_addr,1.0
15171,3559296,card_addr,0.2926829268292683
15171,3101956,card_addr,0.2926829268292683
15171,3172357,card_addr,0.2926829268292683
15171,3042188,card_addr,0.2926829268292683
15171,3477392,card_addr,0.2926829268292683
15171,3568276,card_addr,0.2926829268292683
15171,3465243,card_addr,0.2926829268292683
15171,3172380,card_addr,0.2926829268292683
15171,3568285,card_addr,0.2926829268292683
15171,3428638,card_addr,0.2926829268292683
15171,3040031,card_addr,0.2926829268292683
15171,3210785,card_addr,0.2926829268292683
15171,3023650,card_addr,0.2926829268292683
15171,3329061,card_addr,0.2926829268292683
15171,3423291,card_addr,0.2926829268292683
15171,3565888,card_addr,0.2926829268292683
15171,3475140,card_addr,0.2926829268292683
15171,3568709,card_addr,0.2926829268292683
15171,3570501,card_addr,0.2926829268292683
15171,3291721,card_addr,0.2926829268292683
15171,3287502,card_addr,0.2926829268292683
15171,3073233,card_addr,0.2926829268292683
15171,3154899,card_addr,0.2926829268292683
15171,3558995,card_addr,0.2926829268292683
15171,3574105,card_addr,0.2926829268292683
15171,3570522,card_addr,0.2926829268292683
15171,3005915,card_addr,0.2926829268292683
15171,3106012,card_addr,0.2926829268292683
15171,3562331,card_addr,0.2926829268292683
15171,3178718,card_addr,0.2926829268292683
15171,3007716,card_addr,0.2926829268292683
15171,3178854,card_addr,0.2926829268292683
15171,3291369,card_addr,0.2926829268292683
15171,3570668,card_addr,0.2926829268292683
15171,3337709,card_addr,0.2926829268292683
15171,3120496,card_addr,0.2926829268292683
15171,3338736,card_addr,0.2926829268292683
15171,3568241,card_addr,0.2926829268292683
15171,3190396,card_addr,0.2926829268292683
15171,3570685,card_addr,0.2926829268292683
15171,3052158,card_addr,0.2926829268292683
15245,3006016,card_addr,0.1111111111111111
15245,3083014,card_addr,0.1111111111111111
15245,3006151,card_addr,0.1111111111111111
15245,3189128,card_addr,0.1111111111111111
15245,3257990,card_addr,0.1111111111111111
15245,3093298,card_addr,0.1111111111111111
15245,3189108,card_addr,0.1111111111111111
15245,3199540,card_addr,0.1111111111111111
15245,3062553,card_addr,0.1111111111111111
15262,3341856,card_addr,0.0833333333333333
15262,3372672,card_addr,0.0833333333333333
15262,3132101,card_addr,0.0833333333333333
15262,3023848,card_addr,0.0833333333333333
15262,3526505,card_addr,0.0833333333333333
15262,3109738,card_addr,0.0833333333333333
15262,3132082,card_addr,0.0833333333333333
15262,3037459,card_addr,0.0833333333333333
15262,3006038,card_addr,0.0833333333333333
15262,3166040,card_addr,0.0833333333333333
15262,3132124,card_addr,0.0833333333333333
15262,3061213,card_addr,0.0833333333333333
15298,3015649,card_addr,0.1875
15298,3570178,card_addr,0.1875
15298,3570181,card_addr,0.1875
15298,3411654,card_addr,0.1875
15298,3006087,card_addr,0.1875
15298,3503178,card_addr,0.1875
15298,3063948,card_addr,0.1875
15298,3280972,card_addr,0.1875
15298,3570188,card_addr,0.1875
15298,3099121,card_addr,0.1875
15298,3402994,card_addr,0.1875
15298,3071864,card_addr,0.1875
15298,3031832,card_addr,0.1875
15298,3550264,card_addr,0.1875
15298,3518844,card_addr,0.1875
15298,3249855,card_addr,0.1875
15330,3113859,card_addr,0.25
15330,3395210,card_addr,0.25
15330,3008523,card_addr,0.25
15330,3395212,card_addr,0.25
15330,3078285,card_addr,0.25
15330,3273743,card_addr,0.25
15330,3325711,card_addr,0.25
15330,3532692,card_addr,0.25
15330,3322903,card_addr,0.25
15330,3380767,card_addr,0.25
15330,3073955,card_addr,0.25
15330,3062183,card_addr,0.25
15330,3325739,card_addr,0.25
15330,3006139,card_addr,0.25
15330,3028156,card_addr,0.25
15330,3381051,card_addr,0.25
15330,3074750,card_addr,0.25
15330,3379010,card_addr,0.25
15330,3447492,card_addr,0.25
15330,3498438,card_addr,0.25
15330,3056839,card_addr,0.25
15330,3553483,card_addr,0.25
15330,3374669,card_addr,0.25
15330,3383885,card_addr,0.25
15330,3464141,card_addr,0.25
15330,3131732,card_addr,0.25
15330,3239509,card_addr,0.25
15330,3322455,card_addr,0.25
15330,3198295,card_addr,0.25
15330,3050327,card_addr,0.25
15330,3383769,card_addr,0.25
15330,3051110,card_addr,0.25
15330,3380973,card_addr,0.25
15330,3165295,card_addr,0.25
15330,3147121,card_addr,0.25
15330,3061247,card_addr,0.25
15348,3085829,card_addr,0.375
15348,3050123,card_addr,0.375
15348,3017740,card_addr,0.375
15348,3085837,card_addr,0.375
15348,3053070,card_addr,0.375
15348,3125132,card_addr,0.375
15348,3215120,card_addr,0.375
15348,3195928,card_addr,0.375
15348,3305501,card_addr,0.375
15348,3305763,card_addr,0.375
15348,3182761,card_addr,0.375
15348,3225517,card_addr,0.375
15348,3520941,card_addr,0.375
15348,3122365,card_addr,0.375
15348,3102659,card_addr,0.375
15348,3153612,card_addr,0.375
15348,3173459,card_addr,0.375
15348,3006165,card_addr,0.375
15348,3402327,card_addr,0.375
15348,3215578,card_addr,0.375
15348,3401951,card_addr,0.375
15348,3214690,card_addr,0.375
15348,3170813,card_addr,0.375
15348,3401854,card_addr,0.375
15384,3204547,card_addr,0.25
15384,3271300,card_addr,0.25
15384,3060307,card_addr,0.25
15384,3321172,card_addr,0.25
15384,3262107,card_addr,0.25
15384,3482748,card_addr,0.25
15384,3006269,card_addr,0.25
15384,3006207,card_addr,0.25
15449,3013976,card_addr,0.75
15449,3014034,card_addr,0.75
15449,3335991,card_addr,0.75
15449,3006295,card_addr,0.75
15469,3124835,card_addr,0.2
15469,3246728,card_addr,0.2
15469,3317837,card_addr,0.2
15469,3006322,card_addr,0.2
15469,3036059,card_addr,0.2
15473,3009601,card_addr,0.0833333333333333
15473,3023041,card_addr,0.0833333333333333
15473,3036737,card_addr,0.0833333333333333
15473,3013604,card_addr,0.0833333333333333
15473,3030408,card_addr,0.0833333333333333
15473,3035144,card_addr,0.0833333333333333
15473,3026444,card_addr,0.0833333333333333
15473,3006327,card_addr,0.0833333333333333
15473,3016753,card_addr,0.0833333333333333
15473,3026452,card_addr,0.0833333333333333
15473,3030294,card_addr,0.0833333333333333
15473,3015319,card_addr,0.0833333333333333
15546,3019169,card_addr,0.2
15546,3033639,card_addr,0.2
15546,3028498,card_addr,0.2
15546,3006424,card_addr,0.2
15546,3006492,card_addr,0.2
15556,3404806,card_addr,0.1818181818181818
15556,3434637,card_addr,0.1818181818181818
15556,3182608,card_addr,0.1818181818181818
15556,3565329,card_addr,0.1818181818181818
15556,3298582,card_addr,0.1818181818181818
15556,3425303,card_addr,0.1818181818181818
15556,3450265,card_addr,0.1818181818181818
15556,3387163,card_addr,0.1818181818181818
15556,3340060,card_addr,0.1818181818181818
15556,3431709,card_addr,0.1818181818181818
15556,3434652,card_addr,0.1818181818181818
15556,3425313,card_addr,0.1818181818181818
15556,3290667,card_addr,0.1818181818181818
15556,3444529,card_addr,0.1818181818181818
15556,3026354,card_addr,0.1818181818181818
15556,3246645,card_addr,0.1818181818181818
15556,3215162,card_addr,0.1818181818181818
15556,3273923,card_addr,0.1818181818181818
15556,3424071,card_addr,0.1818181818181818
15556,3169352,card_addr,0.1818181818181818
15556,3169355,card_addr,0.1818181818181818
15556,3403852,card_addr,0.1818181818181818
15556,3450448,card_addr,0.1818181818181818
15556,3273425,card_addr,0.1818181818181818
15556,3379417,card_addr,0.1818181818181818
15556,3012445,card_addr,0.1818181818181818
15556,3026143,card_addr,0.1818181818181818
15556,3006442,card_addr,0.1818181818181818
15556,3434603,card_addr,0.1818181818181818
15556,3516396,card_addr,0.1818181818181818
15556,3028078,card_addr,0.1818181818181818
15556,3027960,card_addr,0.1818181818181818
15556,3194106,card_addr,0.1818181818181818
15571,3006464,card_addr,0.6
15571,3244160,card_addr,0.6
15571,3252416,card_addr,0.6
15571,3024644,card_addr,0.6
15571,3242506,card_addr,0.6
15571,3241362,card_addr,0.6
15571,3241363,card_addr,0.6
15571,3204281,card_addr,0.6
15571,3196668,card_addr,0.6
15571,3213853,card_addr,0.6
15584,3007879,card_addr,0.5
15584,3376105,card_addr,0.5
15584,3386859,card_addr,0.5
15584,3007856,card_addr,0.5
15584,3006485,card_addr,0.5
15584,3007640,card_addr,0.5
15616,3006533,card_addr,0.1666666666666666
15616,3422254,card_addr,0.1666666666666666
15616,3421903,card_addr,0.1666666666666666
15616,3422261,card_addr,0.1666666666666666
15616,3028661,card_addr,0.1666666666666666
15616,3422265,card_addr,0.1666666666666666
15701,3028209,card_addr,0.2
15701,3025333,card_addr,0.2
15701,3006648,card_addr,0.2
15701,3025338,card_addr,0.2
15701,3011739,card_addr,0.2
15713,3516547,card_addr,0.238095238095238
15713,3082403,card_addr,0.238095238095238
15713,3380648,card_addr,0.238095238095238
15713,3423147,card_addr,0.238095238095238
15713,3007540,card_addr,0.238095238095238
15713,3555005,card_addr,0.238095238095238
15713,3020482,card_addr,0.238095238095238
15713,3048005,card_addr,0.238095238095238
15713,3006667,card_addr,0.238095238095238
15713,3006669,card_addr,0.238095238095238
15713,3503055,card_addr,0.238095238095238
15713,3570255,card_addr,0.238095238095238
15713,3342418,card_addr,0.238095238095238
15713,3006680,card_addr,0.238095238095238
15713,3048029,card_addr,0.238095238095238
15713,3027040,card_addr,0.238095238095238
15713,3056736,card_addr,0.238095238095238
15713,3027046,card_addr,0.238095238095238
15713,3309293,card_addr,0.238095238095238
15713,3030004,card_addr,0.238095238095238
15713,3300084,card_addr,0.238095238095238
15741,3537437,card_addr,0.125
15741,3324228,card_addr,0.125
15741,3158310,card_addr,0.125
15741,3045388,card_addr,0.125
15741,3046159,card_addr,0.125
15741,3006707,card_addr,0.125
15741,3066205,card_addr,0.125
15741,3134910,card_addr,0.125
15764,3307009,card_addr,0.18
15764,3032070,card_addr+device,0.18
15764,3543688,card_addr,0.18
15764,3033993,card_addr,0.18
15764,3287716,card_addr,0.18
15764,3153163,card_addr,0.18
15764,3570340,card_addr,0.18
15764,3185169,card_addr,0.18
15764,3224210,card_addr,0.18
15764,3251476,card_addr,0.18
15764,3006743,card_addr,0.18
15764,3008154,card_addr+device,0.18
15764,3427997,card_addr,0.18
15764,3069182,card_addr+device,0.18
15764,3172642,card_addr,0.18
15764,3185060,card_addr,0.18
15764,3222308,card_addr,0.18
15764,3006758,card_addr,0.18
15764,3122854,card_addr,0.18
15764,3006760,card_addr,0.18
15764,3148838,card_addr,0.18
15764,3006762,card_addr,0.18
15764,3185144,card_addr,0.18
15764,3184172,card_addr,0.18
15764,3223339,card_addr,0.18
15764,3486634,card_addr,0.18
15764,3208113,card_addr,0.18
15764,3006772,card_addr,0.18
15764,3407284,card_addr,0.18
15764,3222337,card_addr,0.18
15764,3179972,card_addr,0.18
15764,3224518,card_addr,0.18
15764,3029447,card_addr,0.18
15764,3270086,card_addr,0.18
15764,3267529,card_addr,0.18
15764,3210951,card_addr,0.18
15764,3492813,device,0.18
15764,3025236,card_addr,0.18
15764,3485816,card_addr,0.18
15764,3047519,card_addr,0.18
15764,3055072,card_addr,0.18
15764,3219039,card_addr,0.18
15764,3354085,card_addr,0.18
15764,3231208,card_addr,0.18
15764,3463792,card_addr,0.18
15764,3182708,card_addr,0.18
15764,3463797,card_addr,0.18
15764,3353080,card_addr,0.18
15764,3055742,card_addr,0.18
15764,3224191,card_addr,0.18
15795,3103744,card_addr,0.3636363636363636
15795,3006785,card_addr,0.3636363636363636
15795,3025731,card_addr,0.3636363636363636
15795,3304332,card_addr,0.3636363636363636
15795,3363920,card_addr,0.3636363636363636
15795,3304337,card_addr,0.3636363636363636
15795,3560176,card_addr,0.3636363636363636
15795,3563286,card_addr,0.3636363636363636
15795,3568983,card_addr,0.3636363636363636
15795,3560218,card_addr,0.3636363636363636
15795,3066238,card_addr,0.3636363636363636
15806,3369734,card_addr,0.1428571428571428
15806,3296144,card_addr,0.1428571428571428
15806,3377296,card_addr,0.1428571428571428
15806,3442705,card_addr,0.1428571428571428
15806,3115027,card_addr,0.1428571428571428
15806,3312148,card_addr,0.1428571428571428
15806,3476624,card_addr,0.1428571428571428
15806,3290782,card_addr,0.1428571428571428
15806,3115039,card_addr,0.1428571428571428
15806,3290785,card_addr,0.1428571428571428
15806,3290788,card_addr,0.1428571428571428
15806,3280430,card_addr,0.1428571428571428
15806,3288760,card_addr,0.1428571428571428
15806,3108035,card_addr,0.1428571428571428
15806,3160268,card_addr,0.1428571428571428
15806,3006799,card_addr,0.1428571428571428
15806,3305692,card_addr,0.1428571428571428
15806,3268444,card_addr,0.1428571428571428
15806,3022571,card_addr,0.1428571428571428
15806,3275637,card_addr,0.1428571428571428
15806,3104248,card_addr,0.1428571428571428
15858,3504218,card_addr,0.2
15858,3129670,card_addr,0.2
15858,3151785,card_addr,0.2
15858,3006863,card_addr,0.2
15858,3341935,card_addr,0.2
15858,3504214,card_addr,0.2
15858,3281079,card_addr,0.2
15858,3341945,card_addr,0.2
15858,3322650,card_addr,0.2
15858,3007549,card_addr,0.2
15865,3351819,card_addr+device,0.7619047619047619
15865,3351822,card_addr+device,0.7619047619047619
15865,3357072,card_addr,0.7619047619047619
15865,3012881,card_addr,0.7619047619047619
15865,3006873,card_addr+device,0.7619047619047619
15865,3351843,card_addr+device,0.7619047619047619
15865,3351852,card_addr+device,0.7619047619047619
15865,3314478,device,0.7619047619047619
15865,3334964,card_addr+device,0.7619047619047619
15865,3334965,card_addr+device,0.7619047619047619
15865,3169861,device,0.7619047619047619
15865,3337157,card_addr+device,0.7619047619047619
15865,3337162,card_addr+device,0.7619047619047619
15865,3333195,card_addr+device,0.7619047619047619
15865,3337164,card_addr+device,0.7619047619047619
15865,3333202,card_addr+device,0.7619047619047619
15865,3333223,card_addr+device,0.7619047619047619
15865,3357543,card_addr+device,0.7619047619047619
15865,3357166,card_addr,0.7619047619047619
15865,3333236,device,0.7619047619047619
15865,3426426,device,0.7619047619047619
15913,3403392,card_addr,0.2083333333333333
15913,3109379,card_addr,0.2083333333333333
15913,3176335,card_addr,0.2083333333333333
15913,3165720,card_addr,0.2083333333333333
15913,3154973,card_addr,0.2083333333333333
15913,3028383,card_addr,0.2083333333333333
15913,3121701,card_addr,0.2083333333333333
15913,3330981,card_addr,0.2083333333333333
15913,3083815,card_addr,0.2083333333333333
15913,3167530,card_addr,0.2083333333333333
15913,3435440,card_addr,0.2083333333333333
15913,3435441,card_addr,0.2083333333333333
15913,3331006,card_addr,0.2083333333333333
15913,3435583,card_addr,0.2083333333333333
15913,3169737,card_addr,0.2083333333333333
15913,3435465,card_addr,0.2083333333333333
15913,3442380,card_addr,0.2083333333333333
15913,3557581,card_addr,0.2083333333333333
15913,3167439,card_addr,0.2083333333333333
15913,3043408,card_addr,0.2083333333333333
15913,3191903,card_addr,0.2083333333333333
15913,3006950,card_addr,0.2083333333333333
15913,3080303,card_addr,0.2083333333333333
15913,3119997,card_addr,0.2083333333333333
16004,3327104,card_addr,0.073170731707317
16004,3293313,card_addr,0.073170731707317
16004,3441282,card_addr,0.073170731707317
16004,3517185,card_addr,0.073170731707317
16004,3562754,card_addr,0.073170731707317
16004,3554695,card_addr,0.073170731707317
16004,3039496,card_addr,0.073170731707317
16004,3563016,card_addr,0.073170731707317
16004,3142283,card_addr,0.073170731707317
16004,3509899,card_addr,0.073170731707317
16004,3517068,card_addr,0.073170731707317
16004,3068046,card_addr,0.073170731707317
16004,3444238,card_addr,0.073170731707317
16004,3518610,card_addr,0.073170731707317
16004,3062293,card_addr,0.073170731707317
16004,3539735,card_addr,0.073170731707317
16004,3095841,card_addr,0.073170731707317
16004,3255841,card_addr,0.073170731707317
16004,3336361,card_addr,0.073170731707317
16004,3358765,card_addr,0.073170731707317
16004,3389999,card_addr,0.073170731707317
16004,3019446,card_addr,0.073170731707317
16004,3113782,card_addr,0.073170731707317
16004,3149369,card_addr,0.073170731707317
16004,3299774,card_addr,0.073170731707317
16004,3252159,card_addr,0.073170731707317
16004,3113791,card_addr,0.073170731707317
16004,3176641,card_addr,0.073170731707317
16004,3471934,card_addr,0.073170731707317
16004,3474880,card_addr,0.073170731707317
16004,3269709,card_addr,0.073170731707317
16004,3198161,card_addr,0.073170731707317
16004,3373149,card_addr,0.073170731707317
16004,3133279,card_addr,0.073170731707317
16004,3133281,card_addr,0.073170731707317
16004,3127266,card_addr,0.073170731707317
16004,3503083,card_addr,0.073170731707317
16004,3098988,card_addr,0.073170731707317
16004,3007085,card_addr,0.073170731707317
16004,3324397,card_addr,0.073170731707317
16004,3309429,card_addr,0.073170731707317
16017,3023590,card_addr,0.2
16017,3015401,card_addr,0.2
16017,3010574,card_addr,0.2
16017,3007101,card_addr,0.2
16017,3036030,card_addr,0.2
16019,3007104,card_addr,0.2222222222222222
16019,3081795,card_addr,0.2222222222222222
16019,3367300,card_addr,0.2222222222222222
16019,3445609,card_addr,0.2222222222222222
16019,3045068,card_addr,0.2222222222222222
16019,3514991,card_addr,0.2222222222222222
16019,3445618,card_addr,0.2222222222222222
16019,3349652,card_addr,0.2222222222222222
16019,3349560,card_addr,0.2222222222222222
16037,3510272,card_addr,0.1527777777777778
16037,3056897,card_addr,0.1527777777777778
16037,3423489,card_addr,0.1527777777777778
16037,3088643,card_addr,0.1527777777777778
16037,3336452,card_addr,0.1527777777777778
16037,3551492,card_addr,0.1527777777777778
16037,3080582,card_addr,0.1527777777777778
16037,3219207,card_addr,0.1527777777777778
16037,3391368,card_addr,0.1527777777777778
16037,3121162,card_addr,0.1527777777777778
16037,3322250,card_addr,0.1527777777777778
16037,3491850,card_addr,0.1527777777777778
16037,3523979,card_addr,0.1527777777777778
16037,3213839,card_addr,0.1527777777777778
16037,3538959,card_addr,0.1527777777777778
16037,3468307,card_addr,0.1527777777777778
16037,3405716,card_addr,0.1527777777777778
16037,3174038,card_addr,0.1527777777777778
16037,3395606,card_addr,0.1527777777777778
16037,3511834,card_addr,0.1527777777777778
16037,3407131,card_addr,0.1527777777777778
16037,3007132,card_addr,0.1527777777777778
16037,3403806,card_addr,0.1527777777777778
16037,3319327,card_addr,0.1527777777777778
16037,3073696,card_addr,0.1527777777777778
16037,3305376,card_addr,0.1527777777777778
16037,3075874,card_addr,0.1527777777777778
16037,3468318,card_addr,0.1527777777777778
16037,3162020,card_addr,0.1527777777777778
16037,3171109,card_addr,0.1527777777777778
16037,3316004,card_addr,0.1527777777777778
16037,3139751,card_addr,0.1527777777777778
16037,3384612,card_addr,0.1527777777777778
16037,3533741,card_addr,0.1527777777777778
16037,3423408,card_addr,0.1527777777777778
16037,3083315,card_addr,0.1527777777777778
16037,3542069,card_addr,0.1527777777777778
16037,3529398,card_addr,0.1527777777777778
16037,3569589,card_addr,0.1527777777777778
16037,3518139,card_addr,0.1527777777777778
16037,3124284,card_addr,0.1527777777777778
16037,3521723,card_addr,0.1527777777777778
16037,3080510,card_addr,0.1527777777777778
16037,3536828,card_addr,0.1527777777777778
16037,3230145,card_addr,0.1527777777777778
16037,3467457,card_addr,0.1527777777777778
16037,3488762,card_addr,0.1527777777777778
16037,3494337,card_addr,0.1527777777777778
16037,3569603,card_addr,0.1527777777777778
16037,3420104,card_addr,0.1527777777777778
16037,3119562,card_addr,0.1527777777777778
16037,3282635,card_addr,0.1527777777777778
16037,3054156,card_addr,0.1527777777777778
16037,3245260,card_addr,0.1527777777777778
16037,3407180,card_addr,0.1527777777777778
16037,3491660,card_addr,0.1527777777777778
16037,3327441,card_addr,0.1527777777777778
16037,3506516,card_addr,0.1527777777777778
16037,3315158,card_addr,0.1527777777777778
16037,3324502,card_addr,0.1527777777777778
16037,3500318,card_addr,0.1527777777777778
16037,3568868,card_addr,0.1527777777777778
16037,3509097,card_addr,0.1527777777777778
16037,3538922,card_addr,0.1527777777777778
16037,3430638,card_addr,0.1527777777777778
16037,3544431,card_addr,0.1527777777777778
16037,3420400,card_addr,0.1527777777777778
16037,3572462,card_addr,0.1527777777777778
16037,3219187,card_addr,0.1527777777777778
16037,3022583,card_addr,0.1527777777777778
16037,3223034,card_addr,0.1527777777777778
16037,3160189,card_addr,0.1527777777777778
16040,3440260,card_addr,0.1463414634146341
16040,3429511,card_addr,0.1463414634146341
16040,3479691,card_addr,0.1463414634146341
16040,3159821,card_addr,0.1463414634146341
16040,3295132,card_addr,0.1463414634146341
16040,3260446,card_addr,0.1463414634146341
16040,3007136,card_addr,0.1463414634146341
16040,3119264,card_addr,0.1463414634146341
16040,3471392,card_addr,0.1463414634146341
16040,3095206,card_addr,0.1463414634146341
16040,3479080,card_addr,0.1463414634146341
16040,3493672,card_addr,0.1463414634146341
16040,3209002,card_addr,0.1463414634146341
16040,3083947,card_addr,0.1463414634146341
16040,3183405,card_addr,0.1463414634146341
16040,3357235,card_addr,0.1463414634146341
16040,3289146,card_addr,0.1463414634146341
16040,3323459,card_addr,0.1463414634146341
16040,3439684,card_addr,0.1463414634146341
16040,3263817,card_addr,0.1463414634146341
16040,3168970,card_addr,0.1463414634146341
16040,3452489,card_addr,0.1463414634146341
16040,3302224,card_addr,0.1463414634146341
16040,3007953,card_addr,0.1463414634146341
16040,3287250,card_addr,0.1463414634146341
16040,3494235,card_addr,0.1463414634146341
16040,3392732,card_addr,0.1463414634146341
16040,3439581,card_addr,0.1463414634146341
16040,3119455,card_addr,0.1463414634146341
16040,3294433,card_addr,0.1463414634146341
16040,3519458,card_addr,0.1463414634146341
16040,3315685,card_addr,0.1463414634146341
16040,3112297,card_addr,0.1463414634146341
16040,3337066,card_addr,0.1463414634146341
16040,3181163,card_addr,0.1463414634146341
16040,3507055,card_addr,0.1463414634146341
16040,3105776,card_addr,0.1463414634146341
16040,3258352,card_addr,0.1463414634146341
16040,3363952,card_addr,0.1463414634146341
16040,3429233,card_addr,0.1463414634146341
16040,3332214,card_addr,0.1463414634146341
16143,3295622,card_addr,0.1
16143,3531288,card_addr,0.1
16143,3007263,card_addr,0.1
16143,3145122,card_addr,0.1
16143,3131047,card_addr,0.1
16143,3460519,card_addr,0.1
16143,3550247,card_addr,0.1
16143,3363628,card_addr,0.1
16143,3539889,card_addr,0.1
16143,3442226,card_addr,0.1
16143,3563061,card_addr,0.1
16143,3361860,card_addr,0.1
16143,3129805,card_addr,0.1
16143,3211353,card_addr,0.1
16143,3466848,card_addr,0.1
16143,3359459,card_addr,0.1
16143,3572328,card_addr,0.1
16143,3180011,card_addr,0.1
16143,3105270,card_addr,0.1
16143,3389562,card_addr,0.1
16161,3055937,card_addr,0.1111111111111111
16161,3211938,card_addr,0.1111111111111111
16161,3188067,card_addr,0.1111111111111111
16161,3050180,card_addr,0.1111111111111111
16161,3445829,card_addr,0.1111111111111111
16161,3257928,card_addr,0.1111111111111111
16161,3365512,card_addr,0.1111111111111111
16161,3427369,card_addr,0.1111111111111111
16161,3443294,card_addr,0.1111111111111111
16161,3455946,card_addr,0.1111111111111111
16161,3266264,card_addr,0.1111111111111111
16161,3243665,card_addr,0.1111111111111111
16161,3296402,card_addr,0.1111111111111111
16161,3007287,card_addr,0.1111111111111111
16161,3040440,card_addr,0.1111111111111111
16161,3239450,card_addr,0.1111111111111111
16161,3208092,card_addr,0.1111111111111111
16161,3187710,card_addr,0.1111111111111111
16197,3553408,card_addr,0.0714285714285714
16197,3567489,card_addr,0.0714285714285714
16197,3405573,card_addr,0.0714285714285714
16197,3123210,card_addr,0.0714285714285714
16197,3473556,card_addr,0.0714285714285714
16197,3176854,card_addr,0.0714285714285714
16197,3311649,card_addr,0.0714285714285714
16197,3201314,card_addr,0.0714285714285714
16197,3510818,card_addr,0.0714285714285714
16197,3374118,card_addr,0.0714285714285714
16197,3502758,card_addr,0.0714285714285714
16197,3533996,card_addr,0.0714285714285714
16197,3510958,card_addr,0.0714285714285714
16197,3457967,card_addr,0.0714285714285714
16197,3217840,card_addr,0.0714285714285714
16197,3510961,card_addr,0.0714285714285714
16197,3029938,card_addr,0.0714285714285714
16197,3250995,card_addr,0.0714285714285714
16197,3150260,card_addr,0.0714285714285714
16197,3229237,card_addr,0.0714285714285714
16197,3428277,card_addr,0.0714285714285714
16197,3237815,card_addr,0.0714285714285714
16197,3495606,card_addr,0.0714285714285714
16197,3510963,card_addr,0.0714285714285714
16197,3472444,card_addr,0.0714285714285714
16197,3292093,card_addr,0.0714285714285714
16197,3472446,card_addr,0.0714285714285714
16197,3066818,card_addr,0.0714285714285714
16197,3292101,card_addr,0.0714285714285714
16197,3397702,card_addr,0.0714285714285714
16197,3451980,card_addr,0.0714285714285714
16197,3077709,card_addr,0.0714285714285714
16197,3292110,card_addr,0.0714285714285714
16197,3418317,card_addr,0.0714285714285714
16197,3561551,card_addr,0.0714285714285714
16197,3561554,card_addr,0.0714285714285714
16197,3292371,card_addr,0.0714285714285714
16197,3511636,card_addr,0.0714285714285714
16197,3129944,card_addr,0.0714285714285714
16197,3451994,card_addr,0.0714285714285714
16197,3438431,card_addr,0.0714285714285714
16197,3194592,card_addr,0.0714285714285714
16197,3370851,card_addr,0.0714285714285714
16197,3184744,card_addr,0.0714285714285714
16197,3111402,card_addr,0.0714285714285714
16197,3007339,card_addr,0.0714285714285714
16197,3041772,card_addr,0.0714285714285714
16197,3277035,card_addr,0.0714285714285714
16197,3184369,card_addr,0.0714285714285714
16197,3484023,card_addr,0.0714285714285714
16197,3272056,card_addr,0.0714285714285714
16197,3329657,card_addr,0.0714285714285714
16197,3561722,card_addr,0.0714285714285714
16197,3134203,card_addr,0.0714285714285714
16197,3475453,card_addr,0.0714285714285714
16197,3329406,card_addr,0.0714285714285714
16204,3036162,card_addr,0.0930232558139534
16204,3564805,card_addr,0.0930232558139534
16204,3510535,device,0.0930232558139534
16204,3160586,card_addr+device,0.0930232558139534
16204,3297035,card_addr,0.0930232558139534
16204,3536778,card_addr,0.0930232558139534
16204,3153678,card_addr,0.0930232558139534
16204,3555728,card_addr,0.0930232558139534
16204,3160593,card_addr+device,0.0930232558139534
16204,3297554,device,0.0930232558139534
16204,3344149,device,0.0930232558139534
16204,3344152,device,0.0930232558139534
16204,3098394,card_addr,0.0930232558139534
16204,3304864,card_addr,0.0930232558139534
16204,3095200,card_addr,0.0930232558139534
16204,3090213,device,0.0930232558139534
16204,3544618,card_addr,0.0930232558139534
16204,3087535,device,0.0930232558139534
16204,3087537,device,0.0930232558139534
16204,3194673,device,0.0930232558139534
16204,3265074,card_addr,0.0930232558139534
16204,3187508,device,0.0930232558139534
16204,3056307,card_addr,0.0930232558139534
16204,3519159,card_addr,0.0930232558139534
16204,3554615,card_addr,0.0930232558139534
16204,3088697,card_addr,0.0930232558139534
16204,3412155,card_addr,0.0930232558139534
16204,3107389,card_addr,0.0930232558139534
16204,3513281,card_addr,0.0930232558139534
16204,3107010,card_addr,0.0930232558139534
16204,3338564,device,0.0930232558139534
16204,3036869,card_addr+device,0.0930232558139534
16204,3077188,card_addr,0.0930232558139534
16204,3305799,card_addr,0.0930232558139534
16204,3536848,card_addr,0.0930232558139534
16204,3503317,card_addr,0.0930232558139534
16204,3513301,card_addr,0.0930232558139534
16204,3342178,card_addr,0.0930232558139534
16204,3316074,device,0.0930232558139534
16204,3461998,card_addr+device,0.0930232558139534
16204,3007347,device,0.0930232558139534
16204,3543545,card_addr,0.0930232558139534
16204,3167996,card_addr,0.0930232558139534
16219,3491585,card_addr,0.0769230769230769
16219,3448421,card_addr,0.0769230769230769
16219,3401670,card_addr,0.0769230769230769
16219,3115975,card_addr,0.0769230769230769
16219,3426695,card_addr,0.0769230769230769
16219,3014057,card_addr,0.0769230769230769
16219,3354380,card_addr,0.0769230769230769
16219,3221837,card_addr,0.0769230769230769
16219,3007373,card_addr,0.0769230769230769
16219,3381427,card_addr,0.0769230769230769
16219,3028693,card_addr,0.0769230769230769
16219,3229309,card_addr,0.0769230769230769
16219,3381438,card_addr,0.0769230769230769
16264,3056911,card_addr,0.1052631578947368
16264,3106576,card_addr,0.1052631578947368
16264,3120537,card_addr,0.1052631578947368
16264,3173682,card_addr,0.1052631578947368
16264,3207859,card_addr,0.1052631578947368
16264,3347766,card_addr,0.1052631578947368
16264,3025086,card_addr,0.1052631578947368
16264,3562946,card_addr,0.1052631578947368
16264,3363911,card_addr,0.1052631578947368
16264,3007434,card_addr,0.1052631578947368
16264,3363918,card_addr,0.1052631578947368
16264,3516513,card_addr,0.1052631578947368
16264,3562985,card_addr,0.1052631578947368
16264,3547377,card_addr,0.1052631578947368
16264,3017845,card_addr,0.1052631578947368
16264,3018486,card_addr,0.1052631578947368
16264,3090549,card_addr,0.1052631578947368
16264,3291381,card_addr,0.1052631578947368
16264,3153278,card_addr,0.1052631578947368
16283,3007461,card_addr,0.125
16283,3285831,card_addr,0.125
16283,3143563,card_addr,0.125
16283,3110862,card_addr,0.125
16283,3305296,card_addr,0.125
16283,3307349,card_addr,0.125
16283,3140118,card_addr,0.125
16283,3192375,card_addr,0.125
16305,3007488,card_addr,0.1176470588235294
16305,3016110,card_addr,0.1176470588235294
16305,3018542,card_addr,0.1176470588235294
16305,3011536,card_addr,0.1176470588235294
16305,3026159,card_addr,0.1176470588235294
16305,3020946,card_addr,0.1176470588235294
16305,3029048,card_addr,0.1176470588235294
16305,3030769,card_addr,0.1176470588235294
16305,3011541,card_addr,0.1176470588235294
16305,3020726,card_addr,0.1176470588235294
16305,3453299,card_addr,0.1176470588235294
16305,3015512,card_addr,0.1176470588235294
16305,3470766,card_addr,0.1176470588235294
16305,3010778,card_addr,0.1176470588235294
16305,3393306,card_addr,0.1176470588235294
16305,3016380,card_addr,0.1176470588235294
16305,3011517,card_addr,0.1176470588235294
16348,3007545,card_addr,0.75
16348,3017098,card_addr,0.75
16348,3012572,card_addr,0.75
16348,3017425,card_addr,0.75
16464,3020240,card_addr,0.6666666666666666
16464,3007710,card_addr,0.6666666666666666
16464,3022599,card_addr,0.6666666666666666
16470,3007720,card_addr,0.125
16470,3021513,card_addr,0.125
16470,3224297,card_addr,0.125
16470,3219465,card_addr,0.125
16470,3338729,card_addr,0.125
16470,3363662,card_addr,0.125
16470,3291697,card_addr,0.125
16470,3224252,card_addr,0.125
16522,3028482,card_addr,0.0769230769230769
16522,3424195,card_addr,0.0769230769230769
16522,3363684,card_addr,0.0769230769230769
16522,3155207,card_addr,0.0769230769230769
16522,3459849,card_addr,0.0769230769230769
16522,3341997,card_addr,0.0769230769230769
16522,3459860,card_addr,0.0769230769230769
16522,3028501,card_addr,0.0769230769230769
16522,3087958,card_addr,0.0769230769230769
16522,3028503,card_addr,0.0769230769230769
16522,3007801,card_addr,0.0769230769230769
16522,3399770,card_addr,0.0769230769230769
16522,3396607,card_addr,0.0769230769230769
16531,3035264,card_addr,0.6470588235294118
16531,3034250,card_addr,0.6470588235294118
16531,3299468,card_addr,0.6470588235294118
16531,3030164,card_addr,0.6470588235294118
16531,3438999,card_addr,0.6470588235294118
16531,3239193,card_addr,0.6470588235294118
16531,3425661,card_addr,0.6470588235294118
16531,3263392,card_addr,0.6470588235294118
16531,3103782,card_addr,0.6470588235294118
16531,3019559,card_addr,0.6470588235294118
16531,3051817,card_addr,0.6470588235294118
16531,3013419,card_addr,0.6470588235294118
16531,3023275,card_addr,0.6470588235294118
16531,3051822,card_addr,0.6470588235294118
16531,3023282,card_addr,0.6470588235294118
16531,3051830,card_addr,0.6470588235294118
16531,3033146,card_addr,0.6470588235294118
16531,3051835,card_addr,0.6470588235294118
16531,3334075,card_addr,0.6470588235294118
16531,3344572,card_addr,0.6470588235294118
16531,3007812,card_addr,0.6470588235294118
16531,3033287,card_addr,0.6470588235294118
16531,3031497,card_addr,0.6470588235294118
16531,3339722,card_addr,0.6470588235294118
16531,3376462,card_addr,0.6470588235294118
16531,3048016,card_addr,0.6470588235294118
16531,3529553,card_addr,0.6470588235294118
16531,3082973,card_addr,0.6470588235294118
16531,3034211,card_addr,0.6470588235294118
16531,3153251,card_addr,0.6470588235294118
16531,3047920,card_addr,0.6470588235294118
16531,3053300,card_addr,0.6470588235294118
16531,3047933,card_addr,0.6470588235294118
16531,3051775,card_addr,0.6470588235294118
16614,3017861,card_addr,0.1052631578947368
16614,3020431,card_addr,0.1052631578947368
16614,3020956,card_addr,0.1052631578947368
16614,3022882,card_addr,0.1052631578947368
16614,3033380,card_addr,0.1052631578947368
16614,3019432,card_addr,0.1052631578947368
16614,3034409,card_addr,0.1052631578947368
16614,3007923,card_addr,0.1052631578947368
16614,3019444,card_addr,0.1052631578947368
16614,3019451,card_addr,0.1052631578947368
16614,3017664,card_addr,0.1052631578947368
16614,3029584,card_addr,0.1052631578947368
16614,3017562,card_addr,0.1052631578947368
16614,3013468,card_addr,0.1052631578947368
16614,3020389,card_addr,0.1052631578947368
16614,3023083,card_addr,0.1052631578947368
16614,3019505,card_addr,0.1052631578947368
16614,3019511,card_addr,0.1052631578947368
16614,3031290,card_addr,0.1052631578947368
16637,3027552,card_addr,0.8888888888888888
16637,3036673,card_addr,0.8888888888888888
16637,3014594,card_addr,0.8888888888888888
16637,3027559,card_addr,0.8888888888888888
16637,3018697,card_addr,0.8888888888888888
16637,3014610,card_addr,0.8888888888888888
16637,3007959,card_addr,0.8888888888888888
16637,3036664,card_addr,0.8888888888888888
16637,3014553,card_addr,0.8888888888888888
16661,3294849,device,0.125
16661,3073541,device,0.125
16661,3511311,device,0.125
16661,3029538,device,0.125
16661,3553704,device,0.125
16661,3029804,card_addr,0.125
16661,3554228,device,0.125
16661,3195196,device,0.125
16661,3305661,device,0.125
16661,3057601,device,0.125
16661,3305668,device,0.125
16661,3065039,device,0.125
16661,3073490,device,0.125
16661,3215955,device,0.125
16661,3215958,device,0.125
16661,3450199,device,0.125
16661,3180249,device,0.125
16661,3057625,device,0.125
16661,3073499,device,0.125
16661,3015006,card_addr,0.125
16661,3465190,device,0.125
16661,3558249,device,0.125
16661,3114105,device,0.125
16661,3007995,card_addr+device,0.125
16710,3400962,device,0.1451612903225806
16710,3459590,device,0.1451612903225806
16710,3492361,device,0.1451612903225806
16710,3275915,device,0.1451612903225806
16710,3164814,device,0.1451612903225806
16710,3398031,device,0.1451612903225806
16710,3211152,device,0.1451612903225806
16710,3042321,device,0.1451612903225806
16710,3545493,device,0.1451612903225806
16710,3443479,device,0.1451612903225806
16710,3042329,device,0.1451612903225806
16710,3114140,device,0.1451612903225806
16710,3035551,device,0.1451612903225806
16710,3035553,device,0.1451612903225806
16710,3035555,device,0.1451612903225806
16710,3555237,device,0.1451612903225806
16710,3429927,device,0.1451612903225806
16710,3361964,device,0.1451612903225806
16710,3509549,device,0.1451612903225806
16710,3355950,device,0.1451612903225806
16710,3275823,device,0.1451612903225806
16710,3124784,device,0.1451612903225806
16710,3443888,device,0.1451612903225806
16710,3518382,device,0.1451612903225806
16710,3275827,device,0.1451612903225806
16710,3495221,device,0.1451612903225806
16710,3010358,card_addr,0.1451612903225806
16710,3547451,device,0.1451612903225806
16710,3193021,device,0.1451612903225806
16710,3042368,device,0.1451612903225806
16710,3193029,device,0.1451612903225806
16710,3035462,device,0.1451612903225806
16710,3382086,device,0.1451612903225806
16710,3406151,device,0.1451612903225806
16710,3547462,device,0.1451612903225806
16710,3008074,card_addr+device,0.1451612903225806
16710,3355978,device,0.1451612903225806
16710,3314380,device,0.1451612903225806
16710,3008077,device,0.1451612903225806
16710,3355982,device,0.1451612903225806
16710,3509453,device,0.1451612903225806
16710,3448273,device,0.1451612903225806
16710,3572561,device,0.1451612903225806
16710,3035478,device,0.1451612903225806
16710,3213783,device,0.1451612903225806
16710,3437528,device,0.1451612903225806
16710,3035491,device,0.1451612903225806
16710,3039333,device,0.1451612903225806
16710,3258729,device,0.1451612903225806
16710,3035499,device,0.1451612903225806
16710,3270380,device,0.1451612903225806
16710,3258733,device,0.1451612903225806
16710,3197680,device,0.1451612903225806
16710,3270385,device,0.1451612903225806
16710,3113331,device,0.1451612903225806
16710,3258739,device,0.1451612903225806
16710,3376117,device,0.1451612903225806
16710,3270390,device,0.1451612903225806
16710,3554680,device,0.1451612903225806
16710,3273977,device,0.1451612903225806
16710,3270395,device,0.1451612903225806
16710,3401598,device,0.1451612903225806
16936,3098330,card_addr,0.3333333333333333
16936,3253285,card_addr,0.3333333333333333
16936,3008405,card_addr,0.3333333333333333
16999,3080960,card_addr,0.2777777777777778
16999,3389561,card_addr,0.2777777777777778
16999,3011165,card_addr,0.2777777777777778
16999,3376170,card_addr,0.2777777777777778
16999,3008491,card_addr,0.2777777777777778
16999,3572301,card_addr,0.2777777777777778
16999,3377776,card_addr,0.2777777777777778
16999,3037265,card_addr,0.2777777777777778
16999,3037330,card_addr,0.2777777777777778
16999,3484530,card_addr,0.2777777777777778
16999,3467198,card_addr,0.2777777777777778
16999,3457623,card_addr,0.2777777777777778
16999,3377880,card_addr,0.2777777777777778
16999,3199673,card_addr,0.2777777777777778
16999,3285722,card_addr,0.2777777777777778
16999,3014877,card_addr,0.2777777777777778
16999,3377790,card_addr,0.2777777777777778
16999,3376063,card_addr,0.2777777777777778
17027,3206086,card_addr,0.1666666666666666
17027,3351526,card_addr,0.1666666666666666
17027,3174318,card_addr,0.1666666666666666
17027,3073073,card_addr,0.1666666666666666
17027,3100178,card_addr,0.1666666666666666
17027,3008536,card_addr,0.1666666666666666
17105,3013540,card_addr,0.2
17105,3022086,card_addr,0.2
17105,3009007,card_addr,0.2
17105,3008659,card_addr,0.2
17105,3034612,card_addr,0.2
17144,3382529,card_addr,0.1818181818181818
17144,3390476,card_addr,0.1818181818181818
17144,3488672,card_addr,0.1818181818181818
17144,3245223,card_addr,0.1818181818181818
17144,3503400,card_addr,0.1818181818181818
17144,3379497,card_addr,0.1818181818181818
17144,3420461,card_addr,0.1818181818181818
17144,3287472,card_addr,0.1818181818181818
17144,3079861,card_addr,0.1818181818181818
17144,3379769,card_addr,0.1818181818181818
17144,3405757,card_addr,0.1818181818181818
17144,3503556,card_addr,0.1818181818181818
17144,3382085,card_addr,0.1818181818181818
17144,3008711,card_addr,0.1818181818181818
17144,3462983,card_addr,0.1818181818181818
17144,3503562,card_addr,0.1818181818181818
17144,3452877,card_addr,0.1818181818181818
17144,3369169,card_addr,0.1818181818181818
17144,3391826,card_addr,0.1818181818181818
17144,3452882,card_addr,0.1818181818181818
17144,3063765,card_addr,0.1818181818181818
17144,3473366,card_addr,0.1818181818181818
17144,3212377,card_addr,0.1818181818181818
17144,3368412,card_addr,0.1818181818181818
17144,3368413,card_addr,0.1818181818181818
17144,3268446,card_addr,0.1818181818181818
17144,3368416,card_addr,0.1818181818181818
17144,3071073,card_addr,0.1818181818181818
17144,3368421,card_addr,0.1818181818181818
17144,3368423,card_addr,0.1818181818181818
17144,3080680,card_addr,0.1818181818181818
17144,3368427,card_addr,0.1818181818181818
17144,3382523,card_addr,0.1818181818181818
17155,3466202,card_addr,0.25
17155,3020936,card_addr,0.25
17155,3009452,card_addr,0.25
17155,3020910,card_addr,0.25
17155,3014968,card_addr,0.25
17155,3009018,card_addr,0.25
17155,3009467,card_addr,0.25
17155,3008735,card_addr,0.25
17351,3009160,card_addr,1.0
17351,3009162,card_addr,1.0
17351,3022189,card_addr,1.0
17351,3009041,card_addr,1.0
17351,3022194,card_addr,1.0
17351,3009046,card_addr,1.0
17351,3009051,card_addr,1.0
17370,3023907,card_addr,0.5384615384615384
17370,3024127,card_addr,0.5384615384615384
17370,3162115,card_addr,0.5384615384615384
17370,3076936,card_addr,0.5384615384615384
17370,3359784,card_addr,0.5384615384615384
17370,3051243,card_addr,0.5384615384615384
17370,3373743,card_addr,0.5384615384615384
17370,3009073,card_addr,0.5384615384615384
17370,3277268,card_addr,0.5384615384615384
17370,3369173,card_addr,0.5384615384615384
17370,3480568,card_addr,0.5384615384615384
17370,3028092,card_addr,0.5384615384615384
17370,3028031,card_addr,0.5384615384615384
17410,3027650,card_addr,0.4444444444444444
17410,3308069,card_addr,0.4444444444444444
17410,3387078,card_addr,0.4444444444444444
17410,3009130,card_addr,0.4444444444444444
17410,3027628,card_addr,0.4444444444444444
17410,3277997,card_addr,0.4444444444444444
17410,3040238,card_addr,0.4444444444444444
17410,3327790,card_addr,0.4444444444444444
17410,3371118,card_addr,0.4444444444444444
17410,3371213,card_addr,0.4444444444444444
17410,3374450,card_addr,0.4444444444444444
17410,3379282,card_addr,0.4444444444444444
17410,3301780,card_addr,0.4444444444444444
17410,3062933,card_addr,0.4444444444444444
17410,3471023,card_addr,0.4444444444444444
17410,3036823,card_addr,0.4444444444444444
17410,3301725,card_addr,0.4444444444444444
17410,3376958,card_addr,0.4444444444444444
17417,3009144,card_addr,0.3333333333333333
17417,3014700,card_addr,0.3333333333333333
17417,3011919,card_addr,0.3333333333333333
17488,3107078,card_addr,0.1153846153846153
17488,3141127,card_addr,0.1153846153846153
17488,3518350,card_addr,0.1153846153846153
17488,3370129,card_addr,0.1153846153846153
17488,3398424,card_addr,0.1153846153846153
17488,3286936,card_addr,0.1153846153846153
17488,3141914,card_addr,0.1153846153846153
17488,3046812,card_addr,0.1153846153846153
17488,3349020,card_addr,0.1153846153846153
17488,3573661,card_addr,0.1153846153846153
17488,3493801,card_addr,0.1153846153846153
17488,3073966,card_addr,0.1153846153846153
17488,3267762,card_addr,0.1153846153846153
17488,3013692,card_addr,0.1153846153846153
17488,3403068,card_addr,0.1153846153846153
17488,3159876,card_addr,0.1153846153846153
17488,3242961,card_addr,0.1153846153846153
17488,3399256,card_addr,0.1153846153846153
17488,3009243,card_addr,0.1153846153846153
17488,3201628,card_addr,0.1153846153846153
17488,3203041,card_addr,0.1153846153846153
17488,3357284,card_addr,0.1153846153846153
17488,3178605,card_addr,0.1153846153846153
17488,3481717,card_addr,0.1153846153846153
17488,3401214,card_addr,0.1153846153846153
17488,3135359,card_addr,0.1153846153846153
17573,3182213,card_addr,0.6818181818181818
17573,3132809,card_addr,0.6818181818181818
17573,3035275,card_addr,0.6818181818181818
17573,3452695,card_addr,0.6818181818181818
17573,3506328,card_addr,0.6818181818181818
17573,3503782,card_addr,0.6818181818181818
17573,3195943,card_addr,0.6818181818181818
17573,3433902,card_addr,0.6818181818181818
17573,3424049,card_addr,0.6818181818181818
17573,3456185,card_addr,0.6818181818181818
17573,3450684,card_addr,0.6818181818181818
17573,3456190,card_addr,0.6818181818181818
17573,3448773,card_addr,0.6818181818181818
17573,3446345,card_addr,0.6818181818181818
17573,3530453,card_addr,0.6818181818181818
17573,3009367,card_addr,0.6818181818181818
17573,3421416,card_addr,0.6818181818181818
17573,3455336,card_addr,0.6818181818181818
17573,3419754,card_addr,0.6818181818181818
17573,3425784,card_addr,0.6818181818181818
17573,3100669,card_addr,0.6818181818181818
17573,3142782,card_addr,0.6818181818181818
17593,3108832,card_addr,0.8666666666666667
17593,3112196,card_addr,0.8666666666666667
17593,3010341,card_addr,0.8666666666666667
17593,3010406,card_addr,0.8666666666666667
17593,3013350,card_addr,0.8666666666666667
17593,3109093,card_addr,0.8666666666666667
17593,3109222,card_addr,0.8666666666666667
17593,3120613,card_addr,0.8666666666666667
17593,3090763,card_addr,0.8666666666666667
17593,3256617,card_addr,0.8666666666666667
17593,3274861,card_addr,0.8666666666666667
17593,3120595,card_addr,0.8666666666666667
17593,3109109,card_addr,0.8666666666666667
17593,3009398,card_addr,0.8666666666666667
17593,3112213,card_addr,0.8666666666666667
17763,3030023,card_addr,0.1
17763,3346795,card_addr,0.1
17763,3097391,card_addr,0.1
17763,3457394,card_addr,0.1
17763,3125845,card_addr,0.1
17763,3160790,card_addr,0.1
17763,3009654,card_addr,0.1
17763,3198968,card_addr,0.1
17763,3453557,card_addr,0.1
17763,3344250,card_addr,0.1
17774,3395328,card_addr,0.0821917808219178
17774,3438593,card_addr,0.0821917808219178
17774,3304450,card_addr,0.0821917808219178
17774,3488088,card_addr,0.0821917808219178
17774,3009668,card_addr,0.0821917808219178
17774,3194116,card_addr,0.0821917808219178
17774,3463172,card_addr,0.0821917808219178
17774,3533398,card_addr,0.0821917808219178
17774,3515787,card_addr,0.0821917808219178
17774,3505548,card_addr,0.0821917808219178
17774,3351182,card_addr,0.0821917808219178
17774,3457422,card_addr,0.0821917808219178
17774,3011987,card_addr,0.0821917808219178
17774,3322776,card_addr,0.0821917808219178
17774,3322777,card_addr,0.0821917808219178
17774,3356570,card_addr,0.0821917808219178
17774,3352987,card_addr,0.0821917808219178
17774,3294364,card_addr,0.0821917808219178
17774,3390876,card_addr,0.0821917808219178
17774,3259806,card_addr,0.0821917808219178
17774,3516827,card_addr,0.0821917808219178
17774,3322784,card_addr,0.0821917808219178
17774,3322787,card_addr,0.0821917808219178
17774,3357605,card_addr,0.0821917808219178
17774,3573030,card_addr,0.0821917808219178
17774,3184168,card_addr,0.0821917808219178
17774,3417001,card_addr,0.0821917808219178
17774,3510697,card_addr,0.0821917808219178
17774,3339821,card_addr,0.0821917808219178
17774,3127855,card_addr,0.0821917808219178
17774,3462831,card_addr,0.0821917808219178
17774,3493552,card_addr,0.0821917808219178
17774,3317810,card_addr,0.0821917808219178
17774,3434293,card_addr,0.0821917808219178
17774,3147446,card_addr,0.0821917808219178
17774,3262396,card_addr,0.0821917808219178
17774,3317822,card_addr,0.0821917808219178
17774,3177663,card_addr,0.0821917808219178
17774,3542335,card_addr,0.0821917808219178
17774,3475653,card_addr,0.0821917808219178
17774,3188038,card_addr,0.0821917808219178
17774,3203655,card_addr,0.0821917808219178
17774,3218247,card_addr,0.0821917808219178
17774,3250889,card_addr,0.0821917808219178
17774,3429830,card_addr,0.0821917808219178
17774,3461319,card_addr,0.0821917808219178
17774,3557961,card_addr,0.0821917808219178
17774,3074774,card_addr,0.0821917808219178
17774,3103063,card_addr,0.0821917808219178
17774,3143384,card_addr,0.0821917808219178
17774,3184601,card_addr,0.0821917808219178
17774,3224150,card_addr,0.0821917808219178
17774,3135707,card_addr,0.0821917808219178
17774,3015259,card_addr,0.0821917808219178
17774,3279702,card_addr,0.0821917808219178
17774,3353564,card_addr,0.0821917808219178
17774,3460694,card_addr,0.0821917808219178
17774,3460700,card_addr,0.0821917808219178
17774,3456865,card_addr,0.0821917808219178
17774,3140194,card_addr,0.0821917808219178
17774,3558114,card_addr,0.0821917808219178
17774,3560677,card_addr,0.0821917808219178
17774,3274342,card_addr,0.0821917808219178
17774,3567976,card_addr,0.0821917808219178
17774,3180781,card_addr,0.0821917808219178
17774,3258477,card_addr,0.0821917808219178
17774,3500910,card_addr,0.0821917808219178
17774,3572205,card_addr,0.0821917808219178
17774,3140467,card_addr,0.0821917808219178
17774,3259763,card_addr,0.0821917808219178
17774,3461366,card_addr,0.0821917808219178
17774,3545465,card_addr,0.0821917808219178
17774,3022974,card_addr,0.0821917808219178
17849,3432294,card_addr,0.4
17849,3196362,card_addr,0.4
17849,3196558,card_addr,0.4
17849,3009776,card_addr,0.4
17849,3236950,card_addr,0.4
17860,3075458,card_addr,0.0789473684210526
17860,3009795,card_addr,0.0789473684210526
17860,3144965,card_addr,0.0789473684210526
17860,3124231,card_addr,0.0789473684210526
17860,3418251,card_addr,0.0789473684210526
17860,3561361,card_addr,0.0789473684210526
17860,3148819,card_addr,0.0789473684210526
17860,3148822,card_addr,0.0789473684210526
17860,3496732,card_addr,0.0789473684210526
17860,3148830,card_addr,0.0789473684210526
17860,3181727,card_addr,0.0789473684210526
17860,3302822,card_addr,0.0789473684210526
17860,3333802,card_addr,0.0789473684210526
17860,3161259,card_addr,0.0789473684210526
17860,3181744,card_addr,0.0789473684210526
17860,3403826,card_addr,0.0789473684210526
17860,3333824,card_addr,0.0789473684210526
17860,3422144,card_addr,0.0789473684210526
17860,3393477,card_addr,0.0789473684210526
17860,3160390,card_addr,0.0789473684210526
17860,3166406,card_addr,0.0789473684210526
17860,3404102,card_addr,0.0789473684210526
17860,3410119,card_addr,0.0789473684210526
17860,3574215,card_addr,0.0789473684210526
17860,3351372,card_addr,0.0789473684210526
17860,3136589,card_addr,0.0789473684210526
17860,3236174,card_addr,0.0789473684210526
17860,3445070,card_addr,0.0789473684210526
17860,3561560,card_addr,0.0789473684210526
17860,3189211,card_addr,0.0789473684210526
17860,3378141,card_addr,0.0789473684210526
17860,3571301,card_addr,0.0789473684210526
17860,3453559,card_addr,0.0789473684210526
17860,3396840,card_addr,0.0789473684210526
17860,3182960,card_addr,0.0789473684210526
17860,3426928,card_addr,0.0789473684210526
17860,3181683,card_addr,0.0789473684210526
17860,3320823,card_addr,0.0789473684210526
18024,3029766,card_addr,0.1864406779661017
18024,3013639,card_addr,0.1864406779661017
18024,3359497,device,0.1864406779661017
18024,3010059,card_addr,0.1864406779661017
18024,3033612,card_addr,0.1864406779661017
18024,3034640,card_addr,0.1864406779661017
18024,3345554,card_addr,0.1864406779661017
18024,3022995,card_addr,0.1864406779661017
18024,3375383,device,0.1864406779661017
18024,3381784,device,0.1864406779661017
18024,3479576,device,0.1864406779661017
18024,3353245,device,0.1864406779661017
18024,3034654,card_addr,0.1864406779661017
18024,3023263,device,0.1864406779661017
18024,3381790,device,0.1864406779661017
18024,3381794,device,0.1864406779661017
18024,3353255,device,0.1864406779661017
18024,3035432,device,0.1864406779661017
18024,3217577,device,0.1864406779661017
18024,3545897,device,0.1864406779661017
18024,3353261,device,0.1864406779661017
18024,3034670,card_addr,0.1864406779661017
18024,3217582,device,0.1864406779661017
18024,3016881,card_addr+device,0.1864406779661017
18024,3019185,card_addr,0.1864406779661017
18024,3029809,card_addr,0.1864406779661017
18024,3010873,card_addr,0.1864406779661017
18024,3359547,device,0.1864406779661017
18024,3035452,card_addr,0.1864406779661017
18024,3022659,card_addr,0.1864406779661017
18024,3015492,device,0.1864406779661017
18024,3250117,device,0.1864406779661017
18024,3029702,card_addr,0.1864406779661017
18024,3217608,device,0.1864406779661017
18024,3063369,device,0.1864406779661017
18024,3022538,card_addr,0.1864406779661017
18024,3381832,device,0.1864406779661017
18024,3427402,device,0.1864406779661017
18024,3208269,device,0.1864406779661017
18024,3510780,device,0.1864406779661017
18024,3402877,device,0.1864406779661017
18024,3029718,card_addr,0.1864406779661017
18024,3427415,device,0.1864406779661017
18024,3120984,device,0.1864406779661017
18024,3015530,device,0.1864406779661017
18024,3333610,device,0.1864406779661017
18024,3510777,device,0.1864406779661017
18024,3441775,card_addr,0.1864406779661017
18024,3122159,device,0.1864406779661017
18024,3342063,device,0.1864406779661017
18024,3032434,card_addr,0.1864406779661017
18024,3029747,card_addr,0.1864406779661017
18024,3015540,device,0.1864406779661017
18024,3513456,device,0.1864406779661017
18024,3513461,device,0.1864406779661017
18024,3031417,device,0.1864406779661017
18024,3031420,device,0.1864406779661017
18024,3029757,card_addr,0.1864406779661017
18024,3510782,device,0.1864406779661017
18043,3423750,card_addr,0.1428571428571428
18043,3063840,card_addr,0.1428571428571428
18043,3575330,device,0.1428571428571428
18043,3010083,card_addr,0.1428571428571428
18043,3148834,card_addr,0.1428571428571428
18043,3111971,card_addr,0.1428571428571428
18043,3407396,card_addr,0.1428571428571428
18043,3368489,card_addr,0.1428571428571428
18043,3207725,card_addr,0.1428571428571428
18043,3568691,card_addr+device,0.1428571428571428
18043,3568694,card_addr+device,0.1428571428571428
18043,3055165,card_addr,0.1428571428571428
18043,3383358,card_addr,0.1428571428571428
18043,3572799,card_addr,0.1428571428571428
18043,3207743,card_addr,0.1428571428571428
18043,3444302,card_addr,0.1428571428571428
18043,3415122,card_addr,0.1428571428571428
18043,3207766,card_addr,0.1428571428571428
18043,3125351,card_addr,0.1428571428571428
18043,3207783,card_addr,0.1428571428571428
18043,3098731,card_addr,0.1428571428571428
18043,3383404,card_addr,0.1428571428571428
18043,3369581,card_addr,0.1428571428571428
18043,3227246,card_addr,0.1428571428571428
18043,3260536,card_addr,0.1428571428571428
18043,3379843,card_addr,0.1428571428571428
18043,3028615,card_addr,0.1428571428571428
18043,3276942,card_addr,0.1428571428571428
18043,3254929,card_addr,0.1428571428571428
18043,3262097,card_addr,0.1428571428571428
18043,3262101,card_addr,0.1428571428571428
18043,3262103,card_addr,0.1428571428571428
18043,3360932,card_addr,0.1428571428571428
18043,3564198,card_addr+device,0.1428571428571428
18043,3418285,card_addr,0.1428571428571428
18043,3500217,card_addr,0.1428571428571428
18043,3014331,card_addr,0.1428571428571428
18043,3207867,card_addr,0.1428571428571428
18043,3262654,card_addr,0.1428571428571428
18043,3416766,card_addr,0.1428571428571428
18043,3190483,card_addr,0.1428571428571428
18043,3474645,card_addr,0.1428571428571428
18043,3201240,card_addr,0.1428571428571428
18043,3560162,card_addr+device,0.1428571428571428
18043,3560165,device,0.1428571428571428
18043,3361509,card_addr,0.1428571428571428
18043,3560171,card_addr+device,0.1428571428571428
18043,3193589,card_addr,0.1428571428571428
18043,3157241,card_addr,0.1428571428571428
18043,3226876,card_addr,0.1428571428571428
18043,3332356,card_addr,0.1428571428571428
18043,3532058,card_addr,0.1428571428571428
18043,3489564,card_addr,0.1428571428571428
18043,3095325,card_addr,0.1428571428571428
18043,3187498,card_addr,0.1428571428571428
18043,3493675,card_addr,0.1428571428571428
18043,3071292,card_addr,0.1428571428571428
18043,3095373,card_addr,0.1428571428571428
18043,3158356,card_addr,0.1428571428571428
18043,3431253,card_addr,0.1428571428571428
18043,3100539,card_addr,0.1428571428571428
18043,3377025,card_addr,0.1428571428571428
18043,3195793,card_addr,0.1428571428571428
18043,3306386,card_addr,0.1428571428571428
18043,3384235,card_addr,0.1428571428571428
18043,3193264,card_addr,0.1428571428571428
18043,3563962,card_addr,0.1428571428571428
18043,3260348,card_addr,0.1428571428571428
18043,3065792,card_addr,0.1428571428571428
18043,3188680,card_addr,0.1428571428571428
18043,3567056,card_addr,0.1428571428571428
18043,3012565,card_addr,0.1428571428571428
18043,3538397,card_addr,0.1428571428571428
18043,3206625,card_addr,0.1428571428571428
18043,3396070,card_addr,0.1428571428571428
18043,3574765,card_addr,0.1428571428571428
18043,3318265,card_addr,0.1428571428571428
18103,3509121,card_addr,0.375
18103,3506626,card_addr,0.375
18103,3533409,card_addr,0.375
18103,3062034,card_addr,0.375
18103,3359763,card_addr,0.375
18103,3511864,card_addr,0.375
18103,3090617,card_addr,0.375
18103,3010172,card_addr,0.375
18134,3380066,card_addr,0.6875
18134,3010211,card_addr,0.6875
18134,3380613,card_addr,0.6875
18134,3387270,card_addr,0.6875
18134,3383912,card_addr,0.6875
18134,3376683,card_addr,0.6875
18134,3231020,card_addr,0.6875
18134,3368460,card_addr,0.6875
18134,3415148,card_addr,0.6875
18134,3422798,card_addr,0.6875
18134,3230128,card_addr,0.6875
18134,3175698,card_addr,0.6875
18134,3387251,card_addr,0.6875
18134,3379510,card_addr,0.6875
18134,3175704,card_addr,0.6875
18134,3383676,card_addr,0.6875
18174,3479109,card_addr,0.8333333333333334
18174,3479148,card_addr,0.8333333333333334
18174,3477902,card_addr,0.8333333333333334
18174,3479089,card_addr,0.8333333333333334
18174,3500626,card_addr,0.8333333333333334
18174,3010266,card_addr,0.8333333333333334
18263,3010401,card_addr,0.1818181818181818
18263,3293953,card_addr,0.1818181818181818
18263,3408865,card_addr,0.1818181818181818
18263,3499620,card_addr,0.1818181818181818
18263,3397373,card_addr,0.1818181818181818
18263,3085102,card_addr,0.1818181818181818
18263,3205520,card_addr,0.1818181818181818
18263,3014265,card_addr,0.1818181818181818
18263,3033340,card_addr,0.1818181818181818
18263,3012253,card_addr,0.1818181818181818
18263,3499614,card_addr,0.1818181818181818
18376,3184641,device,0.1333333333333333
18376,3034562,card_addr,0.1333333333333333
18376,3471490,device,0.1333333333333333
18376,3184647,device,0.1333333333333333
18376,3184778,device,0.1333333333333333
18376,3020523,card_addr,0.1333333333333333
18376,3283067,device,0.1333333333333333
18376,3184653,device,0.1333333333333333
18376,3258736,device,0.1333333333333333
18376,3036818,card_addr,0.1333333333333333
18376,3433650,device,0.1333333333333333
18376,3449811,device,0.1333333333333333
18376,3020505,card_addr,0.1333333333333333
18376,3336218,device,0.1333333333333333
18376,3010587,card_addr+device,0.1333333333333333
18410,3575809,card_addr,0.2857142857142857
18410,3449349,card_addr,0.2857142857142857
18410,3221004,card_addr,0.2857142857142857
18410,3311633,card_addr,0.2857142857142857
18410,3451923,card_addr,0.2857142857142857
18410,3263514,card_addr,0.2857142857142857
18410,3188257,card_addr,0.2857142857142857
18410,3281444,card_addr,0.2857142857142857
18410,3253286,card_addr,0.2857142857142857
18410,3121704,card_addr,0.2857142857142857
18410,3324458,card_addr,0.2857142857142857
18410,3285035,card_addr,0.2857142857142857
18410,3138609,card_addr,0.2857142857142857
18410,3169330,card_addr,0.2857142857142857
18410,3449393,card_addr,0.2857142857142857
18410,3449403,card_addr,0.2857142857142857
18410,3324483,card_addr,0.2857142857142857
18410,3023946,card_addr,0.2857142857142857
18410,3010649,card_addr,0.2857142857142857
18410,3324510,card_addr,0.2857142857142857
18410,3053664,card_addr,0.2857142857142857
18410,3275364,card_addr,0.2857142857142857
18410,3323515,card_addr,0.2857142857142857
18410,3217531,card_addr,0.2857142857142857
18410,3166848,card_addr,0.2857142857142857
18410,3133069,card_addr,0.2857142857142857
18410,3375764,card_addr,0.2857142857142857
18410,3435670,card_addr,0.2857142857142857
18410,3333282,card_addr,0.2857142857142857
18410,3122855,card_addr,0.2857142857142857
18410,3455150,card_addr,0.2857142857142857
18410,3277999,card_addr,0.2857142857142857
18410,3322553,card_addr,0.2857142857142857
18410,3313852,card_addr,0.2857142857142857
18410,3477184,card_addr,0.2857142857142857
18410,3299528,card_addr,0.2857142857142857
18410,3402444,card_addr,0.2857142857142857
18410,3357389,card_addr,0.2857142857142857
18410,3278043,card_addr,0.2857142857142857
18410,3357915,card_addr,0.2857142857142857
18410,3115230,card_addr,0.2857142857142857
18410,3277541,card_addr,0.2857142857142857
18410,3375342,card_addr,0.2857142857142857
18410,3032824,card_addr,0.2857142857142857
18410,3527929,card_addr,0.2857142857142857
18410,3283711,card_addr,0.2857142857142857
18410,3266816,card_addr,0.2857142857142857
18410,3277594,card_addr,0.2857142857142857
18410,3123998,card_addr,0.2857142857142857
18410,3279647,card_addr,0.2857142857142857
18410,3524894,card_addr,0.2857142857142857
18410,3313957,card_addr,0.2857142857142857
18410,3268903,card_addr,0.2857142857142857
18410,3361069,card_addr,0.2857142857142857
18410,3223854,card_addr,0.2857142857142857
18410,3289902,card_addr,0.2857142857142857
18410,3223856,card_addr,0.2857142857142857
18410,3154741,card_addr,0.2857142857142857
18410,3110716,card_addr,0.2857142857142857
18410,3260220,card_addr,0.2857142857142857
18410,3337021,card_addr,0.2857142857142857
18410,3044166,card_addr,0.2857142857142857
18410,3290952,card_addr,0.2857142857142857
18410,3260239,card_addr,0.2857142857142857
18410,3222361,card_addr,0.2857142857142857
18410,3274075,card_addr,0.2857142857142857
18410,3286880,card_addr,0.2857142857142857
18410,3150189,card_addr,0.2857142857142857
18410,3256177,card_addr,0.2857142857142857
18410,3293047,card_addr,0.2857142857142857
18410,3030905,card_addr,0.2857142857142857
18410,3449210,card_addr,0.2857142857142857
18410,3274619,card_addr,0.2857142857142857
18410,3101059,card_addr,0.2857142857142857
18410,3430790,card_addr,0.2857142857142857
18410,3366806,card_addr,0.2857142857142857
18410,3254177,card_addr,0.2857142857142857
18410,3496357,card_addr,0.2857142857142857
18410,3164595,card_addr,0.2857142857142857
18410,3110836,card_addr,0.2857142857142857
18410,3214777,card_addr,0.2857142857142857
18410,3280313,card_addr,0.2857142857142857
18410,3298749,card_addr,0.2857142857142857
18410,3296709,card_addr,0.2857142857142857
18410,3282902,card_addr,0.2857142857142857
18410,3291611,card_addr,0.2857142857142857
18410,3523045,card_addr,0.2857142857142857
18410,3295723,card_addr,0.2857142857142857
18410,3450861,card_addr,0.2857142857142857
18410,3298299,card_addr,0.2857142857142857
18410,3144703,card_addr,0.2857142857142857
18421,3130627,card_addr,0.08
18421,3152131,card_addr,0.08
18421,3162123,card_addr,0.08
18421,3424911,card_addr,0.08
18421,3085456,card_addr,0.08
18421,3145364,card_addr,0.08
18421,3554712,card_addr,0.08
18421,3036185,card_addr,0.08
18421,3168794,card_addr,0.08
18421,3226137,card_addr,0.08
18421,3151772,card_addr,0.08
18421,3363102,card_addr,0.08
18421,3145511,card_addr,0.08
18421,3514421,card_addr,0.08
18421,3295681,card_addr,0.08
18421,3071682,card_addr,0.08
18421,3038159,card_addr,0.08
18421,3168720,card_addr,0.08
18421,3054291,card_addr,0.08
18421,3028571,card_addr,0.08
18421,3086058,card_addr,0.08
18421,3219438,card_addr,0.08
18421,3010672,card_addr,0.08
18421,3165427,card_addr,0.08
18421,3184757,card_addr,0.08
18476,3036224,card_addr,0.3333333333333333
18476,3010754,card_addr,0.3333333333333333
18476,3017751,card_addr,0.3333333333333333
18504,3010882,card_addr,0.1111111111111111
18504,3018851,card_addr,0.1111111111111111
18504,3010788,card_addr,0.1111111111111111
18504,3020099,card_addr,0.1111111111111111
18504,3015590,card_addr,0.1111111111111111
18504,3013322,card_addr,0.1111111111111111
18504,3035339,card_addr,0.1111111111111111
18504,3022704,card_addr,0.1111111111111111
18504,3028185,card_addr,0.1111111111111111
18539,3010880,card_addr,0.2857142857142857
18539,3017795,card_addr,0.2857142857142857
18539,3018999,card_addr,0.2857142857142857
18539,3015441,card_addr,0.2857142857142857
18539,3010871,card_addr,0.2857142857142857
18539,3010842,card_addr,0.2857142857142857
18539,3015451,card_addr,0.2857142857142857
18565,3061769,card_addr,0.3333333333333333
18565,3163434,card_addr,0.3333333333333333
18565,3010883,card_addr,0.3333333333333333
18574,3267552,card_addr,0.0769230769230769
18574,3192130,card_addr,0.0769230769230769
18574,3469159,card_addr,0.0769230769230769
18574,3045643,card_addr,0.0769230769230769
18574,3271180,card_addr,0.0769230769230769
18574,3136047,card_addr,0.0769230769230769
18574,3315537,card_addr,0.0769230769230769
18574,3010899,card_addr,0.0769230769230769
18574,3316150,card_addr,0.0769230769230769
18574,3194298,card_addr,0.0769230769230769
18574,3526428,card_addr,0.0769230769230769
18574,3243166,card_addr,0.0769230769230769
18574,3262495,card_addr,0.0769230769230769
18577,3565667,card_addr,0.3
18577,3157414,card_addr,0.3
18577,3028330,card_addr,0.3
18577,3259149,card_addr,0.3
18577,3514671,card_addr,0.3
18577,3157392,card_addr,0.3
18577,3016404,card_addr,0.3
18577,3035956,card_addr,0.3
18577,3351028,card_addr,0.3
18577,3010905,card_addr,0.3
18676,3527301,card_addr,0.4285714285714285
18676,3319303,card_addr,0.4285714285714285
18676,3319308,card_addr,0.4285714285714285
18676,3495122,card_addr,0.4285714285714285
18676,3529459,card_addr,0.4285714285714285
18676,3410645,card_addr,0.4285714285714285
18676,3011066,card_addr,0.4285714285714285
18713,3532547,card_addr,0.0833333333333333
18713,3537413,card_addr,0.0833333333333333
18713,3318342,card_addr,0.0833333333333333
18713,3392927,card_addr,0.0833333333333333
18713,3274570,card_addr,0.0833333333333333
18713,3210445,card_addr,0.0833333333333333
18713,3011122,card_addr,0.0833333333333333
18713,3364242,card_addr,0.0833333333333333
18713,3016885,card_addr,0.0833333333333333
18713,3456344,card_addr,0.0833333333333333
18713,3364378,card_addr,0.0833333333333333
18713,3201535,card_addr,0.0833333333333333
18717,3538178,card_addr,0.1714285714285714
18717,3142916,card_addr+device,0.1714285714285714
18717,3408134,card_addr,0.1714285714285714
18717,3356551,card_addr,0.1714285714285714
18717,3166730,card_addr,0.1714285714285714
18717,3063313,card_addr,0.1714285714285714
18717,3341457,card_addr,0.1714285714285714
18717,3031829,card_addr,0.1714285714285714
18717,3456534,card_addr,0.1714285714285714
18717,3073818,card_addr,0.1714285714285714
18717,3031964,card_addr,0.1714285714285714
18717,3125540,card_addr,0.1714285714285714
18717,3341477,card_addr,0.1714285714285714
18717,3292199,card_addr,0.1714285714285714
18717,3372967,card_addr,0.1714285714285714
18717,3025580,card_addr,0.1714285714285714
18717,3076527,card_addr,0.1714285714285714
18717,3030581,card_addr,0.1714285714285714
18717,3088441,card_addr,0.1714285714285714
18717,3011130,card_addr,0.1714285714285714
18717,3218496,card_addr,0.1714285714285714
18717,3030722,card_addr,0.1714285714285714
18717,3144386,device,0.1714285714285714
18717,3355973,card_addr,0.1714285714285714
18717,3073734,card_addr,0.1714285714285714
18717,3063111,card_addr,0.1714285714285714
18717,3325640,card_addr,0.1714285714285714
18717,3055440,card_addr,0.1714285714285714
18717,3029971,card_addr,0.1714285714285714
18717,3141987,card_addr+device,0.1714285714285714
18717,3292260,card_addr,0.1714285714285714
18717,3447781,card_addr,0.1714285714285714
18717,3297002,card_addr,0.1714285714285714
18717,3030381,card_addr,0.1714285714285714
18717,3294577,card_addr,0.1714285714285714
18727,3100805,card_addr,0.2258064516129032
18727,3229576,card_addr,0.2258064516129032
18727,3229579,card_addr,0.2258064516129032
18727,3409803,card_addr,0.2258064516129032
18727,3318030,card_addr,0.2258064516129032
18727,3409814,card_addr,0.2258064516129032
18727,3086103,card_addr,0.2258064516129032
18727,3318172,card_addr,0.2258064516129032
18727,3409828,card_addr,0.2258064516129032
18727,3075763,card_addr,0.2258064516129032
18727,3134647,card_addr,0.2258064516129032
18727,3318075,card_addr,0.2258064516129032
18727,3354427,card_addr,0.2258064516129032
18727,3527230,card_addr,0.2258064516129032
18727,3054017,card_addr,0.2258064516129032
18727,3011141,card_addr,0.2258064516129032
18727,3140806,card_addr,0.2258064516129032
18727,3317959,card_addr,0.2258064516129032
18727,3318088,card_addr,0.2258064516129032
18727,3092175,card_addr,0.2258064516129032
18727,3140816,card_addr,0.2258064516129032
18727,3317977,card_addr,0.2258064516129032
18727,3358425,card_addr,0.2258064516129032
18727,3040478,card_addr,0.2258064516129032
18727,3140831,card_addr,0.2258064516129032
18727,3457120,card_addr,0.2258064516129032
18727,3320933,card_addr,0.2258064516129032
18727,3330662,card_addr,0.2258064516129032
18727,3140840,card_addr,0.2258064516129032
18727,3111540,card_addr,0.2258064516129032
18727,3422460,card_addr,0.2258064516129032
18734,3113226,card_addr,0.4482758620689655
18734,3143445,card_addr,0.4482758620689655
18734,3174552,card_addr,0.4482758620689655
18734,3143456,card_addr,0.4482758620689655
18734,3380516,card_addr,0.4482758620689655
18734,3289768,card_addr,0.4482758620689655
18734,3122731,card_addr,0.4482758620689655
18734,3575218,card_addr,0.4482758620689655
18734,3382581,card_addr,0.4482758620689655
18734,3569846,card_addr,0.4482758620689655
18734,3574071,card_addr,0.4482758620689655
18734,3380408,card_addr,0.4482758620689655
18734,3569850,card_addr,0.4482758620689655
18734,3382597,card_addr,0.4482758620689655
18734,3408458,card_addr,0.4482758620689655
18734,3011151,card_addr,0.4482758620689655
18734,3457620,card_addr,0.4482758620689655
18734,3408478,card_addr,0.4482758620689655
18734,3501547,card_addr,0.4482758620689655
18734,3081068,card_addr,0.4482758620689655
18734,3533293,card_addr,0.4482758620689655
18734,3383151,card_addr,0.4482758620689655
18734,3382000,card_addr,0.4482758620689655
18734,3384304,card_addr,0.4482758620689655
18734,3186674,card_addr,0.4482758620689655
18734,3393523,card_addr,0.4482758620689655
18734,3533305,card_addr,0.4482758620689655
18734,3380474,card_addr,0.4482758620689655
18734,3393404,card_addr,0.4482758620689655
18764,3011201,card_addr,0.1
18764,3088005,card_addr+device,0.1
18764,3237893,card_addr,0.1
18764,3415941,card_addr,0.1
18764,3460742,card_addr,0.1
18764,3290261,card_addr,0.1
18764,3290262,card_addr,0.1
18764,3166104,card_addr,0.1
18764,3011226,card_addr,0.1
18764,3077276,card_addr,0.1
18764,3142048,card_addr,0.1
18764,3541408,card_addr,0.1
18764,3541418,card_addr,0.1
18764,3042478,card_addr,0.1
18764,3212990,card_addr,0.1
18764,3076290,card_addr,0.1
18764,3571911,card_addr,0.1
18764,3092552,card_addr,0.1
18764,3264461,card_addr,0.1
18764,3571920,card_addr,0.1
18764,3369683,card_addr,0.1
18764,3509850,card_addr,0.1
18764,3381211,card_addr,0.1
18764,3270749,card_addr,0.1
18764,3237858,card_addr,0.1
18764,3266800,card_addr,0.1
18764,3247862,card_addr,0.1
18764,3039862,device,0.1
18764,3039864,device,0.1
18764,3421306,card_addr,0.1
18791,3379845,card_addr,0.1081081081081081
18791,3046278,card_addr,0.1081081081081081
18791,3166350,card_addr,0.1081081081081081
18791,3438877,card_addr,0.1081081081081081
18791,3158430,card_addr,0.1081081081081081
18791,3321118,card_addr,0.1081081081081081
18791,3267618,card_addr,0.1081081081081081
18791,3454502,card_addr,0.1081081081081081
18791,3491240,card_addr,0.1081081081081081
18791,3011242,card_addr,0.1081081081081081
18791,3012920,card_addr,0.1081081081081081
18791,3340984,card_addr,0.1081081081081081
18791,3478456,card_addr,0.1081081081081081
18791,3214013,card_addr,0.1081081081081081
18791,3172030,card_addr,0.1081081081081081
18791,3011261,card_addr,0.1081081081081081
18791,3388607,card_addr,0.1081081081081081
18791,3249348,card_addr,0.1081081081081081
18791,3465030,card_addr,0.1081081081081081
18791,3276746,card_addr,0.1081081081081081
18791,3385549,card_addr,0.1081081081081081
18791,3199441,card_addr,0.1081081081081081
18791,3355987,card_addr,0.1081081081081081
18791,3199444,card_addr,0.1081081081081081
18791,3258584,card_addr,0.1081081081081081
18791,3283032,card_addr,0.1081081081081081
18791,3249375,card_addr,0.1081081081081081
18791,3441383,card_addr,0.1081081081081081
18791,3046250,card_addr,0.1081081081081081
18791,3174635,card_addr,0.1081081081081081
18791,3422188,card_addr,0.1081081081081081
18791,3158388,card_addr,0.1081081081081081
18791,3548153,card_addr,0.1081081081081081
18791,3344378,card_addr,0.1081081081081081
18791,3398779,card_addr,0.1081081081081081
18791,3356029,card_addr,0.1081081081081081
18791,3423999,card_addr,0.1081081081081081
18804,3014562,card_addr,0.0909090909090909
18804,3422370,card_addr,0.0909090909090909
18804,3029223,card_addr,0.0909090909090909
18804,3033608,card_addr,0.0909090909090909
18804,3035338,card_addr,0.0909090909090909
18804,3345903,card_addr,0.0909090909090909
18804,3028880,card_addr,0.0909090909090909
18804,3036599,card_addr,0.0909090909090909
18804,3011257,card_addr,0.0909090909090909
18804,3027995,card_addr,0.0909090909090909
18804,3014462,card_addr,0.0909090909090909
18811,3011265,card_addr,0.1428571428571428
18811,3388452,card_addr,0.1428571428571428
18811,3143208,card_addr,0.1428571428571428
18811,3484139,card_addr,0.1428571428571428
18811,3151696,card_addr,0.1428571428571428
18811,3388467,card_addr,0.1428571428571428
18811,3086651,card_addr,0.1428571428571428
18992,3529574,card_addr,0.25
18992,3011561,card_addr,0.25
18992,3035785,card_addr,0.25
18992,3535274,card_addr,0.25
18992,3268594,card_addr,0.25
18992,3222965,card_addr,0.25
18992,3205974,card_addr,0.25
18992,3205980,card_addr,0.25
18995,3477762,card_addr,0.3958333333333333
18995,3178627,card_addr,0.3958333333333333
18995,3566854,card_addr,0.3958333333333333
18995,3014280,card_addr,0.3958333333333333
18995,3179787,card_addr,0.3958333333333333
18995,3102487,card_addr,0.3958333333333333
18995,3500056,card_addr,0.3958333333333333
18995,3077535,card_addr,0.3958333333333333
18995,3393311,card_addr,0.3958333333333333
18995,3069090,card_addr,0.3958333333333333
18995,3030949,card_addr,0.3958333333333333
18995,3035046,card_addr,0.3958333333333333
18995,3030695,card_addr,0.3958333333333333
18995,3097904,card_addr,0.3958333333333333
18995,3106099,card_addr,0.3958333333333333
18995,3324473,card_addr,0.3958333333333333
18995,3324476,card_addr,0.3958333333333333
18995,3483836,card_addr,0.3958333333333333
18995,3399103,card_addr,0.3958333333333333
18995,3482047,card_addr,0.3958333333333333
18995,3557955,card_addr,0.3958333333333333
18995,3557957,card_addr,0.3958333333333333
18995,3022024,card_addr,0.3958333333333333
18995,3067720,card_addr,0.3958333333333333
18995,3483850,card_addr,0.3958333333333333
18995,3489226,card_addr,0.3958333333333333
18995,3478608,card_addr,0.3958333333333333
18995,3071570,card_addr,0.3958333333333333
18995,3492949,card_addr,0.3958333333333333
18995,3483866,card_addr,0.3958333333333333
18995,3274972,card_addr,0.3958333333333333
18995,3324509,card_addr,0.3958333333333333
18995,3489502,card_addr,0.3958333333333333
18995,3577308,card_addr,0.3958333333333333
18995,3457122,card_addr,0.3958333333333333
18995,3251555,card_addr,0.3958333333333333
18995,3486307,card_addr,0.3958333333333333
18995,3460965,card_addr,0.3958333333333333
18995,3084134,card_addr,0.3958333333333333
18995,3489513,card_addr,0.3958333333333333
18995,3011564,card_addr,0.3958333333333333
18995,3577327,card_addr,0.3958333333333333
18995,3460976,card_addr,0.3958333333333333
18995,3518450,card_addr,0.3958333333333333
18995,3568756,card_addr,0.3958333333333333
18995,3055222,card_addr,0.3958333333333333
18995,3216630,card_addr,0.3958333333333333
18995,3572472,card_addr,0.3958333333333333
19023,3209412,card_addr,0.1666666666666666
19023,3067431,card_addr,0.1666666666666666
19023,3067440,card_addr,0.1666666666666666
19023,3011606,card_addr,0.1666666666666666
19023,3471575,card_addr,0.1666666666666666
19023,3060091,card_addr,0.1666666666666666
19035,3557889,card_addr,0.1111111111111111
19035,3531795,card_addr,0.1111111111111111
19035,3303956,card_addr,0.1111111111111111
19035,3212309,card_addr,0.1111111111111111
19035,3306006,card_addr,0.1111111111111111
19035,3290136,card_addr,0.1111111111111111
19035,3212316,card_addr,0.1111111111111111
19035,3297822,card_addr,0.1111111111111111
19035,3443742,card_addr,0.1111111111111111
19035,3303462,card_addr,0.1111111111111111
19035,3331622,card_addr,0.1111111111111111
19035,3522088,card_addr,0.1111111111111111
19035,3546155,card_addr,0.1111111111111111
19035,3011631,card_addr,0.1111111111111111
19035,3212345,card_addr,0.1111111111111111
19035,3403836,card_addr,0.1111111111111111
19035,3476037,card_addr,0.1111111111111111
19035,3212358,card_addr,0.1111111111111111
19035,3396686,card_addr,0.1111111111111111
19035,3215969,card_addr,0.1111111111111111
19035,3396193,card_addr,0.1111111111111111
19035,3161699,card_addr,0.1111111111111111
19035,3487340,card_addr,0.1111111111111111
19035,3114106,card_addr,0.1111111111111111
19035,3390110,card_addr,0.1111111111111111
19035,3489448,card_addr,0.1111111111111111
19035,3330730,card_addr,0.1111111111111111
19035,3203774,card_addr,0.1111111111111111
19035,3027136,card_addr,0.1111111111111111
19035,3135682,card_addr,0.1111111111111111
19035,3339977,card_addr,0.1111111111111111
19035,3382474,card_addr,0.1111111111111111
19035,3541712,card_addr,0.1111111111111111
19035,3299550,card_addr,0.1111111111111111
19035,3214048,card_addr,0.1111111111111111
19035,3297515,card_addr,0.1111111111111111
19035,3491060,card_addr,0.1111111111111111
19035,3393272,card_addr,0.1111111111111111
19035,3477779,card_addr,0.1111111111111111
19035,3230492,card_addr,0.1111111111111111
19035,3396894,card_addr,0.1111111111111111
19035,3012904,card_addr,0.1111111111111111
19035,3174188,card_addr,0.1111111111111111
19035,3260205,card_addr,0.1111111111111111
19035,3337516,card_addr,0.1111111111111111
19035,3316020,card_addr,0.1111111111111111
19035,3092278,card_addr,0.1111111111111111
19035,3518784,card_addr,0.1111111111111111
19035,3202371,card_addr,0.1111111111111111
19035,3323207,card_addr,0.1111111111111111
19035,3520329,card_addr,0.1111111111111111
19035,3112783,card_addr,0.1111111111111111
19035,3359065,card_addr,0.1111111111111111
19035,3237722,card_addr,0.1111111111111111
19035,3396441,card_addr,0.1111111111111111
19035,3436892,card_addr,0.1111111111111111
19035,3289437,card_addr,0.1111111111111111
19035,3141988,card_addr,0.1111111111111111
19035,3294568,card_addr,0.1111111111111111
19035,3272047,card_addr,0.1111111111111111
19035,3287407,card_addr,0.1111111111111111
19035,3044209,card_addr,0.1111111111111111
19035,3292020,card_addr,0.1111111111111111
19035,3346294,card_addr,0.1111111111111111
19035,3323769,card_addr,0.1111111111111111
19035,3305851,card_addr,0.1111111111111111
19035,3387279,card_addr,0.1111111111111111
19035,3305873,card_addr,0.1111111111111111
19035,3083673,card_addr,0.1111111111111111
19035,3369886,card_addr,0.1111111111111111
19035,3232675,card_addr,0.1111111111111111
19035,3549098,card_addr,0.1111111111111111
19035,3573682,card_addr,0.1111111111111111
19035,3353529,card_addr,0.1111111111111111
19035,3130308,card_addr,0.1111111111111111
19035,3182020,card_addr,0.1111111111111111
19035,3202505,card_addr,0.1111111111111111
19035,3212248,card_addr,0.1111111111111111
19035,3556830,card_addr,0.1111111111111111
19035,3191264,card_addr,0.1111111111111111
19035,3567078,card_addr,0.1111111111111111
19061,3347331,card_addr,0.1
19061,3492229,card_addr,0.1
19061,3433976,card_addr,0.1
19061,3238289,card_addr,0.1
19061,3267474,card_addr,0.1
19061,3031702,card_addr,0.1
19061,3515678,card_addr,0.1
19061,3271329,card_addr,0.1
19061,3432617,card_addr,0.1
19061,3309102,card_addr,0.1
19061,3432624,card_addr,0.1
19061,3261108,card_addr,0.1
19061,3256635,card_addr,0.1
19061,3261115,card_addr,0.1
19061,3256640,card_addr,0.1
19061,3278019,card_addr,0.1
19061,3271366,card_addr,0.1
19061,3011665,card_addr,0.1
19061,3367122,card_addr,0.1
19061,3256666,card_addr,0.1
19061,3433946,card_addr,0.1
19061,3513308,card_addr,0.1
19061,3523294,card_addr,0.1
19061,3016160,card_addr,0.1
19061,3523300,card_addr,0.1
19061,3433958,card_addr,0.1
19061,3070567,card_addr,0.1
19061,3256685,card_addr,0.1
19061,3347576,card_addr,0.1
19061,3127548,card_addr,0.1
19100,3011755,card_addr,1.0
19100,3011732,card_addr,1.0
19100,3011758,card_addr,1.0
19100,3011735,card_addr,1.0
19103,3048384,card_addr,0.0833333333333333
19103,3174502,card_addr,0.0833333333333333
19103,3074572,card_addr,0.0833333333333333
19103,3014733,card_addr,0.0833333333333333
19103,3281199,card_addr,0.0833333333333333
19103,3443280,card_addr,0.0833333333333333
19103,3301714,card_addr,0.0833333333333333
19103,3014739,card_addr,0.0833333333333333
19103,3011737,card_addr,0.0833333333333333
19103,3301882,card_addr,0.0833333333333333
19103,3301851,card_addr,0.0833333333333333
19103,3014975,card_addr,0.0833333333333333
19111,3011754,card_addr,0.2
19111,3029451,card_addr,0.2
19111,3030896,card_addr,0.2
19111,3035158,card_addr,0.2
19111,3012856,card_addr,0.2
19237,3103680,card_addr,0.0833333333333333
19237,3049666,card_addr,0.0833333333333333
19237,3011941,card_addr,0.0833333333333333
19237,3048744,card_addr,0.0833333333333333
19237,3199593,card_addr,0.0833333333333333
19237,3471419,card_addr,0.0833333333333333
19237,3076556,card_addr,0.0833333333333333
19237,3245233,card_addr,0.0833333333333333
19237,3233906,card_addr,0.0833333333333333
19237,3470230,card_addr,0.0833333333333333
19237,3470234,card_addr,0.0833333333333333
19237,3028923,card_addr,0.0833333333333333
19270,3472000,card_addr,0.0967741935483871
19270,3155713,card_addr,0.0967741935483871
19270,3228035,card_addr,0.0967741935483871
19270,3475844,card_addr,0.0967741935483871
19270,3519885,card_addr,0.0967741935483871
19270,3049874,card_addr,0.0967741935483871
19270,3011989,card_addr,0.0967741935483871
19270,3049879,card_addr,0.0967741935483871
19270,3306909,card_addr,0.0967741935483871
19270,3442718,card_addr,0.0967741935483871
19270,3306911,card_addr,0.0967741935483871
19270,3480362,card_addr,0.0967741935483871
19270,3412014,card_addr,0.0967741935483871
19270,3522223,card_addr,0.0967741935483871
19270,3571758,card_addr,0.0967741935483871
19270,3443636,card_addr,0.0967741935483871
19270,3493687,card_addr,0.0967741935483871
19270,3236792,card_addr,0.0967741935483871
19270,3527994,card_addr,0.0967741935483871
19270,3385278,card_addr,0.0967741935483871
19270,3454657,card_addr,0.0967741935483871
19270,3012677,card_addr,0.0967741935483871
19270,3159494,card_addr,0.0967741935483871
19270,3557963,card_addr,0.0967741935483871
19270,3511120,card_addr,0.0967741935483871
19270,3497949,card_addr,0.0967741935483871
19270,3456102,card_addr,0.0967741935483871
19270,3453293,card_addr,0.0967741935483871
19270,3474546,card_addr,0.0967741935483871
19270,3092087,card_addr,0.0967741935483871
19270,3526783,card_addr,0.0967741935483871
19374,3561601,card_addr,0.1428571428571428
19374,3058946,card_addr,0.1428571428571428
19374,3086735,card_addr,0.1428571428571428
19374,3100432,card_addr,0.1428571428571428
19374,3398163,card_addr,0.1428571428571428
19374,3065365,card_addr,0.1428571428571428
19374,3545122,card_addr,0.1428571428571428
19374,3563688,card_addr,0.1428571428571428
19374,3012139,card_addr,0.1428571428571428
19374,3476785,card_addr,0.1428571428571428
19374,3320755,card_addr,0.1428571428571428
19374,3576633,card_addr,0.1428571428571428
19374,3488320,card_addr,0.1428571428571428
19374,3401668,card_addr,0.1428571428571428
19374,3549771,card_addr,0.1428571428571428
19374,3272270,card_addr,0.1428571428571428
19374,3125967,card_addr,0.1428571428571428
19374,3252690,card_addr,0.1428571428571428
19374,3117664,card_addr,0.1428571428571428
19374,3238882,card_addr,0.1428571428571428
19374,3213926,card_addr,0.1428571428571428
19374,3188331,card_addr,0.1428571428571428
19374,3193197,card_addr,0.1428571428571428
19374,3018222,card_addr,0.1428571428571428
19374,3175283,card_addr,0.1428571428571428
19374,3152761,card_addr,0.1428571428571428
19374,3037949,card_addr,0.1428571428571428
19374,3574526,card_addr,0.1428571428571428
19467,3017536,card_addr,0.2
19467,3039908,card_addr,0.2
19467,3065574,card_addr,0.2
19467,3012268,card_addr,0.2
19467,3354093,card_addr,0.2
19467,3538031,card_addr,0.2
19467,3354128,card_addr,0.2
19467,3538064,card_addr,0.2
19467,3225907,card_addr,0.2
19467,3225910,card_addr,0.2
19540,3386914,card_addr,0.5
19540,3012391,card_addr,0.5
19540,3192137,card_addr,0.5
19540,3385961,card_addr,0.5
19540,3378574,card_addr,0.5
19540,3192175,card_addr,0.5
19540,3570449,card_addr,0.5
19540,3041974,card_addr,0.5
19540,3385948,card_addr,0.5
19540,3386941,card_addr,0.5
19566,3184425,card_addr,0.3333333333333333
19566,3012427,card_addr,0.3333333333333333
19566,3506381,card_addr,0.3333333333333333
19566,3506385,card_addr,0.3333333333333333
19566,3405874,card_addr,0.3333333333333333
19566,3042841,card_addr,0.3333333333333333
19607,3020167,card_addr,0.2272727272727272
19607,3012493,card_addr,0.2272727272727272
19607,3046799,card_addr,0.2272727272727272
19607,3431186,card_addr,0.2272727272727272
19607,3026197,card_addr,0.2272727272727272
19607,3296693,card_addr,0.2272727272727272
19607,3391157,card_addr,0.2272727272727272
19607,3527733,card_addr,0.2272727272727272
19607,3236797,card_addr,0.2272727272727272
19607,3102785,card_addr,0.2272727272727272
19607,3365058,card_addr,0.2272727272727272
19607,3166661,card_addr,0.2272727272727272
19607,3454668,card_addr,0.2272727272727272
19607,3545038,card_addr,0.2272727272727272
19607,3471710,card_addr,0.2272727272727272
19607,3567326,card_addr,0.2272727272727272
19607,3474412,card_addr,0.2272727272727272
19607,3539820,card_addr,0.2272727272727272
19607,3539826,card_addr,0.2272727272727272
19607,3539828,card_addr,0.2272727272727272
19607,3539831,card_addr,0.2272727272727272
19607,3059966,card_addr,0.2272727272727272
19674,3064834,card_addr,0.1428571428571428
19674,3064005,card_addr,0.1428571428571428
19674,3501017,card_addr,0.1428571428571428
19674,3140232,card_addr,0.1428571428571428
19674,3228264,card_addr,0.1428571428571428
19674,3177962,card_addr,0.1428571428571428
19674,3355225,card_addr,0.1428571428571428
19674,3062227,card_addr,0.1428571428571428
19674,3097203,card_addr,0.1428571428571428
19674,3056214,card_addr,0.1428571428571428
19674,3012598,card_addr,0.1428571428571428
19674,3063193,card_addr,0.1428571428571428
19674,3062268,card_addr,0.1428571428571428
19674,3260349,card_addr,0.1428571428571428
19681,3012611,card_addr,0.1363636363636363
19681,3275017,card_addr,0.1363636363636363
19681,3328531,card_addr,0.1363636363636363
19681,3105046,card_addr,0.1363636363636363
19681,3321498,card_addr,0.1363636363636363
19681,3332893,card_addr,0.1363636363636363
19681,3285295,card_addr,0.1363636363636363
19681,3284912,card_addr,0.1363636363636363
19681,3556146,card_addr,0.1363636363636363
19681,3387573,card_addr,0.1363636363636363
19681,3324727,card_addr,0.1363636363636363
19681,3286718,card_addr,0.1363636363636363
19681,3155657,card_addr,0.1363636363636363
19681,3303371,card_addr,0.1363636363636363
19681,3387602,card_addr,0.1363636363636363
19681,3284187,card_addr,0.1363636363636363
19681,3284192,card_addr,0.1363636363636363
19681,3148131,card_addr,0.1363636363636363
19681,3348468,card_addr,0.1363636363636363
19681,3292536,card_addr,0.1363636363636363
19681,3241595,card_addr,0.1363636363636363
19681,3348479,card_addr,0.1363636363636363
19687,3042669,device,0.6
19687,3131246,device,0.6
19687,3012622,device,0.6
19687,3131248,device,0.6
19687,3131249,device,0.6
19733,3012707,card_addr,0.1428571428571428
19733,3565733,card_addr,0.1428571428571428
19733,3444699,card_addr,0.1428571428571428
19733,3206704,card_addr,0.1428571428571428
19733,3291607,card_addr,0.1428571428571428
19733,3138232,card_addr,0.1428571428571428
19733,3132827,card_addr,0.1428571428571428
19810,3516384,card_addr,0.125
19810,3298509,card_addr,0.125
19810,3232557,card_addr,0.125
19810,3080143,card_addr,0.125
19810,3298510,card_addr,0.125
19810,3332856,card_addr,0.125
19810,3012825,card_addr,0.125
19810,3013307,card_addr,0.125
19820,3354497,card_addr,0.1875
19820,3123075,card_addr,0.1875
19820,3453317,card_addr,0.1875
19820,3074697,card_addr,0.1875
19820,3375244,card_addr,0.1875
19820,3032846,card_addr,0.1875
19820,3203988,card_addr,0.1875
19820,3178907,card_addr,0.1875
19820,3172894,card_addr,0.1875
19820,3401634,card_addr,0.1875
19820,3491631,card_addr,0.1875
19820,3522992,card_addr,0.1875
19820,3167288,card_addr,0.1875
19820,3498296,card_addr,0.1875
19820,3138110,card_addr,0.1875
19820,3573572,card_addr,0.1875
19820,3573581,card_addr,0.1875
19820,3013070,card_addr,0.1875
19820,3140048,card_addr,0.1875
19820,3150290,card_addr,0.1875
19820,3405657,card_addr,0.1875
19820,3091164,card_addr,0.1875
19820,3544286,card_addr,0.1875
19820,3135968,card_addr,0.1875
19820,3410403,card_addr,0.1875
19820,3012839,card_addr,0.1875
19820,3493480,card_addr,0.1875
19820,3545195,card_addr,0.1875
19820,3178995,card_addr,0.1875
19820,3013110,card_addr,0.1875
19820,3012857,card_addr,0.1875
19820,3431678,card_addr,0.1875
19897,3018808,card_addr,0.6666666666666666
19897,3012966,card_addr,0.6666666666666666
19897,3012991,card_addr,0.6666666666666666
19936,3042755,card_addr,0.0769230769230769
19936,3134723,card_addr,0.0769230769230769
19936,3042760,card_addr,0.0769230769230769
19936,3068874,card_addr,0.0769230769230769
19936,3013036,card_addr,0.0769230769230769
19936,3172524,card_addr,0.0769230769230769
19936,3089755,card_addr,0.0769230769230769
19936,3224605,card_addr,0.0769230769230769
19936,3371092,card_addr,0.0769230769230769
19936,3101783,card_addr,0.0769230769230769
19936,3042840,card_addr,0.0769230769230769
19936,3037499,card_addr,0.0769230769230769
19936,3044509,card_addr,0.0769230769230769
19964,3558403,card_addr,0.2692307692307692
19964,3064455,card_addr,0.2692307692307692
19964,3478410,card_addr,0.2692307692307692
19964,3553546,card_addr,0.2692307692307692
19964,3375123,card_addr,0.2692307692307692
19964,3460756,card_addr,0.2692307692307692
19964,3470104,card_addr,0.2692307692307692
19964,3119394,card_addr,0.2692307692307692
19964,3532583,card_addr,0.2692307692307692
19964,3133356,card_addr,0.2692307692307692
19964,3465773,card_addr,0.2692307692307692
19964,3425973,card_addr,0.2692307692307692
19964,3571381,card_addr,0.2692307692307692
19964,3164855,card_addr,0.2692307692307692
19964,3486653,card_addr,0.2692307692307692
19964,3142983,card_addr,0.2692307692307692
19964,3326414,card_addr,0.2692307692307692
19964,3269079,card_addr,0.2692307692307692
19964,3490650,card_addr,0.2692307692307692
19964,3013085,card_addr,0.2692307692307692
19964,3104611,card_addr,0.2692307692307692
19964,3197923,card_addr,0.2692307692307692
19964,3444837,card_addr,0.2692307692307692
19964,3490670,card_addr,0.2692307692307692
19964,3465334,card_addr,0.2692307692307692
19964,3476727,card_addr,0.2692307692307692
20064,3241284,card_addr,0.3333333333333333
20064,3241285,card_addr,0.3333333333333333
20064,3241286,card_addr,0.3333333333333333
20064,3225127,card_addr,0.3333333333333333
20064,3101896,card_addr,0.3333333333333333
20064,3241289,card_addr,0.3333333333333333
20064,3340741,card_addr,0.3333333333333333
20064,3155614,card_addr,0.3333333333333333
20064,3241292,card_addr,0.3333333333333333
20064,3326283,card_addr,0.3333333333333333
20064,3528458,card_addr,0.3333333333333333
20064,3315518,card_addr,0.3333333333333333
20064,3013523,card_addr,0.3333333333333333
20064,3013236,card_addr,0.3333333333333333
20064,3382996,card_addr,0.3333333333333333
20064,3148118,card_addr,0.3333333333333333
20064,3480693,card_addr,0.3333333333333333
20064,3029854,card_addr,0.3333333333333333
20089,3332870,card_addr,0.1041666666666666
20089,3193224,card_addr,0.1041666666666666
20089,3523211,card_addr,0.1041666666666666
20089,3457549,card_addr,0.1041666666666666
20089,3276558,card_addr,0.1041666666666666
20089,3128720,card_addr,0.1041666666666666
20089,3209233,card_addr,0.1041666666666666
20089,3215377,card_addr,0.1041666666666666
20089,3323032,card_addr,0.1041666666666666
20089,3013273,card_addr,0.1041666666666666
20089,3324698,card_addr,0.1041666666666666
20089,3513372,card_addr,0.1041666666666666
20089,3405983,card_addr,0.1041666666666666
20089,3309859,card_addr,0.1041666666666666
20089,3365801,card_addr,0.1041666666666666
20089,3493161,card_addr,0.1041666666666666
20089,3353771,card_addr,0.1041666666666666
20089,3422252,card_addr,0.1041666666666666
20089,3104431,card_addr,0.1041666666666666
20089,3456562,card_addr,0.1041666666666666
20089,3422771,card_addr,0.1041666666666666
20089,3047222,card_addr,0.1041666666666666
20089,3171129,card_addr,0.1041666666666666
20089,3365945,card_addr,0.1041666666666666
20089,3543099,card_addr,0.1041666666666666
20089,3237180,card_addr,0.1041666666666666
20089,3237181,card_addr,0.1041666666666666
20089,3175357,card_addr,0.1041666666666666
20089,3365950,card_addr,0.1041666666666666
20089,3365951,card_addr,0.1041666666666666
20089,3383487,card_addr,0.1041666666666666
20089,3201733,card_addr,0.1041666666666666
20089,3110086,card_addr,0.1041666666666666
20089,3237190,card_addr,0.1041666666666666
20089,3414469,card_addr,0.1041666666666666
20089,3037005,card_addr,0.1041666666666666
20089,3200589,card_addr,0.1041666666666666
20089,3381972,card_addr,0.1041666666666666
20089,3524441,card_addr,0.1041666666666666
20089,3444074,card_addr,0.1041666666666666
20089,3489133,card_addr,0.1041666666666666
20089,3381106,card_addr,0.1041666666666666
20089,3152630,card_addr,0.1041666666666666
20089,3374585,card_addr,0.1041666666666666
20089,3135611,card_addr,0.1041666666666666
20089,3113724,card_addr,0.1041666666666666
20089,3383550,card_addr,0.1041666666666666
20089,3028479,card_addr,0.1041666666666666
20109,3145024,device,0.8333333333333334
20109,3169124,device,0.8333333333333334
20109,3398149,device,0.8333333333333334
20109,3019336,card_addr,0.8333333333333334
20109,3194519,device,0.8333333333333334
20109,3145040,device,0.8333333333333334
20109,3228625,device,0.8333333333333334
20109,3015250,device,0.8333333333333334
20109,3169108,device,0.8333333333333334
20109,3015253,device,0.8333333333333334
20109,3169119,device,0.8333333333333334
20109,3169111,device,0.8333333333333334
20109,3228629,device,0.8333333333333334
20109,3194521,device,0.8333333333333334
20109,3203546,device,0.8333333333333334
20109,3203547,device,0.8333333333333334
20109,3203548,device,0.8333333333333334
20109,3013311,card_addr+device,0.8333333333333334
20284,3164672,card_addr,0.5714285714285714
20284,3168481,card_addr,0.5714285714285714
20284,3169186,card_addr,0.5714285714285714
20284,3171074,card_addr,0.5714285714285714
20284,3483329,card_addr,0.5714285714285714
20284,3164773,card_addr,0.5714285714285714
20284,3083367,card_addr,0.5714285714285714
20284,3033543,card_addr,0.5714285714285714
20284,3169129,card_addr,0.5714285714285714
20284,3171663,card_addr,0.5714285714285714
20284,3171024,card_addr,0.5714285714285714
20284,3013592,card_addr,0.5714285714285714
20284,3517501,card_addr,0.5714285714285714
20284,3573471,card_addr,0.5714285714285714
20345,3030272,card_addr,0.125
20345,3033984,card_addr,0.125
20345,3028312,card_addr,0.125
20345,3026309,card_addr,0.125
20345,3403621,card_addr,0.125
20345,3026183,card_addr,0.125
20345,3026345,card_addr,0.125
20345,3515178,card_addr,0.125
20345,3035148,card_addr,0.125
20345,3036303,card_addr,0.125
20345,3037264,card_addr,0.125
20345,3026289,card_addr,0.125
20345,3033462,card_addr,0.125
20345,3013688,card_addr,0.125
20345,3031163,card_addr,0.125
20345,3390655,card_addr,0.125
20363,3152833,card_addr,0.1
20363,3213827,card_addr,0.1
20363,3412391,card_addr,0.1
20363,3131816,card_addr,0.1
20363,3574889,card_addr,0.1
20363,3213069,card_addr,0.1
20363,3489743,card_addr,0.1
20363,3013719,card_addr,0.1
20363,3096568,card_addr,0.1
20363,3296569,card_addr,0.1
20367,3032619,card_addr,0.3333333333333333
20367,3015269,card_addr,0.3333333333333333
20367,3013727,card_addr,0.3333333333333333
20370,3013732,card_addr,0.1666666666666666
20370,3332388,card_addr,0.1666666666666666
20370,3019276,card_addr,0.1666666666666666
20370,3019247,card_addr,0.1666666666666666
20370,3029906,card_addr,0.1666666666666666
20370,3019283,card_addr,0.1666666666666666
20371,3013736,card_addr,0.6666666666666666
20371,3026858,card_addr,0.6666666666666666
20371,3015120,card_addr,0.6666666666666666
20429,3016706,card_addr,0.1818181818181818
20429,3207170,card_addr,0.1818181818181818
20429,3479308,card_addr,0.1818181818181818
20429,3329040,card_addr,0.1818181818181818
20429,3389843,card_addr,0.1818181818181818
20429,3452440,card_addr,0.1818181818181818
20429,3222171,card_addr,0.1818181818181818
20429,3339171,card_addr,0.1818181818181818
20429,3384485,card_addr,0.1818181818181818
20429,3543849,card_addr,0.1818181818181818
20429,3130292,card_addr,0.1818181818181818
20429,3396794,card_addr,0.1818181818181818
20429,3013818,card_addr,0.1818181818181818
20429,3456583,card_addr,0.1818181818181818
20429,3387593,card_addr,0.1818181818181818
20429,3015756,card_addr,0.1818181818181818
20429,3392463,card_addr,0.1818181818181818
20429,3396821,card_addr,0.1818181818181818
20429,3210968,card_addr,0.1818181818181818
20429,3455727,card_addr,0.1818181818181818
20429,3455730,card_addr,0.1818181818181818
20429,3524213,card_addr,0.1818181818181818
20483,3013897,card_addr,0.5
20483,3013915,card_addr,0.5
20483,3299235,card_addr,0.5
20483,3303271,card_addr,0.5
20625,3482560,card_addr,0.0909090909090909
20625,3068899,card_addr,0.0909090909090909
20625,3347908,card_addr,0.0909090909090909
20625,3338408,card_addr,0.0909090909090909
20625,3482571,card_addr,0.0909090909090909
20625,3134541,card_addr,0.0909090909090909
20625,3014129,card_addr,0.0909090909090909
20625,3446489,card_addr,0.0909090909090909
20625,3462969,card_addr,0.0909090909090909
20625,3208569,card_addr,0.0909090909090909
20625,3041855,card_addr,0.0909090909090909
20658,3143360,device,0.1666666666666666
20658,3305057,device,0.1666666666666666
20658,3122690,device,0.1666666666666666
20658,3143364,device,0.1666666666666666
20658,3305158,device,0.1666666666666666
20658,3443398,card_addr+device,0.1666666666666666
20658,3014184,card_addr,0.1666666666666666
20658,3122696,device,0.1666666666666666
20658,3307560,device,0.1666666666666666
20658,3305068,device,0.1666666666666666
20658,3429676,device,0.1666666666666666
20658,3443372,card_addr+device,0.1666666666666666
20658,3080685,card_addr,0.1666666666666666
20658,3143377,device,0.1666666666666666
20658,3443380,card_addr+device,0.1666666666666666
20658,3195413,card_addr,0.1666666666666666
20658,3058715,card_addr,0.1666666666666666
20658,3485116,device,0.1666666666666666
20778,3031008,card_addr,0.1
20778,3031011,card_addr,0.1
20778,3373956,card_addr,0.1
20778,3014373,card_addr,0.1
20778,3170605,card_addr,0.1
20778,3049425,card_addr,0.1
20778,3494099,card_addr,0.1
20778,3031766,card_addr,0.1
20778,3123894,card_addr,0.1
20778,3128955,card_addr,0.1
20818,3101711,card_addr,0.1
20818,3154577,card_addr,0.1
20818,3101716,card_addr,0.1
20818,3099799,card_addr,0.1
20818,3101724,card_addr,0.1
20818,3272736,card_addr,0.1
20818,3101731,card_addr,0.1
20818,3014436,card_addr,0.1
20818,3103786,card_addr,0.1
20818,3154605,card_addr,0.1
20818,3101874,card_addr,0.1
20818,3238706,card_addr,0.1
20818,3058358,card_addr,0.1
20818,3062071,card_addr,0.1
20818,3539640,card_addr,0.1
20818,3259322,card_addr,0.1
20818,3037755,card_addr,0.1
20818,3043912,card_addr,0.1
20818,3413704,card_addr,0.1
20818,3190219,card_addr,0.1
20818,3238731,card_addr,0.1
20818,3482322,card_addr,0.1
20818,3238749,card_addr,0.1
20818,3076064,card_addr,0.1
20818,3050986,card_addr,0.1
20818,3067119,card_addr,0.1
20818,3130224,card_addr,0.1
20818,3227894,card_addr,0.1
20818,3097209,card_addr,0.1
20818,3037693,card_addr,0.1
20899,3438342,card_addr,0.1351351351351351
20899,3417357,card_addr,0.1351351351351351
20899,3261838,card_addr,0.1351351351351351
20899,3437975,card_addr,0.1351351351351351
20899,3458331,card_addr,0.1351351351351351
20899,3525019,card_addr,0.1351351351351351
20899,3433761,card_addr,0.1351351351351351
20899,3014564,card_addr,0.1351351351351351
20899,3260708,card_addr,0.1351351351351351
20899,3518377,card_addr,0.1351351351351351
20899,3085741,card_addr,0.1351351351351351
20899,3260717,card_addr,0.1351351351351351
20899,3437997,card_addr,0.1351351351351351
20899,3269552,card_addr,0.1351351351351351
20899,3143730,card_addr,0.1351351351351351
20899,3521971,card_addr,0.1351351351351351
20899,3550132,card_addr,0.1351351351351351
20899,3536053,card_addr,0.1351351351351351
20899,3089980,card_addr,0.1351351351351351
20899,3543102,card_addr,0.1351351351351351
20899,3487551,card_addr,0.1351351351351351
20899,3089989,card_addr,0.1351351351351351
20899,3088329,card_addr,0.1351351351351351
20899,3434061,card_addr,0.1351351351351351
20899,3088335,card_addr,0.1351351351351351
20899,3436752,card_addr,0.1351351351351351
20899,3571922,card_addr,0.1351351351351351
20899,3291219,card_addr,0.1351351351351351
20899,3090005,card_addr,0.1351351351351351
20899,3352406,card_addr,0.1351351351351351
20899,3480791,card_addr,0.1351351351351351
20899,3269336,card_addr,0.1351351351351351
20899,3130330,card_addr,0.1351351351351351
20899,3471194,card_addr,0.1351351351351351
20899,3361764,card_addr,0.1351351351351351
20899,3379317,card_addr,0.1351351351351351
20899,3437943,card_addr,0.1351351351351351
20975,3317601,card_addr,0.1176470588235294
20975,3014692,card_addr,0.1176470588235294
20975,3364132,card_addr,0.1176470588235294
20975,3264006,card_addr,0.1176470588235294
20975,3226695,card_addr,0.1176470588235294
20975,3561015,card_addr,0.1176470588235294
20975,3065737,card_addr,0.1176470588235294
20975,3552746,card_addr,0.1176470588235294
20975,3185164,card_addr,0.1176470588235294
20975,3552812,card_addr,0.1176470588235294
20975,3172430,card_addr,0.1176470588235294
20975,3235695,card_addr,0.1176470588235294
20975,3272719,card_addr,0.1176470588235294
20975,3552750,card_addr,0.1176470588235294
20975,3243027,card_addr,0.1176470588235294
20975,3242455,card_addr,0.1176470588235294
20975,3269405,card_addr,0.1176470588235294
21037,3022210,card_addr,0.0769230769230769
21037,3278084,card_addr,0.0769230769230769
21037,3036709,card_addr,0.0769230769230769
21037,3014789,card_addr,0.0769230769230769
21037,3249575,card_addr,0.0769230769230769
21037,3167051,card_addr,0.0769230769230769
21037,3352943,card_addr,0.0769230769230769
21037,3328785,card_addr,0.0769230769230769
21037,3027154,card_addr,0.0769230769230769
21037,3146740,card_addr,0.0769230769230769
21037,3274452,card_addr,0.0769230769230769
21037,3110678,card_addr,0.0769230769230769
21037,3421885,card_addr,0.0769230769230769
21069,3300729,card_addr,0.6666666666666666
21069,3300725,card_addr,0.6666666666666666
21069,3014839,card_addr,0.6666666666666666
21078,3324546,card_addr,0.1041666666666666
21078,3374598,card_addr,0.1041666666666666
21078,3155463,card_addr,0.1041666666666666
21078,3352843,card_addr,0.1041666666666666
21078,3045004,card_addr,0.1041666666666666
21078,3423628,card_addr,0.1041666666666666
21078,3567119,card_addr,0.1041666666666666
21078,3426320,card_addr,0.1041666666666666
21078,3571732,card_addr,0.1041666666666666
21078,3464478,card_addr,0.1041666666666666
21078,3268513,card_addr,0.1041666666666666
21078,3414562,card_addr,0.1041666666666666
21078,3482787,card_addr,0.1041666666666666
21078,3270824,card_addr,0.1041666666666666
21078,3390893,card_addr,0.1041666666666666
21078,3478446,card_addr,0.1041666666666666
21078,3414448,card_addr,0.1041666666666666
21078,3430961,card_addr,0.1041666666666666
21078,3430963,card_addr,0.1041666666666666
21078,3147574,card_addr,0.1041666666666666
21078,3017785,card_addr,0.1041666666666666
21078,3438780,card_addr,0.1041666666666666
21078,3225661,card_addr,0.1041666666666666
21078,3267646,card_addr,0.1041666666666666
21078,3414589,card_addr,0.1041666666666666
21078,3363904,card_addr,0.1041666666666666
21078,3264065,card_addr,0.1041666666666666
21078,3385921,card_addr,0.1041666666666666
21078,3014851,card_addr,0.1041666666666666
21078,3288654,card_addr,0.1041666666666666
21078,3122639,card_addr,0.1041666666666666
21078,3406799,card_addr,0.1041666666666666
21078,3106514,card_addr,0.1041666666666666
21078,3479891,card_addr,0.1041666666666666
21078,3043927,card_addr,0.1041666666666666
21078,3471959,card_addr,0.1041666666666666
21078,3512027,card_addr,0.1041666666666666
21078,3283676,card_addr,0.1041666666666666
21078,3186655,card_addr,0.1041666666666666
21078,3497311,card_addr,0.1041666666666666
21078,3440226,card_addr,0.1041666666666666
21078,3271909,card_addr,0.1041666666666666
21078,3159660,card_addr,0.1041666666666666
21078,3077874,card_addr,0.1041666666666666
21078,3497331,card_addr,0.1041666666666666
21078,3094904,card_addr,0.1041666666666666
21078,3467518,card_addr,0.1041666666666666
21078,3115391,card_addr,0.1041666666666666
21088,3226501,card_addr,0.4761904761904761
21088,3315598,card_addr,0.4761904761904761
21088,3250319,card_addr,0.4761904761904761
21088,3244324,card_addr,0.4761904761904761
21088,3549876,card_addr,0.4761904761904761
21088,3217080,card_addr,0.4761904761904761
21088,3339070,card_addr,0.4761904761904761
21088,3025855,card_addr,0.4761904761904761
21088,3068353,card_addr,0.4761904761904761
21088,3266882,card_addr,0.4761904761904761
21088,3201868,card_addr,0.4761904761904761
21088,3068365,card_addr,0.4761904761904761
21088,3299665,card_addr,0.4761904761904761
21088,3266898,card_addr,0.4761904761904761
21088,3014867,card_addr,0.4761904761904761
21088,3161558,card_addr,0.4761904761904761
21088,3134702,card_addr,0.4761904761904761
21088,3236852,card_addr,0.4761904761904761
21088,3191543,card_addr,0.4761904761904761
21088,3266171,card_addr,0.4761904761904761
21088,3266300,card_addr,0.4761904761904761
21101,3061345,card_addr+device,0.1111111111111111
21101,3019335,device,0.1111111111111111
21101,3143016,card_addr,0.1111111111111111
21101,3014890,card_addr,0.1111111111111111
21101,3021995,device,0.1111111111111111
21101,3499691,device,0.1111111111111111
21101,3029135,card_addr,0.1111111111111111
21101,3056213,card_addr,0.1111111111111111
21101,3363611,card_addr,0.1111111111111111
21105,3146372,card_addr,0.2631578947368421
21105,3292582,card_addr,0.2631578947368421
21105,3146153,card_addr,0.2631578947368421
21105,3146161,card_addr,0.2631578947368421
21105,3454915,card_addr,0.2631578947368421
21105,3145672,card_addr,0.2631578947368421
21105,3293904,card_addr,0.2631578947368421
21105,3025105,card_addr,0.2631578947368421
21105,3145825,card_addr,0.2631578947368421
21105,3220833,card_addr,0.2631578947368421
21105,3473131,card_addr,0.2631578947368421
21105,3145838,card_addr,0.2631578947368421
21105,3014895,card_addr,0.2631578947368421
21105,3146351,card_addr,0.2631578947368421
21105,3082738,card_addr,0.2631578947368421
21105,3294068,card_addr,0.2631578947368421
21105,3014902,card_addr,0.2631578947368421
21105,3220216,card_addr,0.2631578947368421
21105,3294076,card_addr,0.2631578947368421
21185,3047970,card_addr,0.1875
21185,3017923,card_addr,0.1875
21185,3017284,card_addr,0.1875
21185,3017285,card_addr,0.1875
21185,3017291,card_addr,0.1875
21185,3217643,card_addr,0.1875
21185,3015025,card_addr,0.1875
21185,3070227,card_addr,0.1875
21185,3445172,card_addr,0.1875
21185,3278645,card_addr,0.1875
21185,3445174,card_addr,0.1875
21185,3151479,card_addr,0.1875
21185,3416794,card_addr,0.1875
21185,3195836,card_addr,0.1875
21185,3253341,card_addr,0.1875
21185,3228383,card_addr,0.1875
21215,3219754,card_addr,0.2307692307692307
21215,3221516,card_addr,0.2307692307692307
21215,3172526,card_addr,0.2307692307692307
21215,3456176,card_addr,0.2307692307692307
21215,3484368,card_addr,0.2307692307692307
21215,3487217,card_addr,0.2307692307692307
21215,3061396,card_addr,0.2307692307692307
21215,3479508,card_addr,0.2307692307692307
21215,3228310,card_addr,0.2307692307692307
21215,3314262,card_addr,0.2307692307692307
21215,3495573,card_addr,0.2307692307692307
21215,3158940,card_addr,0.2307692307692307
21215,3015069,card_addr,0.2307692307692307
21227,3553410,card_addr,0.5652173913043478
21227,3562249,card_addr,0.5652173913043478
21227,3553426,card_addr,0.5652173913043478
21227,3558035,card_addr,0.5652173913043478
21227,3295380,card_addr,0.5652173913043478
21227,3558037,card_addr,0.5652173913043478
21227,3562269,card_addr,0.5652173913043478
21227,3562271,card_addr,0.5652173913043478
21227,3444771,card_addr,0.5652173913043478
21227,3540774,card_addr,0.5652173913043478
21227,3159593,card_addr,0.5652173913043478
21227,3015084,card_addr,0.5652173913043478
21227,3557948,card_addr,0.5652173913043478
21227,3241278,card_addr,0.5652173913043478
21227,3074369,card_addr,0.5652173913043478
21227,3033668,card_addr,0.5652173913043478
21227,3557956,card_addr,0.5652173913043478
21227,3072586,card_addr,0.5652173913043478
21227,3080276,card_addr,0.5652173913043478
21227,3549029,card_addr,0.5652173913043478
21227,3570165,card_addr,0.5652173913043478
21227,3365625,card_addr,0.5652173913043478
21227,3570174,card_addr,0.5652173913043478
21307,3015203,card_addr,0.1666666666666666
21307,3165194,card_addr,0.1666666666666666
21307,3087724,card_addr,0.1666666666666666
21307,3301490,card_addr,0.1666666666666666
21307,3481593,card_addr,0.1666666666666666
21307,3077882,card_addr,0.1666666666666666
21314,3532802,device,0.1363636363636363
21314,3171207,card_addr,0.1363636363636363
21314,3500685,card_addr+device,0.1363636363636363
21314,3539218,card_addr,0.1363636363636363
21314,3395737,card_addr,0.1363636363636363
21314,3253274,card_addr,0.1363636363636363
21314,3180448,card_addr,0.1363636363636363
21314,3440167,device,0.1363636363636363
21314,3495338,device,0.1363636363636363
21314,3015214,card_addr,0.1363636363636363
21314,3101104,card_addr,0.1363636363636363
21314,3513014,card_addr,0.1363636363636363
21314,3559481,card_addr,0.1363636363636363
21314,3114170,card_addr,0.1363636363636363
21314,3096645,card_addr,0.1363636363636363
21314,3414855,card_addr,0.1363636363636363
21314,3052633,card_addr,0.1363636363636363
21314,3062366,card_addr,0.1363636363636363
21314,3440229,device,0.1363636363636363
21314,3217255,card_addr,0.1363636363636363
21314,3439995,device,0.1363636363636363
21314,3449980,card_addr,0.1363636363636363
21339,3067777,card_addr,0.0714285714285714
21339,3246722,card_addr,0.0714285714285714
21339,3163257,card_addr,0.0714285714285714
21339,3253892,card_addr,0.0714285714285714
21339,3433857,card_addr,0.0714285714285714
21339,3334411,card_addr,0.0714285714285714
21339,3173518,card_addr,0.0714285714285714
21339,3310095,card_addr,0.0714285714285714
21339,3373839,card_addr,0.0714285714285714
21339,3568526,card_addr,0.0714285714285714
21339,3016479,card_addr,0.0714285714285714
21339,3285536,card_addr,0.0714285714285714
21339,3478431,card_addr,0.0714285714285714
21339,3123623,card_addr,0.0714285714285714
21339,3265579,card_addr,0.0714285714285714
21339,3460139,card_addr,0.0714285714285714
21339,3136440,card_addr,0.0714285714285714
21339,3117496,card_addr,0.0714285714285714
21339,3327291,card_addr,0.0714285714285714
21339,3318332,card_addr,0.0714285714285714
21339,3400772,card_addr,0.0714285714285714
21339,3491656,card_addr,0.0714285714285714
21339,3015255,card_addr,0.0714285714285714
21339,3563236,card_addr,0.0714285714285714
21339,3119719,card_addr,0.0714285714285714
21339,3125866,card_addr,0.0714285714285714
21339,3215087,card_addr,0.0714285714285714
21339,3260153,card_addr,0.0714285714285714
21437,3253891,device,0.3777777777777777
21437,3132676,device,0.3777777777777777
21437,3261700,device,0.3777777777777777
21437,3132806,device,0.3777777777777777
21437,3514119,device,0.3777777777777777
21437,3132684,device,0.3777777777777777
21437,3093389,device,0.3777777777777777
21437,3140881,device,0.3777777777777777
21437,3132691,device,0.3777777777777777
21437,3140888,device,0.3777777777777777
21437,3392668,device,0.3777777777777777
21437,3015838,card_addr+device,0.3777777777777777
21437,3573024,device,0.3777777777777777
21437,3232545,device,0.3777777777777777
21437,3021349,card_addr,0.3777777777777777
21437,3437478,device,0.3777777777777777
21437,3378855,card_addr,0.3777777777777777
21437,3036841,card_addr,0.3777777777777777
21437,3504171,device,0.3777777777777777
21437,3543467,device,0.3777777777777777
21437,3385517,device,0.3777777777777777
21437,3036592,card_addr,0.3777777777777777
21437,3093174,device,0.3777777777777777
21437,3132601,device,0.3777777777777777
21437,3047235,device,0.3777777777777777
21437,3359559,device,0.3777777777777777
21437,3132616,device,0.3777777777777777
21437,3500238,device,0.3777777777777777
21437,3556818,device,0.3777777777777777
21437,3502419,device,0.3777777777777777
21437,3442132,device,0.3777777777777777
21437,3500246,device,0.3777777777777777
21437,3500249,device,0.3777777777777777
21437,3502425,device,0.3777777777777777
21437,3556825,device,0.3777777777777777
21437,3556833,device,0.3777777777777777
21437,3119586,device,0.3777777777777777
21437,3245924,device,0.3777777777777777
21437,3556964,device,0.3777777777777777
21437,3080170,device,0.3777777777777777
21437,3132779,device,0.3777777777777777
21437,3140842,device,0.3777777777777777
21437,3406701,device,0.3777777777777777
21437,3015408,card_addr,0.3777777777777777
21437,3132789,device,0.3777777777777777
21460,3026273,card_addr,0.2
21460,3530243,card_addr,0.2
21460,3035050,card_addr,0.2
21460,3015467,card_addr,0.2
21460,3019212,card_addr,0.2
21460,3029356,card_addr,0.2
21460,3016783,card_addr,0.2
21460,3512983,card_addr,0.2
21460,3015453,card_addr,0.2
21460,3029022,card_addr,0.2
21472,3029443,card_addr,0.0909090909090909
21472,3412260,card_addr,0.0909090909090909
21472,3033096,card_addr,0.0909090909090909
21472,3032907,card_addr,0.0909090909090909
21472,3024267,card_addr,0.0909090909090909
21472,3015469,card_addr,0.0909090909090909
21472,3033102,card_addr,0.0909090909090909
21472,3392813,card_addr,0.0909090909090909
21472,3028371,card_addr,0.0909090909090909
21472,3033173,card_addr,0.0909090909090909
21472,3033183,card_addr,0.0909090909090909
21500,3541305,card_addr,0.5
21500,3015517,card_addr,0.5
21500,3015518,card_addr,0.5
21500,3172111,card_addr,0.5
21524,3015562,card_addr,0.92
21524,3080344,card_addr,0.92
21524,3244192,card_addr,0.92
21524,3549990,card_addr,0.92
21524,3563302,card_addr,0.92
21524,3265194,card_addr,0.92
21524,3307949,card_addr,0.92
21524,3331631,card_addr,0.92
21524,3335215,card_addr,0.92
21524,3519418,card_addr,0.92
21524,3307964,card_addr,0.92
21524,3398395,card_addr,0.92
21524,3221967,card_addr,0.92
21524,3114706,card_addr,0.92
21524,3560405,card_addr,0.92
21524,3377241,card_addr,0.92
21524,3505500,card_addr,0.92
21524,3200221,card_addr,0.92
21524,3285476,card_addr,0.92
21524,3356389,card_addr,0.92
21524,3180523,card_addr,0.92
21524,3180527,card_addr,0.92
21524,3044336,card_addr,0.92
21524,3139064,card_addr,0.92
21524,3139067,card_addr,0.92
21639,3015737,card_addr,0.3333333333333333
21639,3565730,card_addr,0.3333333333333333
21639,3292916,card_addr,0.3333333333333333
21720,3021312,card_addr,0.0833333333333333
21720,3302145,card_addr,0.0833333333333333
21720,3219459,card_addr,0.0833333333333333
21720,3155204,card_addr,0.0833333333333333
21720,3070984,card_addr,0.0833333333333333
21720,3258249,card_addr,0.0833333333333333
21720,3575695,card_addr,0.0833333333333333
21720,3534993,card_addr,0.0833333333333333
21720,3264149,card_addr,0.0833333333333333
21720,3126936,card_addr,0.0833333333333333
21720,3032088,card_addr,0.0833333333333333
21720,3049370,card_addr,0.0833333333333333
21720,3238948,card_addr,0.0833333333333333
21720,3094821,card_addr,0.0833333333333333
21720,3149733,card_addr,0.0833333333333333
21720,3406245,card_addr,0.0833333333333333
21720,3115944,card_addr,0.0833333333333333
21720,3015856,card_addr,0.0833333333333333
21720,3032112,card_addr,0.0833333333333333
21720,3378480,card_addr,0.0833333333333333
21720,3571136,card_addr,0.0833333333333333
21720,3022531,card_addr,0.0833333333333333
21720,3486276,card_addr,0.0833333333333333
21720,3571142,card_addr,0.0833333333333333
21720,3345608,card_addr,0.0833333333333333
21720,3149780,card_addr,0.0833333333333333
21720,3534804,card_addr,0.0833333333333333
21720,3534807,card_addr,0.0833333333333333
21720,3141592,card_addr,0.0833333333333333
21720,3156441,card_addr,0.0833333333333333
21720,3534808,card_addr,0.0833333333333333
21720,3534809,card_addr,0.0833333333333333
21720,3534810,card_addr,0.0833333333333333
21720,3076458,card_addr,0.0833333333333333
21720,3349358,card_addr,0.0833333333333333
21720,3155185,card_addr,0.0833333333333333
21809,3329247,card_addr,0.2
21809,3115075,card_addr,0.2
21809,3036230,card_addr,0.2
21809,3078696,card_addr,0.2
21809,3354056,card_addr,0.2
21809,3402156,card_addr,0.2
21809,3487725,card_addr,0.2
21809,3402159,card_addr,0.2
21809,3079697,card_addr,0.2
21809,3015987,card_addr,0.2
21809,3402164,card_addr,0.2
21809,3186652,card_addr,0.2
21809,3132573,card_addr,0.2
21809,3078718,card_addr,0.2
21809,3268767,card_addr,0.2
21930,3436992,card_addr,0.25
21930,3016181,card_addr,0.25
21930,3063054,card_addr,0.25
21930,3188879,card_addr,0.25
22010,3274112,card_addr,0.2027027027027027
22010,3172225,card_addr,0.2027027027027027
22010,3397889,card_addr,0.2027027027027027
22010,3112323,card_addr,0.2027027027027027
22010,3274104,card_addr,0.2027027027027027
22010,3254790,card_addr,0.2027027027027027
22010,3429766,card_addr,0.2027027027027027
22010,3481607,card_addr,0.2027027027027027
22010,3144073,card_addr,0.2027027027027027
22010,3069578,card_addr,0.2027027027027027
22010,3097341,card_addr,0.2027027027027027
22010,3124748,card_addr,0.2027027027027027
22010,3181194,card_addr,0.2027027027027027
22010,3331596,card_addr,0.2027027027027027
22010,3563402,card_addr,0.2027027027027027
22010,3528978,card_addr,0.2027027027027027
22010,3144088,card_addr,0.2027027027027027
22010,3347609,card_addr,0.2027027027027027
22010,3568025,card_addr,0.2027027027027027
22010,3347611,card_addr,0.2027027027027027
22010,3142940,card_addr,0.2027027027027027
22010,3274109,card_addr,0.2027027027027027
22010,3424924,card_addr,0.2027027027027027
22010,3353377,card_addr,0.2027027027027027
22010,3274275,card_addr,0.2027027027027027
22010,3161509,card_addr,0.2027027027027027
22010,3552683,card_addr,0.2027027027027027
22010,3509297,card_addr,0.2027027027027027
22010,3141044,card_addr,0.2027027027027027
22010,3341748,card_addr,0.2027027027027027
22010,3177014,card_addr,0.2027027027027027
22010,3394740,card_addr,0.2027027027027027
22010,3472949,card_addr,0.2027027027027027
22010,3557942,card_addr,0.2027027027027027
22010,3079098,card_addr,0.2027027027027027
22010,3046970,card_addr,0.2027027027027027
22010,3123515,card_addr,0.2027027027027027
22010,3353537,card_addr,0.2027027027027027
22010,3168712,card_addr,0.2027027027027027
22010,3201992,card_addr,0.2027027027027027
22010,3155402,card_addr,0.2027027027027027
22010,3162314,card_addr,0.2027027027027027
22010,3243512,card_addr,0.2027027027027027
22010,3244238,card_addr,0.2027027027027027
22010,3162320,card_addr,0.2027027027027027
22010,3244113,card_addr,0.2027027027027027
22010,3193170,card_addr,0.2027027027027027
22010,3425746,card_addr,0.2027027027027027
22010,3122262,card_addr,0.2027027027027027
22010,3126742,card_addr,0.2027027027027027
22010,3378047,card_addr,0.2027027027027027
22010,3370462,card_addr,0.2027027027027027
22010,3153120,card_addr,0.2027027027027027
22010,3519714,card_addr,0.2027027027027027
22010,3016293,card_addr,0.2027027027027027
22010,3367013,card_addr,0.2027027027027027
22010,3378791,card_addr,0.2027027027027027
22010,3058537,card_addr,0.2027027027027027
22010,3438188,card_addr,0.2027027027027027
22010,3023470,card_addr,0.2027027027027027
22010,3148783,card_addr,0.2027027027027027
22010,3364721,card_addr,0.2027027027027027
22010,3164658,card_addr,0.2027027027027027
22010,3150323,card_addr,0.2027027027027027
22010,3357683,card_addr,0.2027027027027027
22010,3391603,card_addr,0.2027027027027027
22010,3481078,card_addr,0.2027027027027027
22010,3165176,card_addr,0.2027027027027027
22010,3163514,card_addr,0.2027027027027027
22010,3540219,card_addr,0.2027027027027027
22010,3023484,card_addr,0.2027027027027027
22010,3121277,card_addr,0.2027027027027027
22010,3274750,card_addr,0.2027027027027027
22010,3067647,card_addr,0.2027027027027027
22070,3092519,card_addr,0.1111111111111111
22070,3016391,card_addr,0.1111111111111111
22070,3525080,card_addr,0.1111111111111111
22070,3135983,card_addr,0.1111111111111111
22070,3065649,card_addr,0.1111111111111111
22070,3063543,card_addr,0.1111111111111111
22070,3271096,card_addr,0.1111111111111111
22070,3169913,card_addr,0.1111111111111111
22070,3161658,card_addr,0.1111111111111111
22197,3101569,card_addr,0.2
22197,3448230,card_addr,0.2
22197,3101740,card_addr,0.2
22197,3101715,card_addr,0.2
22197,3016574,card_addr,0.2
22242,3016649,card_addr,0.2
22242,3479627,card_addr,0.2
22242,3479021,card_addr,0.2
22242,3516596,card_addr,0.2
22242,3552607,card_addr,0.2
22387,3097349,card_addr,0.1666666666666666
22387,3016874,card_addr,0.1666666666666666
22387,3097330,card_addr,0.1666666666666666
22387,3097331,card_addr,0.1666666666666666
22387,3097366,card_addr,0.1666666666666666
22387,3107838,card_addr,0.1666666666666666
22430,3455873,card_addr,0.0769230769230769
22430,3017058,card_addr,0.0769230769230769
22430,3028324,card_addr,0.0769230769230769
22430,3461316,card_addr,0.0769230769230769
22430,3026509,card_addr,0.0769230769230769
22430,3025806,card_addr,0.0769230769230769
22430,3032369,card_addr,0.0769230769230769
22430,3016946,card_addr,0.0769230769230769
22430,3017044,card_addr,0.0769230769230769
22430,3032375,card_addr,0.0769230769230769
22430,3441784,card_addr,0.0769230769230769
22430,3028602,card_addr,0.0769230769230769
22430,3461340,card_addr,0.0769230769230769
22441,3016961,card_addr,0.2666666666666666
22441,3018403,card_addr,0.2666666666666666
22441,3022596,card_addr,0.2666666666666666
22441,3040102,card_addr,0.2666666666666666
22441,3083466,card_addr,0.2666666666666666
22441,3145706,card_addr,0.2666666666666666
22441,3322315,card_addr,0.2666666666666666
22441,3018416,card_addr,0.2666666666666666
22441,3410449,card_addr,0.2666666666666666
22441,3553782,card_addr,0.2666666666666666
22441,3347033,card_addr,0.2666666666666666
22441,3018395,card_addr,0.2666666666666666
22441,3366268,card_addr,0.2666666666666666
22441,3241085,card_addr,0.2666666666666666
22441,3487199,card_addr,0.2666666666666666
22442,3016962,card_addr,0.075
22442,3263491,card_addr,0.075
22442,3071748,card_addr,0.075
22442,3263746,card_addr,0.075
22442,3236872,card_addr,0.075
22442,3263497,card_addr,0.075
22442,3263754,card_addr,0.075
22442,3236879,card_addr,0.075
22442,3171861,card_addr,0.075
22442,3236889,card_addr,0.075
22442,3263518,card_addr,0.075
22442,3263905,card_addr,0.075
22442,3071779,card_addr,0.075
22442,3565220,card_addr,0.075
22442,3037989,card_addr,0.075
22442,3071781,card_addr,0.075
22442,3071783,card_addr,0.075
22442,3263527,card_addr,0.075
22442,3221162,card_addr,0.075
22442,3219885,card_addr,0.075
22442,3263537,card_addr,0.075
22442,3436983,card_addr,0.075
22442,3374272,card_addr,0.075
22442,3219912,card_addr,0.075
22442,3121483,card_addr,0.075
22442,3241676,card_addr,0.075
22442,3223760,card_addr,0.075
22442,3277649,card_addr,0.075
22442,3221208,card_addr,0.075
22442,3075419,card_addr,0.075
22442,3235560,card_addr,0.075
22442,3263721,card_addr,0.075
22442,3263469,card_addr,0.075
22442,3263727,card_addr,0.075
22442,3223793,card_addr,0.075
22442,3218675,card_addr,0.075
22442,3576307,card_addr,0.075
22442,3574263,card_addr,0.075
22442,3263737,card_addr,0.075
22442,3263483,card_addr,0.075
22495,3532168,card_addr,0.0714285714285714
22495,3201162,card_addr,0.0714285714285714
22495,3060509,card_addr,0.0714285714285714
22495,3074718,card_addr,0.0714285714285714
22495,3079206,card_addr,0.0714285714285714
22495,3186474,card_addr,0.0714285714285714
22495,3079212,card_addr,0.0714285714285714
22495,3526957,card_addr,0.0714285714285714
22495,3413039,card_addr,0.0714285714285714
22495,3526964,card_addr,0.0714285714285714
22495,3496375,card_addr,0.0714285714285714
22495,3201211,card_addr,0.0714285714285714
22495,3263422,card_addr,0.0714285714285714
22495,3101775,card_addr,0.0714285714285714
22495,3518327,card_addr,0.0714285714285714
22495,3017046,card_addr,0.0714285714285714
22495,3060823,card_addr,0.0714285714285714
22495,3372504,card_addr,0.0714285714285714
22495,3076072,card_addr,0.0714285714285714
22495,3088744,card_addr,0.0714285714285714
22495,3080044,card_addr,0.0714285714285714
22495,3102320,card_addr,0.0714285714285714
22495,3046129,card_addr,0.0714285714285714
22495,3185010,card_addr,0.0714285714285714
22495,3422965,card_addr,0.0714285714285714
22495,3422967,card_addr,0.0714285714285714
22495,3518331,card_addr,0.0714285714285714
22495,3097853,card_addr,0.0714285714285714
22544,3071841,card_addr,0.2222222222222222
22544,3017126,card_addr,0.2222222222222222
22544,3331417,card_addr,0.2222222222222222
22544,3476716,card_addr,0.2222222222222222
22544,3331415,card_addr,0.2222222222222222
22544,3281016,card_addr,0.2222222222222222
22544,3179449,card_addr,0.2222222222222222
22544,3274875,card_addr,0.2222222222222222
22544,3331420,card_addr,0.2222222222222222
22635,3289796,card_addr,0.1
22635,3305062,card_addr,0.1
22635,3561734,card_addr,0.1
22635,3302472,card_addr,0.1
22635,3268139,card_addr,0.1
22635,3017260,card_addr,0.1
22635,3035918,card_addr,0.1
22635,3412399,card_addr,0.1
22635,3354932,card_addr,0.1
22635,3060506,card_addr,0.1
22656,3397638,card_addr,0.24
22656,3570569,card_addr,0.24
22656,3068571,card_addr,0.24
22656,3321373,card_addr,0.24
22656,3143333,card_addr,0.24
22656,3098278,card_addr,0.24
22656,3103026,card_addr,0.24
22656,3094967,card_addr,0.24
22656,3445950,card_addr,0.24
22656,3067327,card_addr,0.24
22656,3067334,card_addr,0.24
22656,3547974,card_addr,0.24
22656,3017290,card_addr,0.24
22656,3534419,card_addr,0.24
22656,3537504,card_addr,0.24
22656,3132772,card_addr,0.24
22656,3116390,card_addr,0.24
22656,3537511,card_addr,0.24
22656,3537512,card_addr,0.24
22656,3155306,card_addr,0.24
22656,3158893,card_addr,0.24
22656,3531502,card_addr,0.24
22656,3031415,card_addr,0.24
22656,3455484,card_addr,0.24
22656,3464190,card_addr,0.24
22698,3020897,card_addr,1.0
22698,3020923,card_addr,1.0
22698,3017355,card_addr,1.0
22698,3020822,card_addr,1.0
22724,3374853,card_addr,0.1212121212121212
22724,3374726,card_addr,0.1212121212121212
22724,3269260,card_addr,0.1212121212121212
22724,3512080,card_addr,0.1212121212121212
22724,3358482,card_addr,0.1212121212121212
22724,3027482,card_addr,0.1212121212121212
22724,3021210,card_addr,0.1212121212121212
22724,3095718,card_addr,0.1212121212121212
22724,3098536,card_addr,0.1212121212121212
22724,3420331,card_addr,0.1212121212121212
22724,3358380,card_addr,0.1212121212121212
22724,3567150,card_addr,0.1212121212121212
22724,3017395,card_addr,0.1212121212121212
22724,3159989,card_addr,0.1212121212121212
22724,3555901,card_addr,0.1212121212121212
22724,3392582,card_addr,0.1212121212121212
22724,3028301,card_addr,0.1212121212121212
22724,3081938,card_addr,0.1212121212121212
22724,3099218,card_addr,0.1212121212121212
22724,3098843,card_addr,0.1212121212121212
22724,3083101,card_addr,0.1212121212121212
22724,3172577,card_addr,0.1212121212121212
22724,3168610,card_addr,0.1212121212121212
22724,3032803,card_addr,0.1212121212121212
22724,3496289,card_addr,0.1212121212121212
22724,3032812,card_addr,0.1212121212121212
22724,3148654,card_addr,0.1212121212121212
22724,3393134,card_addr,0.1212121212121212
22724,3050742,card_addr,0.1212121212121212
22724,3080439,card_addr,0.1212121212121212
22724,3411702,card_addr,0.1212121212121212
22724,3052669,card_addr,0.1212121212121212
22724,3095807,card_addr,0.1212121212121212
22753,3254178,card_addr,0.2307692307692307
22753,3083333,card_addr,0.2307692307692307
22753,3253670,card_addr,0.2307692307692307
22753,3270757,card_addr,0.2307692307692307
22753,3287237,card_addr,0.2307692307692307
22753,3287239,card_addr,0.2307692307692307
22753,3364202,card_addr,0.2307692307692307
22753,3270738,card_addr,0.2307692307692307
22753,3376691,card_addr,0.2307692307692307
22753,3389240,card_addr,0.2307692307692307
22753,3287255,card_addr,0.2307692307692307
22753,3155992,card_addr,0.2307692307692307
22753,3017435,card_addr,0.2307692307692307
22885,3069223,card_addr,0.2222222222222222
22885,3431815,card_addr,0.2222222222222222
22885,3202189,card_addr,0.2222222222222222
22885,3127374,card_addr,0.2222222222222222
22885,3328881,card_addr,0.2222222222222222
22885,3263925,card_addr,0.2222222222222222
22885,3163385,card_addr,0.2222222222222222
22885,3017658,card_addr,0.2222222222222222
22885,3089757,card_addr,0.2222222222222222
22892,3215748,card_addr,0.15625
22892,3433861,card_addr,0.15625
22892,3069450,card_addr,0.15625
22892,3169802,card_addr,0.15625
22892,3252239,card_addr,0.15625
22892,3465233,card_addr,0.15625
22892,3203350,card_addr,0.15625
22892,3034909,card_addr,0.15625
22892,3129510,card_addr,0.15625
22892,3266986,card_addr,0.15625
22892,3420845,card_addr,0.15625
22892,3203374,card_addr,0.15625
22892,3086127,card_addr,0.15625
22892,3344686,card_addr,0.15625
22892,3283505,card_addr,0.15625
22892,3202995,card_addr,0.15625
22892,3178934,card_addr,0.15625
22892,3407418,card_addr,0.15625
22892,3029695,card_addr,0.15625
22892,3565893,card_addr,0.15625
22892,3547206,card_addr,0.15625
22892,3017672,card_addr,0.15625
22892,3267277,card_addr,0.15625
22892,3203406,card_addr,0.15625
22892,3067984,card_addr,0.15625
22892,3203417,card_addr,0.15625
22892,3043034,card_addr,0.15625
22892,3153632,card_addr,0.15625
22892,3434848,card_addr,0.15625
22892,3530853,card_addr,0.15625
22892,3111547,card_addr,0.15625
22892,3215743,card_addr,0.15625
22921,3084707,card_addr,0.1428571428571428
22921,3084651,card_addr,0.1428571428571428
22921,3020656,card_addr,0.1428571428571428
22921,3092722,card_addr,0.1428571428571428
22921,3017716,card_addr,0.1428571428571428
22921,3162260,card_addr,0.1428571428571428
22921,3110075,card_addr,0.1428571428571428
22949,3447553,device,0.1333333333333333
22949,3549057,device,0.1333333333333333
22949,3318661,device,0.1333333333333333
22949,3549061,device,0.1333333333333333
22949,3247374,device,0.1333333333333333
22949,3073935,device,0.1333333333333333
22949,3126928,device,0.1333333333333333
22949,3052949,device,0.1333333333333333
22949,3129879,device,0.1333333333333333
22949,3073946,device,0.1333333333333333
22949,3454746,device,0.1333333333333333
22949,3073950,device,0.1333333333333333
22949,3289506,device,0.1333333333333333
22949,3017763,device,0.1333333333333333
22949,3102377,device,0.1333333333333333
22949,3175212,device,0.1333333333333333
22949,3359276,device,0.1333333333333333
22949,3017775,device,0.1333333333333333
22949,3359279,device,0.1333333333333333
22949,3052215,device,0.1333333333333333
22949,3549055,device,0.1333333333333333
22949,3448377,device,0.1333333333333333
22949,3359418,device,0.1333333333333333
22949,3019452,device,0.1333333333333333
22949,3359420,device,0.1333333333333333
22949,3420605,device,0.1333333333333333
22949,3543612,device,0.1333333333333333
22949,3560515,device,0.1333333333333333
22949,3243973,device,0.1333333333333333
22949,3560517,device,0.1333333333333333
22949,3505656,device,0.1333333333333333
22949,3359312,device,0.1333333333333333
22949,3359316,device,0.1333333333333333
22949,3364438,device,0.1333333333333333
22949,3121367,device,0.1333333333333333
22949,3487574,device,0.1333333333333333
22949,3406170,device,0.1333333333333333
22949,3092828,device,0.1333333333333333
22949,3359326,device,0.1333333333333333
22949,3247200,device,0.1333333333333333
22949,3368544,device,0.1333333333333333
22949,3019490,device,0.1333333333333333
22949,3359458,device,0.1333333333333333
22949,3454692,device,0.1333333333333333
22949,3247461,device,0.1333333333333333
22949,3545827,device,0.1333333333333333
22949,3317737,device,0.1333333333333333
22949,3031148,device,0.1333333333333333
22949,3074544,device,0.1333333333333333
22949,3242609,device,0.1333333333333333
22949,3426544,device,0.1333333333333333
22949,3359347,device,0.1333333333333333
22949,3359475,device,0.1333333333333333
22949,3318517,device,0.1333333333333333
22949,3547766,device,0.1333333333333333
22949,3527799,device,0.1333333333333333
22949,3477496,device,0.1333333333333333
22949,3026556,device,0.1333333333333333
22949,3241213,device,0.1333333333333333
22949,3073919,device,0.1333333333333333
22959,3069122,card_addr,0.1
22959,3048515,card_addr,0.1
22959,3472802,card_addr,0.1
22959,3468232,card_addr,0.1
22959,3342223,card_addr,0.1
22959,3468273,card_addr,0.1
22959,3017781,card_addr,0.1
22959,3028187,card_addr,0.1
22959,3467357,card_addr,0.1
22959,3209951,card_addr,0.1
22973,3260903,card_addr,0.4
22973,3409479,card_addr,0.4
22973,3017803,card_addr,0.4
22973,3493550,card_addr,0.4
22973,3119282,card_addr,0.4
22973,3118934,card_addr,0.4
22973,3545046,card_addr,0.4
22973,3418744,card_addr,0.4
22973,3111230,card_addr,0.4
22973,3195455,card_addr,0.4
22978,3306754,card_addr,0.0769230769230769
22978,3084963,card_addr,0.0769230769230769
22978,3574594,card_addr,0.0769230769230769
22978,3574596,card_addr,0.0769230769230769
22978,3355438,card_addr,0.0769230769230769
22978,3574702,card_addr,0.0769230769230769
22978,3060624,card_addr,0.0769230769230769
22978,3501681,card_addr,0.0769230769230769
22978,3557712,card_addr,0.0769230769230769
22978,3017812,card_addr,0.0769230769230769
22978,3574586,card_addr,0.0769230769230769
22978,3574589,card_addr,0.0769230769230769
22978,3143615,card_addr,0.0769230769230769
23061,3348964,card_addr,0.1428571428571428
23061,3045700,card_addr,0.1428571428571428
23061,3094564,card_addr,0.1428571428571428
23061,3477519,card_addr,0.1428571428571428
23061,3477527,card_addr,0.1428571428571428
23061,3017943,card_addr,0.1428571428571428
23061,3017979,card_addr,0.1428571428571428
23081,3017986,device,0.1212121212121212
23081,3400589,device,0.1212121212121212
23081,3367183,device,0.1212121212121212
23081,3019920,device,0.1212121212121212
23081,3240465,device,0.1212121212121212
23081,3366418,device,0.1212121212121212
23081,3364629,device,0.1212121212121212
23081,3251734,device,0.1212121212121212
23081,3366421,device,0.1212121212121212
23081,3367191,device,0.1212121212121212
23081,3357854,device,0.1212121212121212
23081,3408414,device,0.1212121212121212
23081,3367200,device,0.1212121212121212
23081,3367204,device,0.1212121212121212
23081,3506101,device,0.1212121212121212
23081,3203512,device,0.1212121212121212
23081,3424442,device,0.1212121212121212
23081,3366459,device,0.1212121212121212
23081,3366465,device,0.1212121212121212
23081,3515077,device,0.1212121212121212
23081,3217095,device,0.1212121212121212
23081,3321162,device,0.1212121212121212
23081,3266897,device,0.1212121212121212
23081,3251543,device,0.1212121212121212
23081,3421145,device,0.1212121212121212
23081,3237851,device,0.1212121212121212
23081,3095387,device,0.1212121212121212
23081,3018844,device,0.1212121212121212
23081,3225578,device,0.1212121212121212
23081,3228527,device,0.1212121212121212
23081,3017973,device,0.1212121212121212
23081,3382134,device,0.1212121212121212
23081,3380346,device,0.1212121212121212
23247,3163334,device,0.25
23247,3370791,device,0.25
23247,3376077,device,0.25
23247,3370863,device,0.25
23247,3018226,device,0.25
23247,3376083,device,0.25
23247,3376087,device,0.25
23247,3376090,device,0.25
23276,3288839,device,0.54
23276,3165835,device,0.54
23276,3039885,device,0.54
23276,3039886,device,0.54
23276,3086223,device,0.54
23276,3273617,device,0.54
23276,3223186,device,0.54
23276,3273624,device,0.54
23276,3171356,device,0.54
23276,3273628,device,0.54
23276,3018272,device,0.54
23276,3273121,device,0.54
23276,3273122,device,0.54
23276,3273632,device,0.54
23276,3273124,device,0.54
23276,3273634,device,0.54
23276,3273638,device,0.54
23276,3273639,device,0.54
23276,3273642,device,0.54
23276,3416750,device,0.54
23276,3416753,device,0.54
23276,3379639,device,0.54
23276,3039801,device,0.54
23276,3408571,device,0.54
23276,3379644,device,0.54
23276,3262019,device,0.54
23276,3416771,device,0.54
23276,3273162,device,0.54
23276,3379659,device,0.54
23276,3273164,device,0.54
23276,3273165,device,0.54
23276,3273166,device,0.54
23276,3264849,device,0.54
23276,3103059,device,0.54
23276,3558868,device,0.54
23276,3264853,device,0.54
23276,3379669,device,0.54
23276,3203416,device,0.54
23276,3092952,device,0.54
23276,3264859,device,0.54
23276,3394140,device,0.54
23276,3255650,device,0.54
23276,3319010,device,0.54
23276,3290852,device,0.54
23276,3381604,device,0.54
23276,3381606,device,0.54
23276,3141735,device,0.54
23276,3055467,device,0.54
23276,3233643,device,0.54
23276,3068785,device,0.54
23336,3278153,card_addr,0.2
23336,3170825,card_addr,0.2
23336,3545962,card_addr,0.2
23336,3018380,card_addr,0.2
23336,3134036,card_addr,0.2
23361,3301892,device,0.1481481481481481
23361,3428862,device,0.1481481481481481
23361,3323656,device,0.1481481481481481
23361,3075214,device,0.1481481481481481
23361,3335166,device,0.1481481481481481
23361,3377943,device,0.1481481481481481
23361,3496863,device,0.1481481481481481
23361,3113901,device,0.1481481481481481
23361,3171374,device,0.1481481481481481
23361,3454003,device,0.1481481481481481
23361,3183804,device,0.1481481481481481
23361,3018428,device,0.1481481481481481
23361,3391039,device,0.1481481481481481
23361,3177412,device,0.1481481481481481
23361,3301956,device,0.1481481481481481
23361,3301830,device,0.1481481481481481
23361,3379270,device,0.1481481481481481
23361,3266890,device,0.1481481481481481
23361,3183821,device,0.1481481481481481
23361,3174228,device,0.1481481481481481
23361,3109347,device,0.1481481481481481
23361,3018470,device,0.1481481481481481
23361,3229545,device,0.1481481481481481
23361,3235180,device,0.1481481481481481
23361,3235191,device,0.1481481481481481
23361,3242746,device,0.1481481481481481
23361,3057278,device,0.1481481481481481
23385,3028224,card_addr,0.25
23385,3018465,card_addr,0.25
23385,3065716,card_addr,0.25
23385,3042301,card_addr,0.25
23467,3199361,device,0.1428571428571428
23467,3272194,device,0.1428571428571428
23467,3150211,device,0.1428571428571428
23467,3199366,device,0.1428571428571428
23467,3303308,device,0.1428571428571428
23467,3049234,device,0.1428571428571428
23467,3199381,device,0.1428571428571428
23467,3176214,device,0.1428571428571428
23467,3456663,device,0.1428571428571428
23467,3446552,device,0.1428571428571428
23467,3176218,device,0.1428571428571428
23467,3303836,device,0.1428571428571428
23467,3557404,device,0.1428571428571428
23467,3176222,device,0.1428571428571428
23467,3124003,device,0.1428571428571428
23467,3303217,device,0.1428571428571428
23467,3153714,device,0.1428571428571428
23467,3199426,device,0.1428571428571428
23467,3376578,device,0.1428571428571428
23467,3469252,device,0.1428571428571428
23467,3303237,device,0.1428571428571428
23467,3341381,device,0.1428571428571428
23467,3358974,device,0.1428571428571428
23467,3261776,device,0.1428571428571428
23467,3199313,device,0.1428571428571428
23467,3424976,device,0.1428571428571428
23467,3152216,device,0.1428571428571428
23467,3528409,device,0.1428571428571428
23467,3303259,device,0.1428571428571428
23467,3389534,device,0.1428571428571428
23467,3273055,device,0.1428571428571428
23467,3303264,device,0.1428571428571428
23467,3018594,device,0.1428571428571428
23467,3391591,device,0.1428571428571428
23467,3401831,device,0.1428571428571428
23467,3271275,device,0.1428571428571428
23467,3154028,device,0.1428571428571428
23467,3303275,device,0.1428571428571428
23467,3358843,device,0.1428571428571428
23467,3413107,device,0.1428571428571428
23467,3107195,device,0.1428571428571428
23467,3111934,device,0.1428571428571428
23657,3039620,card_addr,0.08
23657,3466000,card_addr,0.08
23657,3467156,card_addr,0.08
23657,3196054,card_addr,0.08
23657,3357721,card_addr,0.08
23657,3321243,card_addr,0.08
23657,3432353,card_addr,0.08
23657,3018916,card_addr,0.08
23657,3449255,card_addr,0.08
23657,3527851,card_addr,0.08
23657,3566381,card_addr,0.08
23657,3432246,card_addr,0.08
23657,3178552,card_addr,0.08
23657,3469245,card_addr,0.08
23657,3460032,card_addr,0.08
23657,3167685,card_addr,0.08
23657,3051207,card_addr,0.08
23657,3471945,card_addr,0.08
23657,3253206,card_addr,0.08
23657,3259612,card_addr,0.08
23657,3122535,card_addr,0.08
23657,3197297,card_addr,0.08
23657,3197300,card_addr,0.08
23657,3048186,card_addr,0.08
23657,3082751,card_addr,0.08
23711,3393040,card_addr,0.6
23711,3035344,card_addr,0.6
23711,3022584,card_addr,0.6
23711,3019001,card_addr,0.6
23711,3022591,card_addr,0.6
23888,3019299,card_addr,0.2666666666666666
23888,3401379,card_addr,0.2666666666666666
23888,3062715,card_addr,0.2666666666666666
23888,3407095,card_addr,0.2666666666666666
23888,3220970,card_addr,0.2666666666666666
23888,3023563,card_addr,0.2666666666666666
23888,3404045,card_addr,0.2666666666666666
23888,3083951,card_addr,0.2666666666666666
23888,3491568,card_addr,0.2666666666666666
23888,3151281,card_addr,0.2666666666666666
23888,3323060,card_addr,0.2666666666666666
23888,3100119,card_addr,0.2666666666666666
23888,3400857,card_addr,0.2666666666666666
23888,3083995,card_addr,0.2666666666666666
23888,3402717,card_addr,0.2666666666666666
23907,3035533,card_addr,0.25
23907,3019333,card_addr,0.25
23907,3034013,card_addr,0.25
23907,3342687,card_addr,0.25
23938,3447043,device,0.5333333333333333
23938,3432580,device,0.5333333333333333
23938,3407493,device,0.5333333333333333
23938,3438084,device,0.5333333333333333
23938,3110409,device,0.5333333333333333
23938,3265291,device,0.5333333333333333
23938,3421965,device,0.5333333333333333
23938,3421966,device,0.5333333333333333
23938,3421968,device,0.5333333333333333
23938,3257619,device,0.5333333333333333
23938,3037716,device,0.5333333333333333
23938,3438228,device,0.5333333333333333
23938,3437210,device,0.5333333333333333
23938,3405723,device,0.5333333333333333
23938,3437213,device,0.5333333333333333
23938,3135262,device,0.5333333333333333
23938,3447033,device,0.5333333333333333
23938,3221798,device,0.5333333333333333
23938,3406759,device,0.5333333333333333
23938,3048874,device,0.5333333333333333
23938,3438379,device,0.5333333333333333
23938,3438380,device,0.5333333333333333
23938,3432877,device,0.5333333333333333
23938,3438381,device,0.5333333333333333
23938,3315375,device,0.5333333333333333
23938,3438382,device,0.5333333333333333
23938,3407793,device,0.5333333333333333
23938,3438383,device,0.5333333333333333
23938,3438385,device,0.5333333333333333
23938,3434804,device,0.5333333333333333
23938,3432633,device,0.5333333333333333
23938,3169853,device,0.5333333333333333
23938,3469633,device,0.5333333333333333
23938,3395652,device,0.5333333333333333
23938,3445701,device,0.5333333333333333
23938,3068488,device,0.5333333333333333
23938,3305672,device,0.5333333333333333
23938,3432650,device,0.5333333333333333
23938,3074380,device,0.5333333333333333
23938,3432653,device,0.5333333333333333
23938,3433038,device,0.5333333333333333
23938,3026383,device,0.5333333333333333
23938,3498316,device,0.5333333333333333
23938,3433041,device,0.5333333333333333
23938,3543502,device,0.5333333333333333
23938,3439573,device,0.5333333333333333
23938,3433046,device,0.5333333333333333
23938,3427288,device,0.5333333333333333
23938,3124826,device,0.5333333333333333
23938,3036126,device,0.5333333333333333
23938,3465824,device,0.5333333333333333
23938,3068519,device,0.5333333333333333
23938,3072231,device,0.5333333333333333
23938,3207277,device,0.5333333333333333
23938,3425903,device,0.5333333333333333
23938,3150068,device,0.5333333333333333
23938,3150070,device,0.5333333333333333
23938,3353976,device,0.5333333333333333
23938,3291897,device,0.5333333333333333
23938,3019389,device,0.5333333333333333
23947,3019402,device,0.3333333333333333
23947,3088013,device,0.3333333333333333
23947,3369487,device,0.3333333333333333
23961,3169795,device,0.375
23961,3090917,device,0.375
23961,3019431,device,0.375
23961,3169806,device,0.375
23961,3169810,device,0.375
23961,3117460,device,0.375
23961,3320052,device,0.375
23961,3076473,device,0.375
23972,3267968,device,0.84375
23972,3059594,device,0.84375
23972,3331986,device,0.84375
23972,3331989,device,0.84375
23972,3331992,device,0.84375
23972,3267994,device,0.84375
23972,3331997,device,0.84375
23972,3332000,device,0.84375
23972,3381920,device,0.84375
23972,3332003,device,0.84375
23972,3332007,device,0.84375
23972,3332009,device,0.84375
23972,3332010,device,0.84375
23972,3383595,device,0.84375
23972,3332013,device,0.84375
23972,3332014,device,0.84375
23972,3331894,device,0.84375
23972,3019449,device,0.84375
23972,3059645,device,0.84375
23972,3180479,device,0.84375
23972,3099077,device,0.84375
23972,3227999,device,0.84375
23972,3203552,device,0.84375
23972,3203553,device,0.84375
23972,3203554,device,0.84375
23972,3203556,device,0.84375
23972,3228012,device,0.84375
23972,3169139,device,0.84375
23972,3228020,device,0.84375
23972,3267960,device,0.84375
23972,3267962,device,0.84375
23972,3228028,device,0.84375
24009,3316865,card_addr,0.1
24009,3032217,card_addr,0.1
24009,3092362,card_addr,0.1
24009,3100045,card_addr,0.1
24009,3020590,card_addr,0.1
24009,3510417,card_addr,0.1
24009,3070996,card_addr,0.1
24009,3126776,card_addr,0.1
24009,3019513,card_addr,0.1
24009,3171838,card_addr,0.1
24067,3022466,card_addr,1.0
24067,3022120,card_addr,1.0
24067,3021459,card_addr,1.0
24067,3022035,card_addr,1.0
24067,3019615,card_addr,1.0
24096,3092198,card_addr,0.6
24096,3136652,card_addr,0.6
24096,3019662,card_addr,0.6
24096,3160439,card_addr,0.6
24096,3160443,card_addr,0.6
24216,3231168,card_addr,0.25
24216,3021697,card_addr,0.25
24216,3021702,card_addr,0.25
24216,3064326,card_addr,0.25
24216,3023306,card_addr,0.25
24216,3104778,card_addr,0.25
24216,3019855,card_addr,0.25
24216,3214159,card_addr,0.25
24216,3052599,card_addr,0.25
24216,3430491,card_addr,0.25
24216,3231164,card_addr,0.25
24216,3336029,card_addr,0.25
24224,3070114,card_addr,0.3846153846153846
24224,3148388,card_addr,0.3846153846153846
24224,3019877,card_addr,0.3846153846153846
24224,3148389,card_addr,0.3846153846153846
24224,3160007,card_addr,0.3846153846153846
24224,3070120,card_addr,0.3846153846153846
24224,3270892,card_addr,0.3846153846153846
24224,3164109,card_addr,0.3846153846153846
24224,3151790,card_addr,0.3846153846153846
24224,3019887,card_addr,0.3846153846153846
24224,3140344,card_addr,0.3846153846153846
24224,3019869,card_addr,0.3846153846153846
24224,3058302,card_addr,0.3846153846153846
24347,3045014,card_addr,0.1052631578947368
24347,3020054,card_addr,0.1052631578947368
24347,3096858,card_addr,0.1052631578947368
24347,3161123,card_addr,0.1052631578947368
24347,3429545,card_addr,0.1052631578947368
24347,3208237,card_addr,0.1052631578947368
24347,3045691,card_addr,0.1052631578947368
24347,3029373,card_addr,0.1052631578947368
24347,3435198,card_addr,0.1052631578947368
24347,3059006,card_addr,0.1052631578947368
24347,3524309,card_addr,0.1052631578947368
24347,3108058,card_addr,0.1052631578947368
24347,3206746,card_addr,0.1052631578947368
24347,3066730,card_addr,0.1052631578947368
24347,3191150,card_addr,0.1052631578947368
24347,3563771,card_addr,0.1052631578947368
24347,3131773,card_addr,0.1052631578947368
24347,3487742,card_addr,0.1052631578947368
24347,3340543,card_addr,0.1052631578947368
24348,3020101,device,0.5
24348,3108326,device,0.5
24348,3229959,device,0.5
24348,3538897,device,0.5
24348,3020056,device,0.5
24348,3020089,device,0.5
24449,3162080,card_addr,0.6
24449,3020227,card_addr,0.6
24449,3164068,card_addr,0.6
24449,3520707,card_addr,0.6
24449,3161832,card_addr,0.6
24449,3162219,card_addr,0.6
24449,3164363,card_addr,0.6
24449,3165547,card_addr,0.6
24449,3167470,card_addr,0.6
24449,3286156,card_addr,0.6
24449,3206129,card_addr,0.6
24449,3163155,card_addr,0.6
24449,3165525,card_addr,0.6
24449,3164667,card_addr,0.6
24449,3167453,card_addr,0.6
24500,3473664,card_addr,0.1052631578947368
24500,3473666,card_addr,0.1052631578947368
24500,3144587,card_addr+device,0.1052631578947368
24500,3020311,card_addr+device,0.1052631578947368
24500,3029919,device,0.1052631578947368
24500,3279292,card_addr,0.1052631578947368
24500,3467846,card_addr,0.1052631578947368
24500,3571913,card_addr,0.1052631578947368
24500,3323979,card_addr,0.1052631578947368
24500,3571916,card_addr,0.1052631578947368
24500,3408848,card_addr,0.1052631578947368
24500,3571927,card_addr,0.1052631578947368
24500,3096536,card_addr+device,0.1052631578947368
24500,3096539,card_addr+device,0.1052631578947368
24500,3023968,device,0.1052631578947368
24500,3096551,card_addr+device,0.1052631578947368
24500,3096559,card_addr+device,0.1052631578947368
24500,3046396,device,0.1052631578947368
24500,3048319,card_addr+device,0.1052631578947368
24502,3305609,card_addr,0.5
24502,3358731,card_addr,0.5
24502,3353997,card_addr,0.5
24502,3480464,card_addr,0.5
24502,3249428,card_addr,0.5
24502,3261207,card_addr,0.5
24502,3249433,card_addr,0.5
24502,3020314,card_addr,0.5
24502,3261222,card_addr,0.5
24502,3524134,card_addr,0.5
24502,3354024,card_addr,0.5
24502,3357736,card_addr,0.5
24502,3522090,card_addr,0.5
24502,3543207,card_addr,0.5
24502,3250606,card_addr,0.5
24502,3250634,card_addr,0.5
24502,3250648,card_addr,0.5
24502,3261158,card_addr,0.5
24502,3262440,card_addr,0.5
24502,3256956,card_addr,0.5
24686,3126848,card_addr,0.0714285714285714
24686,3034849,card_addr,0.0714285714285714
24686,3112101,card_addr,0.0714285714285714
24686,3560926,card_addr,0.0714285714285714
24686,3201065,card_addr,0.0714285714285714
24686,3450603,card_addr,0.0714285714285714
24686,3446893,card_addr,0.0714285714285714
24686,3309904,card_addr,0.0714285714285714
24686,3148593,card_addr,0.0714285714285714
24686,3123765,card_addr,0.0714285714285714
24686,3148597,card_addr,0.0714285714285714
24686,3275163,card_addr,0.0714285714285714
24686,3206078,card_addr,0.0714285714285714
24686,3020639,card_addr,0.0714285714285714
24708,3123137,card_addr,0.3125
24708,3199427,card_addr,0.3125
24708,3020676,card_addr,0.3125
24708,3147688,card_addr,0.3125
24708,3147497,card_addr,0.3125
24708,3342793,card_addr,0.3125
24708,3551144,card_addr,0.3125
24708,3153037,card_addr,0.3125
24708,3254509,card_addr,0.3125
24708,3149071,card_addr,0.3125
24708,3498894,card_addr,0.3125
24708,3152915,card_addr,0.3125
24708,3296212,card_addr,0.3125
24708,3170874,card_addr,0.3125
24708,3232795,card_addr,0.3125
24708,3387038,card_addr,0.3125
24809,3157155,card_addr,0.1428571428571428
24809,3216361,card_addr,0.1428571428571428
24809,3490602,card_addr,0.1428571428571428
24809,3494478,card_addr,0.1428571428571428
24809,3090578,card_addr,0.1428571428571428
24809,3070901,card_addr,0.1428571428571428
24809,3020823,card_addr,0.1428571428571428
24822,3076608,card_addr,0.2058823529411764
24822,3545985,card_addr,0.2058823529411764
24822,3368835,card_addr,0.2058823529411764
24822,3494276,card_addr,0.2058823529411764
24822,3188235,card_addr,0.2058823529411764
24822,3368204,card_addr,0.2058823529411764
24822,3463828,card_addr,0.2058823529411764
24822,3503013,card_addr,0.2058823529411764
24822,3540902,card_addr,0.2058823529411764
24822,3076007,card_addr,0.2058823529411764
24822,3055021,card_addr,0.2058823529411764
24822,3564077,card_addr,0.2058823529411764
24822,3020849,card_addr,0.2058823529411764
24822,3041075,card_addr,0.2058823529411764
24822,3030965,card_addr,0.2058823529411764
24822,3507899,card_addr,0.2058823529411764
24822,3540934,card_addr,0.2058823529411764
24822,3555918,card_addr,0.2058823529411764
24822,3422932,card_addr,0.2058823529411764
24822,3529558,card_addr,0.2058823529411764
24822,3085282,card_addr,0.2058823529411764
24822,3552869,card_addr,0.2058823529411764
24822,3058023,card_addr,0.2058823529411764
24822,3085287,card_addr,0.2058823529411764
24822,3104871,card_addr,0.2058823529411764
24822,3142506,card_addr,0.2058823529411764
24822,3493100,card_addr,0.2058823529411764
24822,3085295,card_addr,0.2058823529411764
24822,3055856,card_addr,0.2058823529411764
24822,3369073,card_addr,0.2058823529411764
24822,3563890,card_addr,0.2058823529411764
24822,3206901,card_addr,0.2058823529411764
24822,3088248,card_addr,0.2058823529411764
24822,3133435,card_addr,0.2058823529411764
24873,3299618,card_addr,0.2222222222222222
24873,3020938,card_addr,0.2222222222222222
24873,3206378,card_addr,0.2222222222222222
24873,3261644,card_addr,0.2222222222222222
24873,3247502,card_addr,0.2222222222222222
24873,3186127,card_addr,0.2222222222222222
24873,3186159,card_addr,0.2222222222222222
24873,3182097,card_addr,0.2222222222222222
24873,3247503,card_addr,0.2222222222222222
24873,3042739,card_addr,0.2222222222222222
24873,3247506,card_addr,0.2222222222222222
24873,3249236,card_addr,0.2222222222222222
24873,3253011,card_addr,0.2222222222222222
24873,3397683,card_addr,0.2222222222222222
24873,3414833,card_addr,0.2222222222222222
24873,3363514,card_addr,0.2222222222222222
24873,3145342,card_addr,0.2222222222222222
24873,3084319,card_addr,0.2222222222222222
24926,3021128,card_addr,1.0
24926,3021802,card_addr,1.0
24926,3021027,card_addr,1.0
24961,3371264,card_addr,0.3076923076923077
24961,3455232,card_addr,0.3076923076923077
24961,3455234,card_addr,0.3076923076923077
24961,3238117,card_addr,0.3076923076923077
24961,3334534,card_addr,0.3076923076923077
24961,3457830,card_addr,0.3076923076923077
24961,3021098,card_addr,0.3076923076923077
24961,3371372,card_addr,0.3076923076923077
24961,3415886,card_addr,0.3076923076923077
24961,3415921,card_addr,0.3076923076923077
24961,3457649,card_addr,0.3076923076923077
24961,3415900,card_addr,0.3076923076923077
24961,3439487,card_addr,0.3076923076923077
25021,3210884,card_addr,0.125
25021,3523526,card_addr,0.125
25021,3438301,card_addr,0.125
25021,3021194,card_addr,0.125
25021,3179211,card_addr,0.125
25021,3084945,card_addr,0.125
25021,3082101,card_addr,0.125
25021,3058269,card_addr,0.125
25045,3283584,card_addr,0.6181818181818182
25045,3141379,card_addr,0.6181818181818182
25045,3213572,card_addr,0.6181818181818182
25045,3303559,card_addr,0.6181818181818182
25045,3475207,card_addr,0.6181818181818182
25045,3142027,card_addr,0.6181818181818182
25045,3547661,card_addr,0.6181818181818182
25045,3235343,card_addr,0.6181818181818182
25045,3484943,card_addr,0.6181818181818182
25045,3444625,card_addr,0.6181818181818182
25045,3262866,card_addr,0.6181818181818182
25045,3266066,card_addr,0.6181818181818182
25045,3419794,card_addr,0.6181818181818182
25045,3436437,card_addr,0.6181818181818182
25045,3436438,card_addr,0.6181818181818182
25045,3475222,card_addr,0.6181818181818182
25045,3502609,card_addr,0.6181818181818182
25045,3445657,card_addr,0.6181818181818182
25045,3445661,card_addr,0.6181818181818182
25045,3497629,card_addr,0.6181818181818182
25045,3262882,card_addr,0.6181818181818182
25045,3262885,card_addr,0.6181818181818182
25045,3484966,card_addr,0.6181818181818182
25045,3262893,card_addr,0.6181818181818182
25045,3308589,card_addr,0.6181818181818182
25045,3021233,card_addr,0.6181818181818182
25045,3235379,card_addr,0.6181818181818182
25045,3235380,card_addr,0.6181818181818182
25045,3497013,card_addr,0.6181818181818182
25045,3564089,card_addr,0.6181818181818182
25045,3133498,card_addr,0.6181818181818182
25045,3210556,card_addr,0.6181818181818182
25045,3196349,card_addr,0.6181818181818182
25045,3526721,card_addr,0.6181818181818182
25045,3156162,card_addr,0.6181818181818182
25045,3564099,card_addr,0.6181818181818182
25045,3458374,card_addr,0.6181818181818182
25045,3266375,card_addr,0.6181818181818182
25045,3441991,card_addr,0.6181818181818182
25045,3212875,card_addr,0.6181818181818182
25045,3224142,card_addr,0.6181818181818182
25045,3022671,card_addr,0.6181818181818182
25045,3447120,card_addr,0.6181818181818182
25045,3442002,card_addr,0.6181818181818182
25045,3484119,card_addr,0.6181818181818182
25045,3242208,card_addr,0.6181818181818182
25045,3484142,card_addr,0.6181818181818182
25045,3212911,card_addr,0.6181818181818182
25045,3433072,card_addr,0.6181818181818182
25045,3390066,card_addr,0.6181818181818182
25045,3283571,card_addr,0.6181818181818182
25045,3455091,card_addr,0.6181818181818182
25045,3257207,card_addr,0.6181818181818182
25045,3439101,card_addr,0.6181818181818182
25045,3134463,card_addr,0.6181818181818182
25137,3373699,device,0.2142857142857142
25137,3095300,device,0.2142857142857142
25137,3116805,device,0.2142857142857142
25137,3378310,device,0.2142857142857142
25137,3320072,device,0.2142857142857142
25137,3073931,device,0.2142857142857142
25137,3116812,device,0.2142857142857142
25137,3373709,device,0.2142857142857142
25137,3423887,device,0.2142857142857142
25137,3338000,device,0.2142857142857142
25137,3373714,device,0.2142857142857142
25137,3228308,device,0.2142857142857142
25137,3083286,device,0.2142857142857142
25137,3163160,device,0.2142857142857142
25137,3384447,device,0.2142857142857142
25137,3373730,device,0.2142857142857142
25137,3114276,device,0.2142857142857142
25137,3402151,device,0.2142857142857142
25137,3178024,device,0.2142857142857142
25137,3226026,device,0.2142857142857142
25137,3188012,device,0.2142857142857142
25137,3394227,device,0.2142857142857142
25137,3027511,device,0.2142857142857142
25137,3394234,device,0.2142857142857142
25137,3073851,device,0.2142857142857142
25137,3373756,device,0.2142857142857142
25137,3205952,device,0.2142857142857142
25137,3021380,device,0.2142857142857142
25137,3394245,device,0.2142857142857142
25137,3428805,device,0.2142857142857142
25137,3394248,device,0.2142857142857142
25137,3378299,device,0.2142857142857142
25137,3394251,device,0.2142857142857142
25137,3373695,device,0.2142857142857142
25137,3073876,device,0.2142857142857142
25137,3357919,device,0.2142857142857142
25137,3356006,device,0.2142857142857142
25137,3541736,device,0.2142857142857142
25137,3423090,device,0.2142857142857142
25137,3373691,device,0.2142857142857142
25137,3416318,device,0.2142857142857142
25137,3066239,device,0.2142857142857142
25342,3021705,card_addr,0.2857142857142857
25342,3378701,card_addr,0.2857142857142857
25342,3218064,card_addr,0.2857142857142857
25342,3372562,card_addr,0.2857142857142857
25342,3374774,card_addr,0.2857142857142857
25342,3152990,card_addr,0.2857142857142857
25342,3172191,card_addr,0.2857142857142857
25424,3187134,card_addr,0.1428571428571428
25424,3258501,card_addr,0.1428571428571428
25424,3508004,card_addr,0.1428571428571428
25424,3528741,card_addr,0.1428571428571428
25424,3331945,card_addr,0.1428571428571428
25424,3140650,card_addr,0.1428571428571428
25424,3021843,card_addr,0.1428571428571428
25424,3103956,card_addr,0.1428571428571428
25424,3124789,card_addr,0.1428571428571428
25424,3562166,card_addr,0.1428571428571428
25424,3185399,card_addr,0.1428571428571428
25424,3562009,card_addr,0.1428571428571428
25424,3052766,card_addr,0.1428571428571428
25424,3562175,card_addr,0.1428571428571428
25500,3228803,card_addr,0.0909090909090909
25500,3491751,card_addr,0.0909090909090909
25500,3110217,card_addr,0.0909090909090909
25500,3325641,card_addr,0.0909090909090909
25500,3180267,card_addr,0.0909090909090909
25500,3148562,card_addr,0.0909090909090909
25500,3155410,card_addr,0.0909090909090909
25500,3412760,card_addr,0.0909090909090909
25500,3563546,card_addr,0.0909090909090909
25500,3021947,card_addr,0.0909090909090909
25500,3220223,card_addr,0.0909090909090909
25517,3409793,card_addr,0.8695652173913043
25517,3512451,card_addr,0.8695652173913043
25517,3263237,card_addr,0.8695652173913043
25517,3440389,card_addr,0.8695652173913043
25517,3515529,card_addr,0.8695652173913043
25517,3207436,card_addr,0.8695652173913043
25517,3515532,card_addr,0.8695652173913043
25517,3437070,card_addr,0.8695652173913043
25517,3201553,card_addr,0.8695652173913043
25517,3021971,card_addr,0.8695652173913043
25517,3438356,card_addr,0.8695652173913043
25517,3438361,card_addr,0.8695652173913043
25517,3421082,card_addr,0.8695652173913043
25517,3207451,card_addr,0.8695652173913043
25517,3438364,card_addr,0.8695652173913043
25517,3437089,card_addr,0.8695652173913043
25517,3366054,card_addr,0.8695652173913043
25517,3449388,card_addr,0.8695652173913043
25517,3038766,card_addr,0.8695652173913043
25517,3515325,card_addr,0.8695652173913043
25517,3434431,card_addr,0.8695652173913043
25517,3230147,card_addr,0.8695652173913043
25517,3515333,card_addr,0.8695652173913043
25517,3444038,card_addr,0.8695652173913043
25517,3447294,card_addr,0.8695652173913043
25517,3567047,card_addr,0.8695652173913043
25517,3446729,card_addr,0.8695652173913043
25517,3197258,card_addr,0.8695652173913043
25517,3567051,card_addr,0.8695652173913043
25517,3449805,card_addr,0.8695652173913043
25517,3434832,card_addr,0.8695652173913043
25517,3523541,card_addr,0.8695652173913043
25517,3552474,card_addr,0.8695652173913043
25517,3437021,card_addr,0.8695652173913043
25517,3443165,card_addr,0.8695652173913043
25517,3437024,card_addr,0.8695652173913043
25517,3448803,card_addr,0.8695652173913043
25517,3426276,card_addr,0.8695652173913043
25517,3287525,card_addr,0.8695652173913043
25517,3437287,card_addr,0.8695652173913043
25517,3428200,card_addr,0.8695652173913043
25517,3448809,card_addr,0.8695652173913043
25517,3023852,card_addr,0.8695652173913043
25517,3437307,card_addr,0.8695652173913043
25517,3439742,card_addr,0.8695652173913043
25517,3441791,card_addr,0.8695652173913043
25668,3133316,device,0.09375
25668,3473796,device,0.09375
25668,3204237,device,0.09375
25668,3225744,device,0.09375
25668,3522321,device,0.09375
25668,3058194,device,0.09375
25668,3455253,device,0.09375
25668,3392921,device,0.09375
25668,3098916,device,0.09375
25668,3103652,device,0.09375
25668,3535276,device,0.09375
25668,3072814,device,0.09375
25668,3392814,device,0.09375
25668,3392823,device,0.09375
25668,3273019,device,0.09375
25668,3072828,device,0.09375
25668,3343808,device,0.09375
25668,3072839,device,0.09375
25668,3045576,device,0.09375
25668,3072845,device,0.09375
25668,3472340,device,0.09375
25668,3072859,device,0.09375
25668,3466846,device,0.09375
25668,3355873,device,0.09375
25668,3072738,device,0.09375
25668,3448548,device,0.09375
25668,3159530,device,0.09375
25668,3539568,device,0.09375
25668,3159538,device,0.09375
25668,3072755,device,0.09375
25668,3022203,device,0.09375
25668,3072764,device,0.09375
25744,3040081,card_addr,0.25
25744,3285506,card_addr,0.25
25744,3105955,card_addr,0.25
25744,3022309,card_addr,0.25
25857,3355682,card_addr,0.1
25857,3022500,card_addr,0.1
25857,3501471,card_addr,0.1
25857,3501609,card_addr,0.1
25857,3253262,card_addr,0.1
25857,3263663,card_addr,0.1
25857,3344119,card_addr,0.1
25857,3547544,card_addr,0.1
25857,3318430,card_addr,0.1
25857,3211647,card_addr,0.1
25894,3239776,card_addr,0.2
25894,3022566,card_addr,0.2
25894,3547148,card_addr,0.2
25894,3026515,card_addr,0.2
25894,3523604,card_addr,0.2
25906,3176100,card_addr,0.25
25906,3022586,card_addr,0.25
25906,3073596,card_addr,0.25
25906,3243853,card_addr,0.25
26069,3155987,card_addr,0.25
26069,3022836,card_addr,0.25
26069,3087014,card_addr,0.25
26069,3264159,card_addr,0.25
26100,3526914,device,0.1428571428571428
26100,3488903,device,0.1428571428571428
26100,3328268,device,0.1428571428571428
26100,3577104,device,0.1428571428571428
26100,3390355,device,0.1428571428571428
26100,3535638,device,0.1428571428571428
26100,3022883,device,0.1428571428571428
26100,3544612,device,0.1428571428571428
26100,3130149,device,0.1428571428571428
26100,3042854,device,0.1428571428571428
26100,3382698,device,0.1428571428571428
26100,3412782,device,0.1428571428571428
26100,3042864,device,0.1428571428571428
26100,3571890,device,0.1428571428571428
26100,3475391,device,0.1428571428571428
26100,3544641,device,0.1428571428571428
26100,3544644,device,0.1428571428571428
26100,3147973,device,0.1428571428571428
26100,3147975,device,0.1428571428571428
26100,3042898,device,0.1428571428571428
26100,3147988,device,0.1428571428571428
26100,3042901,device,0.1428571428571428
26100,3044186,device,0.1428571428571428
26100,3073627,device,0.1428571428571428
26100,3358943,device,0.1428571428571428
26100,3433952,device,0.1428571428571428
26100,3338722,device,0.1428571428571428
26100,3525491,device,0.1428571428571428
26125,3096352,card_addr,0.0714285714285714
26125,3479584,card_addr,0.0714285714285714
26125,3084683,card_addr,0.0714285714285714
26125,3479580,card_addr,0.0714285714285714
26125,3022926,card_addr,0.0714285714285714
26125,3567358,card_addr,0.0714285714285714
26125,3565170,card_addr,0.0714285714285714
26125,3078293,card_addr,0.0714285714285714
26125,3564310,card_addr,0.0714285714285714
26125,3078296,card_addr,0.0714285714285714
26125,3062297,card_addr,0.0714285714285714
26125,3086012,card_addr,0.0714285714285714
26125,3479582,card_addr,0.0714285714285714
26125,3479583,card_addr,0.0714285714285714
26253,3157257,card_addr,0.1
26253,3263760,card_addr,0.1
26253,3367442,card_addr,0.1
26253,3367443,card_addr,0.1
26253,3157272,card_addr,0.1
26253,3172388,card_addr,0.1
26253,3537832,card_addr,0.1
26253,3023145,card_addr,0.1
26253,3342768,card_addr,0.1
26253,3257920,card_addr,0.1
26253,3025733,card_addr,0.1
26253,3371356,card_addr,0.1
26253,3283426,card_addr,0.1
26253,3453799,card_addr,0.1
26253,3270634,card_addr,0.1
26253,3533422,card_addr,0.1
26253,3332850,card_addr,0.1
26253,3533426,card_addr,0.1
26253,3290877,card_addr,0.1
26253,3533438,card_addr,0.1
26270,3023171,card_addr,0.1666666666666666
26270,3482905,card_addr,0.1666666666666666
26270,3336881,card_addr,0.1666666666666666
26270,3349525,card_addr,0.1666666666666666
26270,3101721,card_addr,0.1666666666666666
26270,3355485,card_addr,0.1666666666666666
26466,3096258,card_addr,0.2
26466,3511154,card_addr,0.2
26466,3511155,card_addr,0.2
26466,3024504,card_addr,0.2
26466,3023483,card_addr,0.2
26491,3059467,card_addr,0.2692307692307692
26491,3084171,card_addr,0.2692307692307692
26491,3059470,card_addr,0.2692307692307692
26491,3206176,device,0.2692307692307692
26491,3293473,device,0.2692307692307692
26491,3023522,device,0.2692307692307692
26491,3217188,card_addr+device,0.2692307692307692
26491,3033005,device,0.2692307692307692
26491,3444790,device,0.2692307692307692
26491,3056183,card_addr,0.2692307692307692
26491,3102906,card_addr+device,0.2692307692307692
26491,3124924,card_addr,0.2692307692307692
26491,3554879,card_addr,0.2692307692307692
26491,3103040,device,0.2692307692307692
26491,3101780,card_addr+device,0.2692307692307692
26491,3213911,card_addr+device,0.2692307692307692
26491,3431769,device,0.2692307692307692
26491,3453916,card_addr,0.2692307692307692
26491,3213917,card_addr+device,0.2692307692307692
26491,3088223,device,0.2692307692307692
26491,3042656,card_addr,0.2692307692307692
26491,3244133,device,0.2692307692307692
26491,3062380,card_addr,0.2692307692307692
26491,3491955,card_addr,0.2692307692307692
26491,3056373,card_addr,0.2692307692307692
26491,3372538,card_addr,0.2692307692307692
26493,3287554,card_addr,0.2
26493,3023524,card_addr,0.2
26493,3271338,card_addr,0.2
26493,3276659,card_addr,0.2
26493,3551132,card_addr,0.2
26575,3030112,card_addr,0.1111111111111111
26575,3151712,card_addr,0.1111111111111111
26575,3023652,card_addr,0.1111111111111111
26575,3427942,card_addr,0.1111111111111111
26575,3523016,card_addr,0.1111111111111111
26575,3205193,card_addr,0.1111111111111111
26575,3502218,card_addr,0.1111111111111111
26575,3386347,card_addr,0.1111111111111111
26575,3317292,card_addr,0.1111111111111111
26575,3032141,card_addr,0.1111111111111111
26575,3503533,card_addr,0.1111111111111111
26575,3187152,card_addr,0.1111111111111111
26575,3535505,card_addr,0.1111111111111111
26575,3151731,card_addr,0.1111111111111111
26575,3205237,card_addr,0.1111111111111111
26575,3492186,card_addr,0.1111111111111111
26575,3024699,card_addr,0.1111111111111111
26575,3427935,card_addr,0.1111111111111111
26625,3374373,card_addr,0.1428571428571428
26625,3440005,card_addr,0.1428571428571428
26625,3355306,card_addr,0.1428571428571428
26625,3439180,card_addr,0.1428571428571428
26625,3526479,card_addr,0.1428571428571428
26625,3023734,card_addr,0.1428571428571428
26625,3080542,card_addr,0.1428571428571428
26660,3387649,device,0.2631578947368421
26660,3266692,device,0.2631578947368421
26660,3266697,device,0.2631578947368421
26660,3266700,device,0.2631578947368421
26660,3266705,device,0.2631578947368421
26660,3266707,device,0.2631578947368421
26660,3387552,device,0.2631578947368421
26660,3023790,device,0.2631578947368421
26660,3387568,device,0.2631578947368421
26660,3387569,device,0.2631578947368421
26660,3387577,device,0.2631578947368421
26660,3387582,device,0.2631578947368421
26660,3149122,device,0.2631578947368421
26660,3415366,device,0.2631578947368421
26660,3387594,device,0.2631578947368421
26660,3093851,device,0.2631578947368421
26660,3394908,device,0.2631578947368421
26660,3334524,device,0.2631578947368421
26660,3387646,device,0.2631578947368421
26674,3288453,card_addr,0.1428571428571428
26674,3081466,card_addr,0.1428571428571428
26674,3369102,card_addr,0.1428571428571428
26674,3139103,card_addr,0.1428571428571428
26674,3147297,card_addr,0.1428571428571428
26674,3093028,card_addr,0.1428571428571428
26674,3263525,card_addr,0.1428571428571428
26674,3068582,card_addr,0.1428571428571428
26674,3081649,card_addr,0.1428571428571428
26674,3074746,card_addr,0.1428571428571428
26674,3044413,card_addr,0.1428571428571428
26674,3023809,card_addr,0.1428571428571428
26674,3112648,card_addr,0.1428571428571428
26674,3070537,card_addr,0.1428571428571428
26674,3352397,card_addr,0.1428571428571428
26674,3159505,card_addr,0.1428571428571428
26674,3117779,card_addr,0.1428571428571428
26674,3352403,card_addr,0.1428571428571428
26674,3137880,card_addr,0.1428571428571428
26674,3081434,card_addr,0.1428571428571428
26674,3073243,card_addr,0.1428571428571428
26674,3081439,card_addr,0.1428571428571428
26674,3521253,card_addr,0.1428571428571428
26674,3530983,card_addr,0.1428571428571428
26674,3117940,card_addr,0.1428571428571428
26674,3077878,card_addr,0.1428571428571428
26674,3138554,card_addr,0.1428571428571428
26674,3041791,card_addr,0.1428571428571428
26701,3128962,card_addr,0.0833333333333333
26701,3426949,card_addr,0.0833333333333333
26701,3120394,card_addr,0.0833333333333333
26701,3479819,card_addr,0.0833333333333333
26701,3375501,card_addr,0.0833333333333333
26701,3224083,card_addr,0.0833333333333333
26701,3535253,card_addr,0.0833333333333333
26701,3224092,card_addr,0.0833333333333333
26701,3351580,card_addr,0.0833333333333333
26701,3510175,card_addr,0.0833333333333333
26701,3079074,card_addr,0.0833333333333333
26701,3087396,card_addr,0.0833333333333333
26701,3224104,card_addr,0.0833333333333333
26701,3322283,card_addr,0.0833333333333333
26701,3338284,card_addr,0.0833333333333333
26701,3082929,card_addr,0.0833333333333333
26701,3250486,card_addr,0.0833333333333333
26701,3537079,card_addr,0.0833333333333333
26701,3543095,card_addr,0.0833333333333333
26701,3090107,card_addr,0.0833333333333333
26701,3254203,card_addr,0.0833333333333333
26701,3263686,card_addr,0.0833333333333333
26701,3456326,card_addr,0.0833333333333333
26701,3198538,card_addr,0.0833333333333333
26701,3227211,card_addr,0.0833333333333333
26701,3528908,card_addr,0.0833333333333333
26701,3041998,card_addr,0.0833333333333333
26701,3325007,card_addr,0.0833333333333333
26701,3189840,card_addr,0.0833333333333333
26701,3457488,card_addr,0.0833333333333333
26701,3389525,card_addr,0.0833333333333333
26701,3178838,card_addr,0.0833333333333333
26701,3241048,card_addr,0.0833333333333333
26701,3518940,card_addr,0.0833333333333333
26701,3260640,card_addr,0.0833333333333333
26701,3511137,card_addr,0.0833333333333333
26701,3195236,card_addr,0.0833333333333333
26701,3294054,card_addr,0.0833333333333333
26701,3278568,card_addr,0.0833333333333333
26701,3454056,card_addr,0.0833333333333333
26701,3480172,card_addr,0.0833333333333333
26701,3023856,card_addr,0.0833333333333333
26701,3042674,card_addr,0.0833333333333333
26701,3224179,card_addr,0.0833333333333333
26701,3397491,card_addr,0.0833333333333333
26701,3448948,card_addr,0.0833333333333333
26701,3509370,card_addr,0.0833333333333333
26701,3351805,card_addr,0.0833333333333333
26730,3194249,card_addr,1.0
26730,3165098,card_addr,1.0
26730,3227051,card_addr,1.0
26730,3109421,card_addr,1.0
26730,3093133,card_addr,1.0
26730,3119216,card_addr,1.0
26730,3023894,card_addr,1.0
26730,3239862,card_addr,1.0
26730,3060954,card_addr,1.0
26730,3239613,card_addr,1.0
26730,3160415,card_addr,1.0
26748,3280320,card_addr,0.6666666666666666
26748,3372352,card_addr,0.6666666666666666
26748,3374562,card_addr,0.6666666666666666
26748,3221027,card_addr,0.6666666666666666
26748,3569309,card_addr,0.6666666666666666
26748,3207335,card_addr,0.6666666666666666
26748,3563757,card_addr,0.6666666666666666
26748,3266479,card_addr,0.6666666666666666
26748,3023924,card_addr,0.6666666666666666
26748,3561876,card_addr,0.6666666666666666
26748,3246838,card_addr,0.6666666666666666
26748,3162743,card_addr,0.6666666666666666
26748,3162298,card_addr,0.6666666666666666
26748,3306775,card_addr,0.6666666666666666
26748,3369725,card_addr,0.6666666666666666
26753,3202060,device,0.0833333333333333
26753,3443602,device,0.0833333333333333
26753,3521434,device,0.0833333333333333
26753,3363741,device,0.0833333333333333
26753,3297187,device,0.0833333333333333
26753,3363752,device,0.0833333333333333
26753,3038634,device,0.0833333333333333
26753,3504300,device,0.0833333333333333
26753,3440557,device,0.0833333333333333
26753,3328055,device,0.0833333333333333
26753,3023930,device,0.0833333333333333
26753,3271616,device,0.0833333333333333
26753,3206465,device,0.0833333333333333
26753,3039047,device,0.0833333333333333
26753,3086793,device,0.0833333333333333
26753,3026250,device,0.0833333333333333
26753,3038802,device,0.0833333333333333
26753,3427541,device,0.0833333333333333
26753,3440469,device,0.0833333333333333
26753,3440470,device,0.0833333333333333
26753,3440474,device,0.0833333333333333
26753,3042396,device,0.0833333333333333
26753,3504221,device,0.0833333333333333
26753,3365984,device,0.0833333333333333
26870,3086052,card_addr,0.3333333333333333
26870,3024132,card_addr,0.3333333333333333
26870,3227526,card_addr,0.3333333333333333
26870,3229192,card_addr,0.3333333333333333
26870,3224717,card_addr,0.3333333333333333
26870,3114392,card_addr,0.3333333333333333
26870,3401435,card_addr,0.3333333333333333
26870,3219357,card_addr,0.3333333333333333
26870,3401406,card_addr,0.3333333333333333
26939,3024257,card_addr,0.125
26939,3535084,card_addr,0.125
26939,3272333,card_addr,0.125
26939,3042861,card_addr,0.125
26939,3432852,card_addr,0.125
26939,3503733,card_addr,0.125
26939,3048702,card_addr,0.125
26939,3403039,card_addr,0.125
27082,3083809,card_addr,0.0769230769230769
27082,3100001,card_addr,0.0769230769230769
27082,3024483,card_addr,0.0769230769230769
27082,3042435,card_addr,0.0769230769230769
27082,3117060,card_addr,0.0769230769230769
27082,3498629,card_addr,0.0769230769230769
27082,3057837,card_addr,0.0769230769230769
27082,3203153,card_addr,0.0769230769230769
27082,3234136,card_addr,0.0769230769230769
27082,3049017,card_addr,0.0769230769230769
27082,3515995,card_addr,0.0769230769230769
27082,3042429,card_addr,0.0769230769230769
27082,3315999,card_addr,0.0769230769230769
27108,3024521,card_addr,0.3333333333333333
27108,3097795,card_addr,0.3333333333333333
27108,3256543,card_addr,0.3333333333333333
27138,3242340,card_addr,0.7272727272727273
27138,3233925,card_addr,0.7272727272727273
27138,3238380,card_addr,0.7272727272727273
27138,3242352,card_addr,0.7272727272727273
27138,3238385,card_addr,0.7272727272727273
27138,3086516,card_addr,0.7272727272727273
27138,3088725,card_addr,0.7272727272727273
27138,3024566,card_addr,0.7272727272727273
27138,3238453,card_addr,0.7272727272727273
27138,3242360,card_addr,0.7272727272727273
27138,3238397,card_addr,0.7272727272727273
27159,3497472,card_addr,0.1034482758620689
27159,3428865,card_addr,0.1034482758620689
27159,3383427,card_addr,0.1034482758620689
27159,3372548,card_addr,0.1034482758620689
27159,3377542,card_addr,0.1034482758620689
27159,3350282,card_addr,0.1034482758620689
27159,3563020,card_addr,0.1034482758620689
27159,3278994,card_addr,0.1034482758620689
27159,3117850,card_addr,0.1034482758620689
27159,3387045,card_addr,0.1034482758620689
27159,3442982,card_addr,0.1034482758620689
27159,3065013,card_addr,0.1034482758620689
27159,3360439,card_addr,0.1034482758620689
27159,3419002,card_addr,0.1034482758620689
27159,3202751,card_addr,0.1034482758620689
27159,3366345,card_addr,0.1034482758620689
27159,3168076,card_addr,0.1034482758620689
27159,3392211,card_addr,0.1034482758620689
27159,3571796,card_addr,0.1034482758620689
27159,3024599,card_addr,0.1034482758620689
27159,3457897,card_addr,0.1034482758620689
27159,3377133,card_addr,0.1034482758620689
27159,3317998,card_addr,0.1034482758620689
27159,3287923,card_addr,0.1034482758620689
27159,3464959,card_addr,0.1034482758620689
27159,3092606,card_addr,0.1034482758620689
27159,3066619,card_addr,0.1034482758620689
27159,3151230,card_addr,0.1034482758620689
27159,3139967,card_addr,0.1034482758620689
27348,3368299,card_addr,0.2
27348,3024909,card_addr,0.2
27348,3024917,card_addr,0.2
27348,3026488,card_addr,0.2
27348,3293180,card_addr,0.2
27400,3383017,card_addr,0.6666666666666666
27400,3024990,card_addr,0.6666666666666666
27400,3383015,card_addr,0.6666666666666666
27510,3025187,card_addr,0.0909090909090909
27510,3442696,card_addr,0.0909090909090909
27510,3433705,card_addr,0.0909090909090909
27510,3513610,card_addr,0.0909090909090909
27510,3404043,card_addr,0.0909090909090909
27510,3442830,card_addr,0.0909090909090909
27510,3295439,card_addr,0.0909090909090909
27510,3457584,card_addr,0.0909090909090909
27510,3347893,card_addr,0.0909090909090909
27510,3534070,card_addr,0.0909090909090909
27510,3403897,card_addr,0.0909090909090909
27584,3025313,card_addr,0.6666666666666666
27584,3156291,card_addr,0.6666666666666666
27584,3478742,card_addr,0.6666666666666666
27913,3402240,card_addr,0.2142857142857142
27913,3072004,card_addr,0.2142857142857142
27913,3103640,card_addr,0.2142857142857142
27913,3025828,card_addr,0.2142857142857142
27913,3096618,card_addr,0.2142857142857142
27913,3059372,card_addr,0.2142857142857142
27913,3145902,card_addr,0.2142857142857142
27913,3437500,card_addr,0.2142857142857142
27913,3145534,card_addr,0.2142857142857142
27913,3572544,card_addr,0.2142857142857142
27913,3572547,card_addr,0.2142857142857142
27913,3437514,card_addr,0.2142857142857142
27913,3110349,card_addr,0.2142857142857142
27913,3146973,card_addr,0.2142857142857142
27913,3101533,card_addr,0.2142857142857142
27913,3480542,card_addr,0.2142857142857142
27913,3099489,card_addr,0.2142857142857142
27913,3110369,card_addr,0.2142857142857142
27913,3438311,card_addr,0.2142857142857142
27913,3061738,card_addr,0.2142857142857142
27913,3071468,card_addr,0.2142857142857142
27913,3047277,card_addr,0.2142857142857142
27913,3438317,card_addr,0.2142857142857142
27913,3439598,card_addr,0.2142857142857142
27913,3108852,card_addr,0.2142857142857142
27913,3554932,card_addr,0.2142857142857142
27913,3553656,card_addr,0.2142857142857142
27913,3439611,card_addr,0.2142857142857142
27931,3375328,card_addr,0.1428571428571428
27931,3152417,card_addr,0.1428571428571428
27931,3375426,card_addr,0.1428571428571428
27931,3433891,card_addr,0.1428571428571428
27931,3025863,card_addr,0.1428571428571428
27931,3164461,card_addr,0.1428571428571428
27931,3064402,card_addr,0.1428571428571428
28058,3511812,card_addr,1.0
28058,3558919,card_addr,1.0
28058,3519626,card_addr,1.0
28058,3452300,card_addr,1.0
28058,3550860,card_addr,1.0
28058,3558925,card_addr,1.0
28058,3511823,card_addr,1.0
28058,3550863,card_addr,1.0
28058,3026066,card_addr,1.0
28058,3535379,card_addr,1.0
28058,3550870,card_addr,1.0
28058,3449385,card_addr,1.0
28058,3517104,card_addr,1.0
28058,3026097,card_addr,1.0
28058,3203763,card_addr,1.0
28058,3568439,card_addr,1.0
28058,3184312,card_addr,1.0
28058,3277113,card_addr,1.0
28058,3517117,card_addr,1.0
28058,3568453,card_addr,1.0
28058,3036236,card_addr,1.0
28058,3552718,card_addr,1.0
28058,3277138,card_addr,1.0
28058,3470164,card_addr,1.0
28058,3512152,card_addr,1.0
28058,3036378,card_addr,1.0
28058,3544928,card_addr,1.0
28058,3036260,card_addr,1.0
28058,3544938,card_addr,1.0
28058,3523949,card_addr,1.0
28058,3550835,card_addr,1.0
28058,3558902,card_addr,1.0
28058,3523965,card_addr,1.0
28170,3304705,device,0.4
28170,3053286,device,0.4
28170,3026248,device,0.4
28170,3063309,device,0.4
28170,3079117,device,0.4
28170,3063312,device,0.4
28170,3134837,device,0.4
28170,3038518,device,0.4
28170,3379607,device,0.4
28170,3115003,device,0.4
28231,3402976,card_addr,0.1428571428571428
28231,3353506,card_addr,0.1428571428571428
28231,3479370,card_addr,0.1428571428571428
28231,3026347,card_addr,0.1428571428571428
28231,3044062,card_addr,0.1428571428571428
28231,3192627,card_addr,0.1428571428571428
28231,3353758,card_addr,0.1428571428571428
28354,3060237,card_addr,0.6
28354,3027125,card_addr,0.6
28354,3075606,card_addr,0.6
28354,3026555,card_addr,0.6
28354,3052191,card_addr,0.6
28708,3395459,card_addr,0.0714285714285714
28708,3553380,card_addr,0.0714285714285714
28708,3382215,card_addr,0.0714285714285714
28708,3060682,card_addr,0.0714285714285714
28708,3198059,card_addr,0.0714285714285714
28708,3063659,card_addr,0.0714285714285714
28708,3229451,card_addr,0.0714285714285714
28708,3425643,card_addr,0.0714285714285714
28708,3028400,card_addr,0.0714285714285714
28708,3264310,card_addr,0.0714285714285714
28708,3478425,card_addr,0.0714285714285714
28708,3215483,card_addr,0.0714285714285714
28708,3027133,card_addr,0.0714285714285714
28708,3259006,card_addr,0.0714285714285714
28710,3567941,device,0.1428571428571428
28710,3282218,device,0.1428571428571428
28710,3397966,device,0.1428571428571428
28710,3562033,device,0.1428571428571428
28710,3277459,device,0.1428571428571428
28710,3395451,device,0.1428571428571428
28710,3027135,device,0.1428571428571428
28749,3027201,card_addr,0.1666666666666666
28749,3206946,card_addr,0.1666666666666666
28749,3027238,card_addr,0.1666666666666666
28749,3028042,card_addr,0.1666666666666666
28749,3027216,card_addr,0.1666666666666666
28749,3104346,card_addr,0.1666666666666666
29111,3027750,card_addr,0.3333333333333333
29111,3040679,card_addr,0.3333333333333333
29111,3042132,card_addr,0.3333333333333333
29111,3245044,card_addr,0.3333333333333333
29111,3245045,card_addr,0.3333333333333333
29111,3040631,card_addr,0.3333333333333333
29219,3568674,card_addr,0.125
29219,3350118,card_addr,0.125
29219,3467718,card_addr,0.125
29219,3511303,card_addr,0.125
29219,3027918,card_addr,0.125
29219,3546607,card_addr,0.125
29219,3549588,card_addr,0.125
29219,3371518,card_addr,0.125
29336,3054625,card_addr,0.5
29336,3532065,card_addr,0.5
29336,3056323,card_addr,0.5
29336,3121411,card_addr,0.5
29336,3303419,card_addr,0.5
29336,3062313,card_addr,0.5
29336,3028106,card_addr,0.5
29336,3112714,card_addr,0.5
29336,3116971,card_addr,0.5
29336,3121644,card_addr,0.5
29336,3444588,card_addr,0.5
29336,3264559,card_addr,0.5
29336,3445323,card_addr,0.5
29336,3503573,card_addr,0.5
29336,3302680,card_addr,0.5
29336,3112955,card_addr,0.5
29336,3121628,card_addr,0.5
29336,3121501,card_addr,0.5
29411,3148640,card_addr,0.0833333333333333
29411,3028227,card_addr,0.0833333333333333
29411,3175430,card_addr,0.0833333333333333
29411,3080776,card_addr,0.0833333333333333
29411,3098505,card_addr,0.0833333333333333
29411,3109677,card_addr,0.0833333333333333
29411,3187760,card_addr,0.0833333333333333
29411,3093937,card_addr,0.0833333333333333
29411,3434610,card_addr,0.0833333333333333
29411,3041716,card_addr,0.0833333333333333
29411,3572694,card_addr,0.0833333333333333
29411,3163901,card_addr,0.0833333333333333
29450,3028288,card_addr,0.1666666666666666
29450,3455463,card_addr,0.1666666666666666
29450,3110920,card_addr,0.1666666666666666
29450,3277066,card_addr,0.1666666666666666
29450,3466453,card_addr,0.1666666666666666
29450,3488187,card_addr,0.1666666666666666
29530,3108354,card_addr,0.2352941176470588
29530,3028451,card_addr,0.2352941176470588
29530,3425828,card_addr,0.2352941176470588
29530,3028422,card_addr,0.2352941176470588
29530,3317960,card_addr,0.2352941176470588
29530,3313482,card_addr,0.2352941176470588
29530,3552715,card_addr,0.2352941176470588
29530,3254060,card_addr,0.2352941176470588
29530,3028432,card_addr,0.2352941176470588
29530,3121170,card_addr,0.2352941176470588
29530,3336210,card_addr,0.2352941176470588
29530,3394738,card_addr,0.2352941176470588
29530,3123733,card_addr,0.2352941176470588
29530,3438806,card_addr,0.2352941176470588
29530,3511826,card_addr,0.2352941176470588
29530,3310844,card_addr,0.2352941176470588
29530,3095871,card_addr,0.2352941176470588
29589,3311168,card_addr,0.0909090909090909
29589,3229476,card_addr,0.0909090909090909
29589,3216392,card_addr,0.0909090909090909
29589,3389769,card_addr,0.0909090909090909
29589,3431050,card_addr,0.0909090909090909
29589,3095602,card_addr,0.0909090909090909
29589,3250515,card_addr,0.0909090909090909
29589,3538104,card_addr,0.0909090909090909
29589,3189370,card_addr,0.0909090909090909
29589,3028510,card_addr,0.0909090909090909
29589,3525247,card_addr,0.0909090909090909
29607,3097632,card_addr,0.5
29607,3168559,card_addr,0.5
29607,3260911,card_addr,0.5
29607,3434545,card_addr,0.5
29607,3168562,card_addr,0.5
29607,3523029,card_addr,0.5
29607,3434518,card_addr,0.5
29607,3028536,card_addr,0.5
29607,3118396,card_addr,0.5
29607,3168575,card_addr,0.5
29726,3315200,card_addr,0.5
29726,3292871,card_addr,0.5
29726,3418287,card_addr,0.5
29726,3483024,card_addr,0.5
29726,3153938,card_addr,0.5
29726,3284562,card_addr,0.5
29726,3090134,card_addr,0.5
29726,3028727,card_addr,0.5
29726,3315128,card_addr,0.5
29726,3292862,card_addr,0.5
29776,3197888,card_addr,0.125
29776,3039105,card_addr,0.125
29776,3197890,card_addr,0.125
29776,3028815,card_addr,0.125
29776,3100695,card_addr,0.125
29776,3068346,card_addr,0.125
29776,3207163,card_addr,0.125
29776,3279037,card_addr,0.125
29785,3372935,card_addr,0.6666666666666666
29785,3373011,card_addr,0.6666666666666666
29785,3373016,card_addr,0.6666666666666666
29785,3041752,card_addr,0.6666666666666666
29785,3028827,card_addr,0.6666666666666666
29785,3372892,card_addr,0.6666666666666666
29850,3028962,card_addr,1.0
29850,3029219,card_addr,1.0
29850,3028932,card_addr,1.0
29850,3029265,card_addr,1.0
29850,3029304,card_addr,1.0
29850,3029215,card_addr,1.0
30055,3103971,card_addr,0.0769230769230769
30055,3329699,card_addr,0.0769230769230769
30055,3169542,card_addr,0.0769230769230769
30055,3109575,card_addr,0.0769230769230769
30055,3235528,card_addr,0.0769230769230769
30055,3268167,card_addr,0.0769230769230769
30055,3432236,card_addr,0.0769230769230769
30055,3029266,card_addr,0.0769230769230769
30055,3080946,card_addr,0.0769230769230769
30055,3340310,card_addr,0.0769230769230769
30055,3081047,card_addr,0.0769230769230769
30055,3081084,card_addr,0.0769230769230769
30055,3109630,card_addr,0.0769230769230769
30071,3100674,card_addr,0.2222222222222222
30071,3542023,card_addr,0.2222222222222222
30071,3536136,card_addr,0.2222222222222222
30071,3533069,card_addr,0.2222222222222222
30071,3405454,card_addr,0.2222222222222222
30071,3049743,card_addr,0.2222222222222222
30071,3473042,card_addr,0.2222222222222222
30071,3550118,card_addr,0.2222222222222222
30071,3080490,card_addr,0.2222222222222222
30071,3255083,card_addr,0.2222222222222222
30071,3063598,card_addr,0.2222222222222222
30071,3029295,card_addr,0.2222222222222222
30071,3255086,card_addr,0.2222222222222222
30071,3542190,card_addr,0.2222222222222222
30071,3340722,card_addr,0.2222222222222222
30071,3237556,card_addr,0.2222222222222222
30071,3538871,card_addr,0.2222222222222222
30071,3475896,card_addr,0.2222222222222222
30071,3500478,card_addr,0.2222222222222222
30071,3532354,card_addr,0.2222222222222222
30071,3544397,card_addr,0.2222222222222222
30071,3076819,card_addr,0.2222222222222222
30071,3385946,card_addr,0.2222222222222222
30071,3549794,card_addr,0.2222222222222222
30071,3392359,card_addr,0.2222222222222222
30071,3381482,card_addr,0.2222222222222222
30071,3563123,card_addr,0.2222222222222222
30114,3440000,card_addr,0.12
30114,3506185,card_addr,0.12
30114,3029387,card_addr,0.12
30114,3361803,card_addr,0.12
30114,3408140,card_addr,0.12
30114,3568907,card_addr,0.12
30114,3573649,card_addr,0.12
30114,3115796,card_addr,0.12
30114,3243669,card_addr,0.12
30114,3172118,card_addr,0.12
30114,3501716,card_addr,0.12
30114,3573624,card_addr,0.12
30114,3573654,card_addr,0.12
30114,3315101,card_addr,0.12
30114,3550621,card_addr,0.12
30114,3543967,card_addr,0.12
30114,3239713,card_addr,0.12
30114,3348130,card_addr,0.12
30114,3562530,card_addr,0.12
30114,3568932,card_addr,0.12
30114,3127593,card_addr,0.12
30114,3268010,card_addr,0.12
30114,3431978,card_addr,0.12
30114,3522345,card_addr,0.12
30114,3258159,card_addr,0.12
30114,3258037,card_addr,0.12
30114,3554999,card_addr,0.12
30114,3148857,card_addr,0.12
30114,3258042,card_addr,0.12
30114,3565371,card_addr,0.12
30114,3239872,card_addr,0.12
30114,3439426,card_addr,0.12
30114,3545927,card_addr,0.12
30114,3248467,card_addr,0.12
30114,3070932,card_addr,0.12
30114,3565269,card_addr,0.12
30114,3240027,card_addr,0.12
30114,3430750,card_addr,0.12
30114,3512158,card_addr,0.12
30114,3239777,card_addr,0.12
30114,3189474,card_addr,0.12
30114,3560684,card_addr,0.12
30114,3162605,card_addr,0.12
30114,3265903,card_addr,0.12
30114,3176049,card_addr,0.12
30114,3226484,card_addr,0.12
30114,3143159,card_addr,0.12
30114,3563128,card_addr,0.12
30114,3449085,card_addr,0.12
30114,3315070,card_addr,0.12
30138,3564740,card_addr,0.4545454545454545
30138,3146726,card_addr,0.4545454545454545
30138,3110730,card_addr,0.4545454545454545
30138,3029421,card_addr,0.4545454545454545
30138,3564751,card_addr,0.4545454545454545
30138,3072880,card_addr,0.4545454545454545
30138,3564752,card_addr,0.4545454545454545
30138,3564753,card_addr,0.4545454545454545
30138,3564762,card_addr,0.4545454545454545
30138,3072924,card_addr,0.4545454545454545
30138,3093278,card_addr,0.4545454545454545
30203,3041664,card_addr,0.1276595744680851
30203,3030153,card_addr,0.1276595744680851
30203,3156362,card_addr,0.1276595744680851
30203,3035147,card_addr,0.1276595744680851
30203,3042827,card_addr,0.1276595744680851
30203,3485839,card_addr,0.1276595744680851
30203,3041041,card_addr,0.1276595744680851
30203,3029523,card_addr,0.1276595744680851
30203,3040531,card_addr,0.1276595744680851
30203,3156376,card_addr,0.1276595744680851
30203,3151259,card_addr,0.1276595744680851
30203,3039261,card_addr,0.1276595744680851
30203,3139486,card_addr,0.1276595744680851
30203,3041696,card_addr,0.1276595744680851
30203,3155618,card_addr,0.1276595744680851
30203,3156515,card_addr,0.1276595744680851
30203,3200931,card_addr,0.1276595744680851
30203,3515300,card_addr,0.1276595744680851
30203,3523492,card_addr,0.1276595744680851
30203,3080233,card_addr,0.1276595744680851
30203,3097257,card_addr,0.1276595744680851
30203,3516586,card_addr,0.1276595744680851
30203,3030061,card_addr,0.1276595744680851
30203,3155247,card_addr,0.1276595744680851
30203,3156272,card_addr,0.1276595744680851
30203,3515575,card_addr,0.1276595744680851
30203,3207608,card_addr,0.1276595744680851
30203,3041722,card_addr,0.1276595744680851
30203,3034042,card_addr,0.1276595744680851
30203,3042878,card_addr,0.1276595744680851
30203,3155262,card_addr,0.1276595744680851
30203,3029826,card_addr,0.1276595744680851
30203,3042372,card_addr,0.1276595744680851
30203,3041355,card_addr,0.1276595744680851
30203,3515342,card_addr,0.1276595744680851
30203,3155668,card_addr,0.1276595744680851
30203,3042400,card_addr,0.1276595744680851
30203,3041383,card_addr,0.1276595744680851
30203,3031528,card_addr,0.1276595744680851
30203,3041639,card_addr,0.1276595744680851
30203,3118184,card_addr,0.1276595744680851
30203,3156327,card_addr,0.1276595744680851
30203,3109362,card_addr,0.1276595744680851
30203,3124595,card_addr,0.1276595744680851
30203,3052404,card_addr,0.1276595744680851
30203,3087224,card_addr,0.1276595744680851
30203,3150330,card_addr,0.1276595744680851
30215,3090724,card_addr,0.0769230769230769
30215,3102374,card_addr,0.0769230769230769
30215,3029542,card_addr,0.0769230769230769
30215,3443930,card_addr,0.0769230769230769
30215,3344892,card_addr,0.0769230769230769
30215,3522063,card_addr,0.0769230769230769
30215,3073041,card_addr,0.0769230769230769
30215,3161969,card_addr,0.0769230769230769
30215,3178321,card_addr,0.0769230769230769
30215,3520793,card_addr,0.0769230769230769
30215,3102394,card_addr,0.0769230769230769
30215,3468379,card_addr,0.0769230769230769
30215,3321180,card_addr,0.0769230769230769
30255,3032386,card_addr,0.2666666666666666
30255,3334105,card_addr,0.2666666666666666
30255,3134942,card_addr,0.2666666666666666
30255,3204390,card_addr,0.2666666666666666
30255,3095277,card_addr,0.2666666666666666
30255,3095310,card_addr,0.2666666666666666
30255,3163247,card_addr,0.2666666666666666
30255,3366448,card_addr,0.2666666666666666
30255,3564402,card_addr,0.2666666666666666
30255,3564533,card_addr,0.2666666666666666
30255,3157976,card_addr,0.2666666666666666
30255,3173849,card_addr,0.2666666666666666
30255,3032410,card_addr,0.2666666666666666
30255,3206940,card_addr,0.2666666666666666
30255,3029598,card_addr,0.2666666666666666
30337,3292546,card_addr,0.1111111111111111
30337,3316484,card_addr,0.1111111111111111
30337,3090536,card_addr,0.1111111111111111
30337,3056745,card_addr,0.1111111111111111
30337,3069516,card_addr,0.1111111111111111
30337,3403121,card_addr,0.1111111111111111
30337,3105685,card_addr,0.1111111111111111
30337,3099037,card_addr,0.1111111111111111
30337,3029727,card_addr,0.1111111111111111
30429,3277122,card_addr,0.0714285714285714
30429,3236131,card_addr,0.0714285714285714
30429,3062117,card_addr,0.0714285714285714
30429,3062123,card_addr,0.0714285714285714
30429,3512204,card_addr,0.0714285714285714
30429,3242382,card_addr,0.0714285714285714
30429,3062128,card_addr,0.0714285714285714
30429,3123409,card_addr,0.0714285714285714
30429,3030709,card_addr,0.0714285714285714
30429,3062134,card_addr,0.0714285714285714
30429,3512694,card_addr,0.0714285714285714
30429,3182809,card_addr,0.0714285714285714
30429,3252956,card_addr,0.0714285714285714
30429,3029886,card_addr,0.0714285714285714
30798,3368232,card_addr,0.6
30798,3510702,card_addr,0.6
30798,3510706,card_addr,0.6
30798,3030516,card_addr,0.6
30798,3510711,card_addr,0.6
30885,3438345,device,0.1132075471698113
30885,3170314,device,0.1132075471698113
30885,3525513,device,0.1132075471698113
30885,3427469,device,0.1132075471698113
30885,3055760,device,0.1132075471698113
30885,3368848,device,0.1132075471698113
30885,3241234,device,0.1132075471698113
30885,3278870,device,0.1132075471698113
30885,3529112,device,0.1132075471698113
30885,3103260,device,0.1132075471698113
30885,3278877,device,0.1132075471698113
30885,3310622,device,0.1132075471698113
30885,3166111,device,0.1132075471698113
30885,3199393,device,0.1132075471698113
30885,3278883,device,0.1132075471698113
30885,3507887,device,0.1132075471698113
30885,3285424,device,0.1132075471698113
30885,3368882,device,0.1132075471698113
30885,3394739,device,0.1132075471698113
30885,3452212,device,0.1132075471698113
30885,3507890,device,0.1132075471698113
30885,3368887,device,0.1132075471698113
30885,3263546,device,0.1132075471698113
30885,3045306,device,0.1132075471698113
30885,3280572,device,0.1132075471698113
30885,3358652,device,0.1132075471698113
30885,3563069,device,0.1132075471698113
30885,3530432,device,0.1132075471698113
30885,3528772,device,0.1132075471698113
30885,3072326,device,0.1132075471698113
30885,3385670,device,0.1132075471698113
30885,3435463,device,0.1132075471698113
30885,3368777,device,0.1132075471698113
30885,3550331,device,0.1132075471698113
30885,3265869,device,0.1132075471698113
30885,3268303,device,0.1132075471698113
30885,3114584,device,0.1132075471698113
30885,3418717,device,0.1132075471698113
30885,3319390,device,0.1132075471698113
30885,3079138,device,0.1132075471698113
30885,3252322,device,0.1132075471698113
30885,3319395,device,0.1132075471698113
30885,3406306,device,0.1132075471698113
30885,3448035,device,0.1132075471698113
30885,3232232,device,0.1132075471698113
30885,3296493,device,0.1132075471698113
30885,3172467,device,0.1132075471698113
30885,3120116,device,0.1132075471698113
30885,3030649,device,0.1132075471698113
30885,3453819,device,0.1132075471698113
30885,3530236,device,0.1132075471698113
30885,3268605,device,0.1132075471698113
30885,3456894,device,0.1132075471698113
31068,3487298,card_addr,0.5833333333333334
31068,3030947,card_addr,0.5833333333333334
31068,3093414,card_addr,0.5833333333333334
31068,3431336,card_addr,0.5833333333333334
31068,3390633,card_addr,0.5833333333333334
31068,3431082,card_addr,0.5833333333333334
31068,3430798,card_addr,0.5833333333333334
31068,3498770,card_addr,0.5833333333333334
31068,3437204,card_addr,0.5833333333333334
31068,3475669,card_addr,0.5833333333333334
31068,3083127,card_addr,0.5833333333333334
31068,3433977,card_addr,0.5833333333333334
31069,3030948,card_addr,0.2
31069,3275309,card_addr,0.2
31069,3031022,card_addr,0.2
31069,3074896,card_addr,0.2
31069,3216891,card_addr,0.2
31087,3146122,card_addr,0.0869565217391304
31087,3479435,card_addr,0.0869565217391304
31087,3168530,card_addr,0.0869565217391304
31087,3241366,card_addr,0.0869565217391304
31087,3422102,card_addr,0.0869565217391304
31087,3109018,card_addr,0.0869565217391304
31087,3323680,card_addr,0.0869565217391304
31087,3501732,card_addr,0.0869565217391304
31087,3031205,card_addr,0.0869565217391304
31087,3030974,card_addr,0.0869565217391304
31087,3234114,card_addr,0.0869565217391304
31087,3478850,card_addr,0.0869565217391304
31087,3479364,card_addr,0.0869565217391304
31087,3192774,card_addr,0.0869565217391304
31087,3431751,card_addr,0.0869565217391304
31087,3097802,card_addr,0.0869565217391304
31087,3146836,card_addr,0.0869565217391304
31087,3146847,card_addr,0.0869565217391304
31087,3240299,card_addr,0.0869565217391304
31087,3283820,card_addr,0.0869565217391304
31087,3272176,card_addr,0.0869565217391304
31087,3179254,card_addr,0.0869565217391304
31087,3487997,card_addr,0.0869565217391304
31139,3304000,device,0.7692307692307693
31139,3304001,device,0.7692307692307693
31139,3088386,device,0.7692307692307693
31139,3031078,device,0.7692307692307693
31139,3138510,device,0.7692307692307693
31139,3303987,device,0.7692307692307693
31139,3303989,device,0.7692307692307693
31139,3303991,device,0.7692307692307693
31139,3303992,device,0.7692307692307693
31139,3303993,device,0.7692307692307693
31139,3303995,device,0.7692307692307693
31139,3303996,device,0.7692307692307693
31139,3303997,device,0.7692307692307693
31178,3304960,device,0.1506849315068493
31178,3476226,device,0.1506849315068493
31178,3135237,device,0.1506849315068493
31178,3226124,device,0.1506849315068493
31178,3135757,device,0.1506849315068493
31178,3109518,device,0.1506849315068493
31178,3225871,device,0.1506849315068493
31178,3528845,device,0.1506849315068493
31178,3540366,device,0.1506849315068493
31178,3087893,device,0.1506849315068493
31178,3429781,device,0.1506849315068493
31178,3116696,device,0.1506849315068493
31178,3118206,device,0.1506849315068493
31178,3121948,device,0.1506849315068493
31178,3301024,device,0.1506849315068493
31178,3518881,device,0.1506849315068493
31178,3518883,device,0.1506849315068493
31178,3121960,device,0.1506849315068493
31178,3566327,device,0.1506849315068493
31178,3074221,device,0.1506849315068493
31178,3038001,device,0.1506849315068493
31178,3035698,device,0.1506849315068493
31178,3219508,device,0.1506849315068493
31178,3283636,device,0.1506849315068493
31178,3255478,device,0.1506849315068493
31178,3219511,device,0.1506849315068493
31178,3219512,device,0.1506849315068493
31178,3233591,device,0.1506849315068493
31178,3135930,device,0.1506849315068493
31178,3219515,device,0.1506849315068493
31178,3255484,device,0.1506849315068493
31178,3270583,device,0.1506849315068493
31178,3547707,device,0.1506849315068493
31178,3125823,device,0.1506849315068493
31178,3219519,device,0.1506849315068493
31178,3219522,device,0.1506849315068493
31178,3462466,device,0.1506849315068493
31178,3453893,device,0.1506849315068493
31178,3462470,device,0.1506849315068493
31178,3255495,device,0.1506849315068493
31178,3566408,device,0.1506849315068493
31178,3078217,device,0.1506849315068493
31178,3223626,device,0.1506849315068493
31178,3451465,device,0.1506849315068493
31178,3077581,device,0.1506849315068493
31178,3278670,device,0.1506849315068493
31178,3278671,device,0.1506849315068493
31178,3035728,device,0.1506849315068493
31178,3303501,device,0.1506849315068493
31178,3278674,device,0.1506849315068493
31178,3223635,device,0.1506849315068493
31178,3501646,device,0.1506849315068493
31178,3031128,device,0.1506849315068493
31178,3440729,device,0.1506849315068493
31178,3042430,device,0.1506849315068493
31178,3241179,device,0.1506849315068493
31178,3031132,device,0.1506849315068493
31178,3035365,device,0.1506849315068493
31178,3303526,device,0.1506849315068493
31178,3476199,device,0.1506849315068493
31178,3254376,device,0.1506849315068493
31178,3529193,device,0.1506849315068493
31178,3396588,device,0.1506849315068493
31178,3255661,device,0.1506849315068493
31178,3365104,device,0.1506849315068493
31178,3492081,device,0.1506849315068493
31178,3505649,device,0.1506849315068493
31178,3056758,device,0.1506849315068493
31178,3208695,device,0.1506849315068493
31178,3269113,device,0.1506849315068493
31178,3476219,device,0.1506849315068493
31178,3422717,device,0.1506849315068493
31178,3098878,device,0.1506849315068493
31296,3332808,device,0.1333333333333333
31296,3045995,device,0.1333333333333333
31296,3281739,device,0.1333333333333333
31296,3564363,device,0.1333333333333333
31296,3393262,device,0.1333333333333333
31296,3318799,device,0.1333333333333333
31296,3364432,device,0.1333333333333333
31296,3355793,device,0.1333333333333333
31296,3070386,device,0.1333333333333333
31296,3046002,device,0.1333333333333333
31296,3031316,device,0.1333333333333333
31296,3154259,device,0.1333333333333333
31296,3197075,device,0.1333333333333333
31296,3332761,device,0.1333333333333333
31296,3294715,device,0.1333333333333333
31370,3265248,card_addr,0.25
31370,3206560,card_addr,0.25
31370,3466785,card_addr,0.25
31370,3160133,card_addr,0.25
31370,3089520,card_addr,0.25
31370,3466838,card_addr,0.25
31370,3031451,card_addr,0.25
31370,3466783,card_addr,0.25
31511,3381760,device,0.12
31511,3172993,device,0.12
31511,3431812,device,0.12
31511,3068166,device,0.12
31511,3441546,device,0.12
31511,3063051,device,0.12
31511,3441548,device,0.12
31511,3468043,device,0.12
31511,3516302,device,0.12
31511,3068178,device,0.12
31511,3194775,device,0.12
31511,3068184,device,0.12
31511,3194779,device,0.12
31511,3211548,device,0.12
31511,3260829,device,0.12
31511,3381789,device,0.12
31511,3211556,device,0.12
31511,3190185,device,0.12
31511,3522475,device,0.12
31511,3211568,device,0.12
31511,3550776,device,0.12
31511,3441595,device,0.12
31511,3550907,device,0.12
31511,3268288,device,0.12
31511,3312581,device,0.12
31511,3268295,device,0.12
31511,3358663,device,0.12
31511,3361223,device,0.12
31511,3441608,device,0.12
31511,3536587,device,0.12
31511,3131213,device,0.12
31511,3202255,device,0.12
31511,3567574,device,0.12
31511,3424983,device,0.12
31511,3543390,device,0.12
31511,3122913,device,0.12
31511,3068134,device,0.12
31511,3239014,device,0.12
31511,3538919,device,0.12
31511,3068142,device,0.12
31511,3124850,device,0.12
31511,3031667,device,0.12
31511,3068148,device,0.12
31511,3172979,device,0.12
31511,3211635,device,0.12
31511,3172983,device,0.12
31511,3211640,device,0.12
31511,3543413,device,0.12
31511,3543419,device,0.12
31511,3172987,device,0.12
31643,3497099,card_addr,0.3043478260869565
31643,3504523,card_addr,0.3043478260869565
31643,3497105,card_addr,0.3043478260869565
31643,3324950,card_addr,0.3043478260869565
31643,3317150,card_addr,0.3043478260869565
31643,3045536,card_addr,0.3043478260869565
31643,3572524,card_addr,0.3043478260869565
31643,3201197,card_addr,0.3043478260869565
31643,3260089,card_addr,0.3043478260869565
31643,3348545,card_addr,0.3043478260869565
31643,3148742,card_addr,0.3043478260869565
31643,3218260,card_addr,0.3043478260869565
31643,3386199,card_addr,0.3043478260869565
31643,3031896,card_addr,0.3043478260869565
31643,3498461,card_addr,0.3043478260869565
31643,3201121,card_addr,0.3043478260869565
31643,3201122,card_addr,0.3043478260869565
31643,3458663,card_addr,0.3043478260869565
31643,3492459,card_addr,0.3043478260869565
31643,3554156,card_addr,0.3043478260869565
31643,3549166,card_addr,0.3043478260869565
31643,3485424,card_addr,0.3043478260869565
31643,3498748,card_addr,0.3043478260869565
31691,3302753,card_addr,0.6666666666666666
31691,3031970,card_addr,0.6666666666666666
31691,3302613,card_addr,0.6666666666666666
31807,3214597,card_addr,0.8076923076923077
31807,3214599,card_addr,0.8076923076923077
31807,3208584,card_addr,0.8076923076923077
31807,3208589,card_addr,0.8076923076923077
31807,3218963,card_addr,0.8076923076923077
31807,3223319,card_addr,0.8076923076923077
31807,3213336,card_addr,0.8076923076923077
31807,3212832,card_addr,0.8076923076923077
31807,3211560,card_addr,0.8076923076923077
31807,3223342,card_addr,0.8076923076923077
31807,3239857,card_addr,0.8076923076923077
31807,3211570,card_addr,0.8076923076923077
31807,3239357,card_addr,0.8076923076923077
31807,3354174,card_addr,0.8076923076923077
31807,3223615,card_addr,0.8076923076923077
31807,3239876,card_addr,0.8076923076923077
31807,3245765,card_addr,0.8076923076923077
31807,3212878,card_addr,0.8076923076923077
31807,3239887,card_addr,0.8076923076923077
31807,3245787,card_addr,0.8076923076923077
31807,3212897,card_addr,0.8076923076923077
31807,3171434,card_addr,0.8076923076923077
31807,3171436,card_addr,0.8076923076923077
31807,3032175,card_addr,0.8076923076923077
31807,3314159,card_addr,0.8076923076923077
31807,3218941,card_addr,0.8076923076923077
31863,3174915,card_addr,0.3333333333333333
31863,3292805,card_addr,0.3333333333333333
31863,3179784,card_addr,0.3333333333333333
31863,3538824,card_addr,0.3333333333333333
31863,3345292,card_addr,0.3333333333333333
31863,3344272,card_addr,0.3333333333333333
31863,3210771,card_addr,0.3333333333333333
31863,3186838,card_addr,0.3333333333333333
31863,3186847,card_addr,0.3333333333333333
31863,3511343,card_addr,0.3333333333333333
31863,3368780,card_addr,0.3333333333333333
31863,3131725,card_addr,0.3333333333333333
31863,3032271,card_addr,0.3333333333333333
31863,3252688,card_addr,0.3333333333333333
31863,3212371,card_addr,0.3333333333333333
31863,3184472,card_addr,0.3333333333333333
31863,3428953,card_addr,0.3333333333333333
31863,3474392,card_addr,0.3333333333333333
31863,3189343,card_addr,0.3333333333333333
31863,3212385,card_addr,0.3333333333333333
31863,3094125,card_addr,0.3333333333333333
31863,3541998,card_addr,0.3333333333333333
31863,3073140,card_addr,0.3333333333333333
31863,3181044,card_addr,0.3333333333333333
31885,3284487,card_addr,0.08
31885,3156493,card_addr,0.08
31885,3331088,card_addr,0.08
31885,3254428,card_addr,0.08
31885,3156771,card_addr,0.08
31885,3243689,card_addr,0.08
31885,3039020,card_addr,0.08
31885,3150516,card_addr,0.08
31885,3156789,card_addr,0.08
31885,3117368,card_addr,0.08
31885,3196858,card_addr,0.08
31885,3187008,card_addr,0.08
31885,3196737,card_addr,0.08
31885,3155272,card_addr,0.08
31885,3333836,card_addr,0.08
31885,3137486,card_addr,0.08
31885,3137488,card_addr,0.08
31885,3171801,card_addr,0.08
31885,3379553,card_addr,0.08
31885,3430753,card_addr,0.08
31885,3363687,card_addr,0.08
31885,3305066,card_addr,0.08
31885,3341675,card_addr,0.08
31885,3032315,card_addr,0.08
31885,3506173,card_addr,0.08
32114,3252740,card_addr,0.1428571428571428
32114,3522534,card_addr,0.1428571428571428
32114,3216423,card_addr,0.1428571428571428
32114,3103561,card_addr,0.1428571428571428
32114,3373322,card_addr,0.1428571428571428
32114,3143629,card_addr,0.1428571428571428
32114,3060014,card_addr,0.1428571428571428
32114,3133359,card_addr,0.1428571428571428
32114,3032754,card_addr,0.1428571428571428
32114,3134354,card_addr,0.1428571428571428
32114,3553780,card_addr,0.1428571428571428
32114,3463638,card_addr,0.1428571428571428
32114,3060535,card_addr,0.1428571428571428
32114,3134398,card_addr,0.1428571428571428
32116,3213529,card_addr,0.1111111111111111
32116,3565722,card_addr,0.1111111111111111
32116,3138888,card_addr,0.1111111111111111
32116,3213513,card_addr,0.1111111111111111
32116,3340554,card_addr,0.1111111111111111
32116,3509999,card_addr,0.1111111111111111
32116,3032757,card_addr,0.1111111111111111
32116,3158041,card_addr,0.1111111111111111
32116,3366074,card_addr,0.1111111111111111
32138,3506947,card_addr,0.45
32138,3221141,card_addr,0.45
32138,3474581,card_addr,0.45
32138,3505825,card_addr,0.45
32138,3172392,card_addr,0.45
32138,3507758,card_addr,0.45
32138,3249724,card_addr,0.45
32138,3505213,card_addr,0.45
32138,3093057,card_addr,0.45
32138,3379654,card_addr,0.45
32138,3504330,card_addr,0.45
32138,3508816,card_addr,0.45
32138,3032789,card_addr,0.45
32138,3346781,card_addr,0.45
32138,3482209,card_addr,0.45
32138,3403110,card_addr,0.45
32138,3573353,card_addr,0.45
32138,3219824,card_addr,0.45
32138,3510256,card_addr,0.45
32138,3566832,card_addr,0.45
32260,3032992,card_addr,0.125
32260,3162245,card_addr,0.125
32260,3359668,card_addr,0.125
32260,3551390,card_addr,0.125
32260,3472923,card_addr,0.125
32260,3212412,card_addr,0.125
32260,3545853,card_addr,0.125
32260,3397982,card_addr,0.125
32302,3499521,card_addr,0.2727272727272727
32302,3107331,card_addr,0.2727272727272727
32302,3350162,device,0.2727272727272727
32302,3341593,device,0.2727272727272727
32302,3350169,device,0.2727272727272727
32302,3078425,card_addr+device,0.2727272727272727
32302,3290652,card_addr+device,0.2727272727272727
32302,3290655,card_addr+device,0.2727272727272727
32302,3206823,card_addr,0.2727272727272727
32302,3145773,device,0.2727272727272727
32302,3145775,device,0.2727272727272727
32302,3134006,card_addr,0.2727272727272727
32302,3167169,device,0.2727272727272727
32302,3244098,device,0.2727272727272727
32302,3435206,card_addr,0.2727272727272727
32302,3252559,card_addr,0.2727272727272727
32302,3109605,card_addr,0.2727272727272727
32302,3165669,device,0.2727272727272727
32302,3092199,card_addr,0.2727272727272727
32302,3207146,card_addr,0.2727272727272727
32302,3033067,card_addr+device,0.2727272727272727
32302,3368940,card_addr,0.2727272727272727
32439,3290532,card_addr,1.0
32439,3246884,card_addr,1.0
32439,3033321,card_addr,1.0
32439,3316844,card_addr,1.0
32439,3403950,card_addr,1.0
32439,3234615,card_addr,1.0
32439,3484156,card_addr,1.0
32439,3246589,card_addr,1.0
32452,3033344,card_addr,0.3
32452,3330242,card_addr,0.3
32452,3038888,card_addr,0.3
32452,3344490,card_addr,0.3
32452,3278668,card_addr,0.3
32452,3232624,card_addr,0.3
32452,3326706,card_addr,0.3
32452,3157430,card_addr,0.3
32452,3344504,card_addr,0.3
32452,3369370,card_addr,0.3
32454,3033346,device,0.26
32454,3060996,device,0.26
32454,3135364,device,0.26
32454,3134214,device,0.26
32454,3138693,device,0.26
32454,3177222,device,0.26
32454,3101321,device,0.26
32454,3101705,device,0.26
32454,3146507,device,0.26
32454,3243531,device,0.26
32454,3356171,device,0.26
32454,3501191,device,0.26
32454,3039763,device,0.26
32454,3146517,device,0.26
32454,3101211,device,0.26
32454,3357983,device,0.26
32454,3362594,device,0.26
32454,3146531,device,0.26
32454,3101352,device,0.26
32454,3221627,device,0.26
32454,3146159,device,0.26
32454,3111732,device,0.26
32454,3196342,device,0.26
32454,3558011,device,0.26
32454,3155900,device,0.26
32454,3146558,device,0.26
32454,3381439,device,0.26
32454,3037763,device,0.26
32454,3135299,device,0.26
32454,3146564,device,0.26
32454,3135302,device,0.26
32454,3269189,device,0.26
32454,3230283,device,0.26
32454,3356111,device,0.26
32454,3135314,device,0.26
32454,3136723,device,0.26
32454,3142482,device,0.26
32454,3369174,device,0.26
32454,3356120,device,0.26
32454,3163611,device,0.26
32454,3191259,device,0.26
32454,3361117,device,0.26
32454,3117920,device,0.26
32454,3135334,device,0.26
32454,3109742,device,0.26
32454,3135860,device,0.26
32454,3105269,device,0.26
32454,3356151,device,0.26
32454,3186683,device,0.26
32454,3331326,device,0.26
32516,3464481,card_addr,0.0833333333333333
32516,3335396,card_addr,0.0833333333333333
32516,3037349,card_addr,0.0833333333333333
32516,3062086,card_addr,0.0833333333333333
32516,3062119,card_addr,0.0833333333333333
32516,3438333,card_addr,0.0833333333333333
32516,3033453,card_addr,0.0833333333333333
32516,3435409,card_addr,0.0833333333333333
32516,3545207,card_addr,0.0833333333333333
32516,3418557,card_addr,0.0833333333333333
32516,3037246,card_addr,0.0833333333333333
32516,3151967,card_addr,0.0833333333333333
32521,3294237,card_addr,0.5
32521,3033460,card_addr,0.5
32521,3205949,card_addr,0.5
32521,3294239,card_addr,0.5
32697,3077762,card_addr,0.1
32697,3301100,card_addr,0.1
32697,3075054,card_addr,0.1
32697,3453615,card_addr,0.1
32697,3424561,card_addr,0.1
32697,3033748,card_addr,0.1
32697,3446389,card_addr,0.1
32697,3311863,card_addr,0.1
32697,3366813,card_addr,0.1
32697,3104670,card_addr,0.1
32949,3112642,card_addr,0.1111111111111111
32949,3034150,card_addr,0.1111111111111111
32949,3484361,card_addr,0.1111111111111111
32949,3050643,card_addr,0.1111111111111111
32949,3564503,card_addr,0.1111111111111111
32949,3038552,card_addr,0.1111111111111111
32949,3112025,card_addr,0.1111111111111111
32949,3204955,card_addr,0.1111111111111111
32949,3387292,card_addr,0.1111111111111111
33096,3240709,card_addr,0.0952380952380952
33096,3062673,card_addr,0.0952380952380952
33096,3034387,card_addr,0.0952380952380952
33096,3117728,card_addr,0.0952380952380952
33096,3078689,card_addr,0.0952380952380952
33096,3064738,card_addr,0.0952380952380952
33096,3064753,card_addr,0.0952380952380952
33096,3078710,card_addr,0.0952380952380952
33096,3237822,card_addr,0.0952380952380952
33096,3237703,card_addr,0.0952380952380952
33096,3258829,card_addr,0.0952380952380952
33096,3258830,card_addr,0.0952380952380952
33096,3305823,card_addr,0.0952380952380952
33096,3048673,card_addr,0.0952380952380952
33096,3249378,card_addr,0.0952380952380952
33096,3127140,card_addr,0.0952380952380952
33096,3237865,card_addr,0.0952380952380952
33096,3112432,card_addr,0.0952380952380952
33096,3239794,card_addr,0.0952380952380952
33096,3279735,card_addr,0.0952380952380952
33096,3249279,card_addr,0.0952380952380952
33098,3476067,card_addr,0.2222222222222222
33098,3061162,card_addr,0.2222222222222222
33098,3473424,card_addr,0.2222222222222222
33098,3535376,card_addr,0.2222222222222222
33098,3034389,card_addr,0.2222222222222222
33098,3535446,card_addr,0.2222222222222222
33098,3544373,card_addr,0.2222222222222222
33098,3343357,card_addr,0.2222222222222222
33098,3547263,card_addr,0.2222222222222222
33262,3050112,card_addr,0.125
33262,3333559,card_addr,0.125
33262,3427425,card_addr,0.125
33262,3072228,card_addr,0.125
33262,3075525,card_addr,0.125
33262,3227306,card_addr,0.125
33262,3126574,card_addr,0.125
33262,3227311,card_addr,0.125
33262,3034674,card_addr,0.125
33262,3041874,card_addr,0.125
33262,3341621,card_addr,0.125
33262,3333494,card_addr,0.125
33262,3213591,card_addr,0.125
33262,3062107,card_addr,0.125
33262,3396862,card_addr,0.125
33262,3042271,card_addr,0.125
33430,3133697,device,0.1724137931034483
33430,3134082,device,0.1724137931034483
33430,3346822,card_addr,0.1724137931034483
33430,3133704,device,0.1724137931034483
33430,3170697,device,0.1724137931034483
33430,3484432,device,0.1724137931034483
33430,3489173,device,0.1724137931034483
33430,3458458,card_addr,0.1724137931034483
33430,3087527,device,0.1724137931034483
33430,3229993,device,0.1724137931034483
33430,3466666,device,0.1724137931034483
33430,3088817,device,0.1724137931034483
33430,3034938,device,0.1724137931034483
33430,3229381,device,0.1724137931034483
33430,3133001,device,0.1724137931034483
33430,3217609,device,0.1724137931034483
33430,3166284,device,0.1724137931034483
33430,3166286,device,0.1724137931034483
33430,3166291,device,0.1724137931034483
33430,3309269,device,0.1724137931034483
33430,3166296,device,0.1724137931034483
33430,3064799,device,0.1724137931034483
33430,3350242,card_addr+device,0.1724137931034483
33430,3350244,device,0.1724137931034483
33430,3253357,card_addr,0.1724137931034483
33430,3134073,device,0.1724137931034483
33430,3133691,device,0.1724137931034483
33430,3213821,device,0.1724137931034483
33430,3134079,device,0.1724137931034483
33684,3488128,card_addr,0.1904761904761904
33684,3324807,card_addr,0.1904761904761904
33684,3071249,card_addr,0.1904761904761904
33684,3122835,card_addr,0.1904761904761904
33684,3177111,card_addr,0.1904761904761904
33684,3121822,card_addr,0.1904761904761904
33684,3058463,card_addr,0.1904761904761904
33684,3342765,card_addr,0.1904761904761904
33684,3569205,card_addr,0.1904761904761904
33684,3035322,card_addr,0.1904761904761904
33684,3122887,card_addr,0.1904761904761904
33684,3154637,card_addr,0.1904761904761904
33684,3370450,card_addr,0.1904761904761904
33684,3432280,card_addr,0.1904761904761904
33684,3122909,card_addr,0.1904761904761904
33684,3334112,card_addr,0.1904761904761904
33684,3311589,card_addr,0.1904761904761904
33684,3518826,card_addr,0.1904761904761904
33684,3317494,card_addr,0.1904761904761904
33684,3262072,card_addr,0.1904761904761904
33684,3262074,card_addr,0.1904761904761904
33737,3381472,card_addr,0.1111111111111111
33737,3129441,card_addr,0.1111111111111111
33737,3314211,card_addr,0.1111111111111111
33737,3178255,card_addr,0.1111111111111111
33737,3138160,card_addr,0.1111111111111111
33737,3035411,card_addr,0.1111111111111111
33737,3155924,card_addr,0.1111111111111111
33737,3138070,card_addr,0.1111111111111111
33737,3312765,card_addr,0.1111111111111111
33794,3396225,card_addr,0.1052631578947368
33794,3209991,card_addr,0.1052631578947368
33794,3273481,card_addr,0.1052631578947368
33794,3149325,card_addr,0.1052631578947368
33794,3565840,card_addr,0.1052631578947368
33794,3517463,card_addr,0.1052631578947368
33794,3395352,card_addr,0.1052631578947368
33794,3395354,card_addr,0.1052631578947368
33794,3482013,card_addr,0.1052631578947368
33794,3347358,card_addr,0.1052631578947368
33794,3097246,card_addr,0.1052631578947368
33794,3347359,card_addr,0.1052631578947368
33794,3204257,card_addr,0.1052631578947368
33794,3393182,card_addr,0.1052631578947368
33794,3479328,card_addr,0.1052631578947368
33794,3359025,card_addr,0.1052631578947368
33794,3042994,card_addr,0.1052631578947368
33794,3396288,card_addr,0.1052631578947368
33794,3549888,card_addr,0.1052631578947368
33794,3149378,card_addr,0.1052631578947368
33794,3537986,card_addr,0.1052631578947368
33794,3190341,card_addr,0.1052631578947368
33794,3205446,card_addr,0.1052631578947368
33794,3231943,card_addr,0.1052631578947368
33794,3393095,card_addr,0.1052631578947368
33794,3454790,card_addr,0.1052631578947368
33794,3393098,card_addr,0.1052631578947368
33794,3549895,card_addr,0.1052631578947368
33794,3473357,card_addr,0.1052631578947368
33794,3099726,card_addr,0.1052631578947368
33794,3393111,card_addr,0.1052631578947368
33794,3099736,card_addr,0.1052631578947368
33794,3209051,card_addr,0.1052631578947368
33794,3204459,card_addr,0.1052631578947368
33794,3285618,card_addr,0.1052631578947368
33794,3308019,card_addr,0.1052631578947368
33794,3035513,card_addr,0.1052631578947368
33794,3081853,card_addr,0.1052631578947368
33806,3156385,card_addr,0.1666666666666666
33806,3182088,card_addr,0.1666666666666666
33806,3515913,card_addr,0.1666666666666666
33806,3180330,card_addr,0.1666666666666666
33806,3035532,card_addr,0.1666666666666666
33806,3344750,card_addr,0.1666666666666666
33968,3367937,card_addr,0.7142857142857143
33968,3406088,card_addr,0.7142857142857143
33968,3563018,card_addr,0.7142857142857143
33968,3533325,card_addr,0.7142857142857143
33968,3035790,card_addr,0.7142857142857143
33968,3554574,card_addr,0.7142857142857143
33968,3339794,card_addr,0.7142857142857143
33968,3560342,card_addr,0.7142857142857143
33968,3560345,card_addr,0.7142857142857143
33968,3576859,card_addr,0.7142857142857143
33968,3388956,card_addr,0.7142857142857143
33968,3372319,card_addr,0.7142857142857143
33968,3398048,card_addr,0.7142857142857143
33968,3540516,card_addr,0.7142857142857143
33968,3560356,card_addr,0.7142857142857143
33968,3560359,card_addr,0.7142857142857143
33968,3556393,card_addr,0.7142857142857143
33968,3334576,card_addr,0.7142857142857143
33968,3559098,card_addr,0.7142857142857143
33968,3459644,card_addr,0.7142857142857143
33968,3313598,card_addr,0.7142857142857143
33968,3560383,card_addr,0.7142857142857143
33968,3572542,card_addr,0.7142857142857143
33968,3560388,card_addr,0.7142857142857143
33968,3238469,card_addr,0.7142857142857143
33968,3121605,card_addr,0.7142857142857143
33968,3381837,card_addr,0.7142857142857143
33968,3305680,card_addr,0.7142857142857143
33968,3371128,card_addr,0.7142857142857143
33968,3371231,card_addr,0.7142857142857143
33968,3356257,card_addr,0.7142857142857143
33968,3154279,card_addr,0.7142857142857143
33968,3379699,card_addr,0.7142857142857143
33968,3575415,card_addr,0.7142857142857143
33968,3390712,card_addr,0.7142857142857143
33977,3035802,card_addr,0.5
33977,3524451,card_addr,0.5
33977,3181004,card_addr,0.5
33977,3260530,card_addr,0.5
34380,3071256,card_addr,0.125
34380,3098981,card_addr,0.125
34380,3071055,card_addr,0.125
34380,3071250,card_addr,0.125
34380,3134964,card_addr,0.125
34380,3036437,card_addr,0.125
34380,3060664,card_addr,0.125
34380,3071262,card_addr,0.125
34410,3256070,card_addr,0.4814814814814814
34410,3251213,card_addr,0.4814814814814814
34410,3252877,card_addr,0.4814814814814814
34410,3253265,card_addr,0.4814814814814814
34410,3256081,card_addr,0.4814814814814814
34410,3079445,card_addr,0.4814814814814814
34410,3079831,card_addr,0.4814814814814814
34410,3410071,card_addr,0.4814814814814814
34410,3252889,card_addr,0.4814814814814814
34410,3234073,card_addr,0.4814814814814814
34410,3370398,card_addr,0.4814814814814814
34410,3253279,card_addr,0.4814814814814814
34410,3251233,card_addr,0.4814814814814814
34410,3257126,card_addr,0.4814814814814814
34410,3252904,card_addr,0.4814814814814814
34410,3250862,card_addr,0.4814814814814814
34410,3252527,card_addr,0.4814814814814814
34410,3036485,card_addr,0.4814814814814814
34410,3336007,card_addr,0.4814814814814814
34410,3254491,card_addr,0.4814814814814814
34410,3168996,card_addr,0.4814814814814814
34410,3254503,card_addr,0.4814814814814814
34410,3106668,card_addr,0.4814814814814814
34410,3050220,card_addr,0.4814814814814814
34410,3285363,card_addr,0.4814814814814814
34410,3429366,card_addr,0.4814814814814814
34410,3414015,card_addr,0.4814814814814814
34507,3180154,card_addr,0.6666666666666666
34507,3036652,card_addr,0.6666666666666666
34507,3180303,card_addr,0.6666666666666666
34668,3552737,card_addr,0.25
34668,3508610,card_addr,0.25
34668,3314340,card_addr,0.25
34668,3419943,card_addr,0.25
34668,3050249,card_addr,0.25
34668,3341196,card_addr,0.25
34668,3453714,card_addr,0.25
34668,3343028,card_addr,0.25
34668,3057941,card_addr,0.25
34668,3354431,card_addr,0.25
34668,3036926,card_addr,0.25
34668,3091263,card_addr,0.25
34960,3326979,device,0.1219512195121951
34960,3530763,device,0.1219512195121951
34960,3045392,device,0.1219512195121951
34960,3268626,device,0.1219512195121951
34960,3132947,device,0.1219512195121951
34960,3045400,device,0.1219512195121951
34960,3110938,device,0.1219512195121951
34960,3041309,device,0.1219512195121951
34960,3327006,device,0.1219512195121951
34960,3041317,device,0.1219512195121951
34960,3327016,device,0.1219512195121951
34960,3132969,device,0.1219512195121951
34960,3377714,device,0.1219512195121951
34960,3114551,device,0.1219512195121951
34960,3113528,device,0.1219512195121951
34960,3327055,device,0.1219512195121951
34960,3253840,device,0.1219512195121951
34960,3113049,device,0.1219512195121951
34960,3086939,device,0.1219512195121951
34960,3480171,device,0.1219512195121951
34960,3307632,device,0.1219512195121951
34960,3389560,device,0.1219512195121951
34960,3107457,device,0.1219512195121951
34960,3045517,device,0.1219512195121951
34960,3524750,device,0.1219512195121951
34960,3524757,device,0.1219512195121951
34960,3047575,device,0.1219512195121951
34960,3049113,device,0.1219512195121951
34960,3526302,device,0.1219512195121951
34960,3398308,device,0.1219512195121951
34960,3143848,device,0.1219512195121951
34960,3459245,device,0.1219512195121951
34960,3443886,device,0.1219512195121951
34960,3524799,device,0.1219512195121951
34960,3524801,device,0.1219512195121951
34960,3039427,device,0.1219512195121951
34960,3107526,device,0.1219512195121951
34960,3524807,device,0.1219512195121951
34960,3200202,device,0.1219512195121951
34960,3070671,device,0.1219512195121951
34960,3037400,device,0.1219512195121951
34960,3384025,device,0.1219512195121951
34960,3037405,device,0.1219512195121951
34960,3124959,device,0.1219512195121951
34960,3432674,device,0.1219512195121951
34960,3037419,device,0.1219512195121951
34960,3440876,device,0.1219512195121951
34960,3272941,device,0.1219512195121951
34960,3123438,device,0.1219512195121951
34960,3124977,device,0.1219512195121951
34960,3037426,device,0.1219512195121951
34960,3050227,device,0.1219512195121951
34960,3124978,device,0.1219512195121951
34960,3124979,device,0.1219512195121951
34960,3286260,device,0.1219512195121951
34960,3429619,device,0.1219512195121951
34960,3327234,device,0.1219512195121951
34960,3432708,device,0.1219512195121951
34960,3249931,device,0.1219512195121951
34960,3510046,device,0.1219512195121951
34960,3510053,device,0.1219512195121951
34960,3386156,device,0.1219512195121951
34960,3132726,device,0.1219512195121951
34960,3077958,device,0.1219512195121951
34960,3101514,device,0.1219512195121951
34960,3111756,device,0.1219512195121951
34960,3080036,device,0.1219512195121951
34960,3087204,device,0.1219512195121951
34960,3080040,device,0.1219512195121951
34960,3080048,device,0.1219512195121951
34960,3072380,device,0.1219512195121951
34960,3070356,device,0.1219512195121951
34960,3172244,device,0.1219512195121951
34960,3063194,device,0.1219512195121951
34960,3515292,device,0.1219512195121951
34960,3098020,device,0.1219512195121951
34960,3391913,device,0.1219512195121951
34960,3278251,device,0.1219512195121951
34960,3098029,device,0.1219512195121951
34960,3277240,device,0.1219512195121951
34960,3274700,device,0.1219512195121951
34960,3326936,device,0.1219512195121951
35038,3267260,card_addr,0.125
35038,3319490,card_addr,0.125
35038,3183017,card_addr,0.125
35038,3047949,card_addr,0.125
35038,3164243,card_addr,0.125
35038,3037531,card_addr,0.125
35038,3183036,card_addr,0.125
35038,3312479,card_addr,0.125
35260,3220740,card_addr,0.391304347826087
35260,3220501,card_addr,0.391304347826087
35260,3253144,card_addr,0.391304347826087
35260,3501598,card_addr,0.391304347826087
35260,3222437,card_addr,0.391304347826087
35260,3222445,card_addr,0.391304347826087
35260,3487540,card_addr,0.391304347826087
35260,3345850,card_addr,0.391304347826087
35260,3192766,card_addr,0.391304347826087
35260,3037894,card_addr,0.391304347826087
35260,3231305,card_addr,0.391304347826087
35260,3160138,card_addr,0.391304347826087
35260,3396689,card_addr,0.391304347826087
35260,3401553,card_addr,0.391304347826087
35260,3344347,card_addr,0.391304347826087
35260,3397727,card_addr,0.391304347826087
35260,3257187,card_addr,0.391304347826087
35260,3251945,card_addr,0.391304347826087
35260,3220716,card_addr,0.391304347826087
35260,3440116,card_addr,0.391304347826087
35260,3507835,card_addr,0.391304347826087
35260,3220734,card_addr,0.391304347826087
35260,3199487,card_addr,0.391304347826087
35269,3345569,card_addr,0.1538461538461538
35269,3481665,card_addr,0.1538461538461538
35269,3212645,card_addr,0.1538461538461538
35269,3199431,card_addr,0.1538461538461538
35269,3485031,card_addr,0.1538461538461538
35269,3216908,card_addr,0.1538461538461538
35269,3037908,card_addr,0.1538461538461538
35269,3064820,card_addr,0.1538461538461538
35269,3236022,card_addr,0.1538461538461538
35269,3234168,card_addr,0.1538461538461538
35269,3527066,card_addr,0.1538461538461538
35269,3037915,card_addr,0.1538461538461538
35269,3277976,card_addr,0.1538461538461538
35674,3262720,device,0.0930232558139534
35674,3408640,device,0.0930232558139534
35674,3070338,device,0.0930232558139534
35674,3318530,device,0.0930232558139534
35674,3446152,device,0.0930232558139534
35674,3368716,device,0.0930232558139534
35674,3091215,device,0.0930232558139534
35674,3413135,device,0.0930232558139534
35674,3397909,device,0.0930232558139534
35674,3195031,device,0.0930232558139534
35674,3436187,device,0.0930232558139534
35674,3053610,device,0.0930232558139534
35674,3492013,device,0.0930232558139534
35674,3175215,device,0.0930232558139534
35674,3084980,device,0.0930232558139534
35674,3338553,device,0.0930232558139534
35674,3398075,device,0.0930232558139534
35674,3102652,device,0.0930232558139534
35674,3195068,device,0.0930232558139534
35674,3384637,device,0.0930232558139534
35674,3053631,device,0.0930232558139534
35674,3311807,device,0.0930232558139534
35674,3398078,device,0.0930232558139534
35674,3384642,device,0.0930232558139534
35674,3398082,device,0.0930232558139534
35674,3145028,device,0.0930232558139534
35674,3264452,device,0.0930232558139534
35674,3569220,device,0.0930232558139534
35674,3231048,device,0.0930232558139534
35674,3165133,device,0.0930232558139534
35674,3577296,device,0.0930232558139534
35674,3359832,device,0.0930232558139534
35674,3103067,device,0.0930232558139534
35674,3091420,device,0.0930232558139534
35674,3270747,device,0.0930232558139534
35674,3038558,device,0.0930232558139534
35674,3207391,device,0.0930232558139534
35674,3463643,device,0.0930232558139534
35674,3091433,device,0.0930232558139534
35674,3231723,device,0.0930232558139534
35674,3408619,device,0.0930232558139534
35674,3133941,device,0.0930232558139534
35674,3055100,device,0.0930232558139534
35692,3306368,card_addr,0.1153846153846153
35692,3140355,card_addr,0.1153846153846153
35692,3212803,card_addr,0.1153846153846153
35692,3537032,card_addr,0.1153846153846153
35692,3193353,card_addr,0.1153846153846153
35692,3212816,card_addr,0.1153846153846153
35692,3266333,card_addr,0.1153846153846153
35692,3093029,card_addr,0.1153846153846153
35692,3265961,card_addr,0.1153846153846153
35692,3090218,card_addr,0.1153846153846153
35692,3272747,card_addr,0.1153846153846153
35692,3190832,card_addr,0.1153846153846153
35692,3421110,card_addr,0.1153846153846153
35692,3148984,card_addr,0.1153846153846153
35692,3423679,card_addr,0.1153846153846153
35692,3543232,card_addr,0.1153846153846153
35692,3162305,card_addr,0.1153846153846153
35692,3148368,card_addr,0.1153846153846153
35692,3202909,card_addr,0.1153846153846153
35692,3209824,card_addr,0.1153846153846153
35692,3241056,card_addr,0.1153846153846153
35692,3273953,card_addr,0.1153846153846153
35692,3179111,card_addr,0.1153846153846153
35692,3202792,card_addr,0.1153846153846153
35692,3092603,card_addr,0.1153846153846153
35692,3038588,card_addr,0.1153846153846153
35698,3296032,card_addr,0.4444444444444444
35698,3038596,card_addr,0.4444444444444444
35698,3294920,card_addr,0.4444444444444444
35698,3294058,card_addr,0.4444444444444444
35698,3227147,card_addr,0.4444444444444444
35698,3182315,card_addr,0.4444444444444444
35698,3294922,card_addr,0.4444444444444444
35698,3204336,card_addr,0.4444444444444444
35698,3056606,card_addr,0.4444444444444444
35701,3399169,card_addr,0.1
35701,3089893,card_addr+device,0.1
35701,3472615,card_addr,0.1
35701,3573208,card_addr,0.1
35701,3093351,device,0.1
35701,3038603,card_addr,0.1
35701,3217837,card_addr,0.1
35701,3489749,card_addr,0.1
35701,3306552,card_addr,0.1
35701,3208795,card_addr,0.1
35934,3262283,card_addr,0.1428571428571428
35934,3261163,card_addr,0.1428571428571428
35934,3510156,card_addr,0.1428571428571428
35934,3261486,card_addr,0.1428571428571428
35934,3144463,card_addr,0.1428571428571428
35934,3282576,card_addr,0.1428571428571428
35934,3038967,card_addr,0.1428571428571428
35942,3038980,card_addr,0.2
35942,3081734,card_addr,0.2
35942,3111436,card_addr,0.2
35942,3306455,card_addr,0.2
35942,3061881,card_addr,0.2
35948,3109123,device,0.3684210526315789
35948,3217156,device,0.3684210526315789
35948,3356293,device,0.3684210526315789
35948,3552903,device,0.3684210526315789
35948,3252616,device,0.3684210526315789
35948,3561995,device,0.3684210526315789
35948,3038990,device,0.3684210526315789
35948,3087503,device,0.3684210526315789
35948,3562001,device,0.3684210526315789
35948,3127314,device,0.3684210526315789
35948,3530771,device,0.3684210526315789
35948,3553042,device,0.3684210526315789
35948,3397525,device,0.3684210526315789
35948,3553046,device,0.3684210526315789
35948,3562131,device,0.3684210526315789
35948,3118364,device,0.3684210526315789
35948,3289895,device,0.3684210526315789
35948,3289908,device,0.3684210526315789
35948,3513525,device,0.3684210526315789
35948,3560501,device,0.3684210526315789
35948,3562036,device,0.3684210526315789
35948,3553084,device,0.3684210526315789
35948,3253565,device,0.3684210526315789
35948,3049028,device,0.3684210526315789
35948,3200069,device,0.3684210526315789
35948,3475398,device,0.3684210526315789
35948,3553092,device,0.3684210526315789
35948,3528520,device,0.3684210526315789
35948,3553096,device,0.3684210526315789
35948,3475402,device,0.3684210526315789
35948,3528523,device,0.3684210526315789
35948,3312588,device,0.3684210526315789
35948,3467212,device,0.3684210526315789
35948,3475405,device,0.3684210526315789
35948,3124815,device,0.3684210526315789
35948,3561930,device,0.3684210526315789
35948,3561934,device,0.3684210526315789
35948,3561940,device,0.3684210526315789
35948,3475413,device,0.3684210526315789
35948,3125206,device,0.3684210526315789
35948,3397846,device,0.3684210526315789
35948,3561944,device,0.3684210526315789
35948,3206747,device,0.3684210526315789
35948,3124828,device,0.3684210526315789
35948,3561820,device,0.3684210526315789
35948,3126622,device,0.3684210526315789
35948,3561949,device,0.3684210526315789
35948,3562719,device,0.3684210526315789
35948,3562083,device,0.3684210526315789
35948,3562723,device,0.3684210526315789
35948,3562727,device,0.3684210526315789
35948,3562092,device,0.3684210526315789
35948,3510126,device,0.3684210526315789
35948,3562097,device,0.3684210526315789
35948,3196149,device,0.3684210526315789
35948,3562103,device,0.3684210526315789
35948,3390205,device,0.3684210526315789
36105,3192544,card_addr,0.1
36105,3312384,card_addr,0.1
36105,3215237,card_addr,0.1
36105,3553255,card_addr,0.1
36105,3185488,card_addr,0.1
36105,3312529,card_addr,0.1
36105,3039283,card_addr,0.1
36105,3362708,card_addr,0.1
36105,3312245,card_addr,0.1
36105,3523614,card_addr,0.1
36173,3039385,card_addr,0.25
36173,3048964,card_addr,0.25
36173,3041025,card_addr,0.25
36173,3567759,card_addr,0.25
36350,3043428,card_addr,0.8333333333333334
36350,3044105,card_addr,0.8333333333333334
36350,3040204,card_addr,0.8333333333333334
36350,3367761,card_addr,0.8333333333333334
36350,3040178,card_addr,0.8333333333333334
36350,3039675,card_addr,0.8333333333333334
36375,3039712,card_addr,0.1666666666666666
36375,3039714,card_addr,0.1666666666666666
36375,3322410,card_addr,0.1666666666666666
36375,3322415,card_addr,0.1666666666666666
36375,3519793,card_addr,0.1666666666666666
36375,3095834,card_addr,0.1666666666666666
36535,3192196,card_addr,0.08
36535,3274900,card_addr,0.08
36535,3516063,card_addr,0.08
36535,3108640,card_addr,0.08
36535,3462956,card_addr,0.08
36535,3462960,card_addr,0.08
36535,3075636,card_addr,0.08
36535,3439554,card_addr,0.08
36535,3373379,card_addr,0.08
36535,3550147,card_addr,0.08
36535,3299019,card_addr,0.08
36535,3474896,card_addr,0.08
36535,3176920,card_addr,0.08
36535,3305562,card_addr,0.08
36535,3195231,card_addr,0.08
36535,3075680,card_addr,0.08
36535,3300325,card_addr,0.08
36535,3350373,card_addr,0.08
36535,3455590,card_addr,0.08
36535,3488102,card_addr,0.08
36535,3039979,card_addr,0.08
36535,3176941,card_addr,0.08
36535,3194734,card_addr,0.08
36535,3542383,card_addr,0.08
36535,3039993,card_addr,0.08
36666,3059201,card_addr,0.2222222222222222
36666,3051907,card_addr,0.2222222222222222
36666,3171332,card_addr,0.2222222222222222
36666,3168522,card_addr,0.2222222222222222
36666,3059211,card_addr,0.2222222222222222
36666,3396882,card_addr,0.2222222222222222
36666,3155091,card_addr,0.2222222222222222
36666,3315221,card_addr,0.2222222222222222
36666,3565978,card_addr,0.2222222222222222
36666,3205148,card_addr,0.2222222222222222
36666,3565982,card_addr,0.2222222222222222
36666,3102496,card_addr,0.2222222222222222
36666,3057578,card_addr,0.2222222222222222
36666,3136558,card_addr,0.2222222222222222
36666,3563567,card_addr,0.2222222222222222
36666,3057584,card_addr,0.2222222222222222
36666,3298608,card_addr,0.2222222222222222
36666,3057588,card_addr,0.2222222222222222
36666,3057591,card_addr,0.2222222222222222
36666,3494330,card_addr,0.2222222222222222
36666,3159103,card_addr,0.2222222222222222
36666,3102402,card_addr,0.2222222222222222
36666,3522249,card_addr,0.2222222222222222
36666,3040213,card_addr,0.2222222222222222
36666,3112022,card_addr,0.2222222222222222
36666,3310173,card_addr,0.2222222222222222
36666,3573093,card_addr,0.2222222222222222
36666,3380844,card_addr,0.2222222222222222
36666,3573100,card_addr,0.2222222222222222
36666,3241070,card_addr,0.2222222222222222
36666,3219571,card_addr,0.2222222222222222
36666,3241078,card_addr,0.2222222222222222
36666,3460215,card_addr,0.2222222222222222
36666,3410424,card_addr,0.2222222222222222
36666,3089788,card_addr,0.2222222222222222
36666,3573246,card_addr,0.2222222222222222
36757,3040352,device,0.1333333333333333
36757,3403104,device,0.1333333333333333
36757,3419328,device,0.1333333333333333
36757,3574436,device,0.1333333333333333
36757,3542693,device,0.1333333333333333
36757,3531174,device,0.1333333333333333
36757,3184426,device,0.1333333333333333
36757,3266572,device,0.1333333333333333
36757,3184429,device,0.1333333333333333
36757,3512268,device,0.1333333333333333
36757,3214269,device,0.1333333333333333
36757,3567672,device,0.1333333333333333
36757,3411899,device,0.1333333333333333
36757,3073437,device,0.1333333333333333
36757,3397021,device,0.1333333333333333
36851,3066756,card_addr,0.125
36851,3070026,card_addr,0.125
36851,3040491,card_addr,0.125
36851,3294893,card_addr,0.125
36851,3097841,card_addr,0.125
36851,3197589,card_addr,0.125
36851,3047227,card_addr,0.125
36851,3115771,card_addr,0.125
37248,3444370,card_addr,0.6666666666666666
37248,3449012,card_addr,0.6666666666666666
37248,3041119,card_addr,0.6666666666666666
37347,3041264,card_addr,0.25
37347,3066161,card_addr,0.25
37347,3065746,card_addr,0.25
37347,3041311,card_addr,0.25
37544,3041570,card_addr,0.125
37544,3069026,card_addr,0.125
37544,3229896,card_addr,0.125
37544,3222641,card_addr,0.125
37544,3066194,card_addr,0.125
37544,3041591,card_addr,0.125
37544,3222649,card_addr,0.125
37544,3119132,card_addr,0.125
37547,3524128,card_addr,0.1428571428571428
37547,3259715,card_addr,0.1428571428571428
37547,3537315,card_addr,0.1428571428571428
37547,3041573,card_addr,0.1428571428571428
37547,3094662,card_addr,0.1428571428571428
37547,3259052,card_addr,0.1428571428571428
37547,3264781,card_addr,0.1428571428571428
37547,3198798,card_addr,0.1428571428571428
37547,3056687,card_addr,0.1428571428571428
37547,3209262,card_addr,0.1428571428571428
37547,3510796,card_addr,0.1428571428571428
37547,3043603,card_addr,0.1428571428571428
37547,3094650,card_addr,0.1428571428571428
37547,3056863,card_addr,0.1428571428571428
37582,3243072,card_addr,0.0769230769230769
37582,3222307,card_addr,0.0769230769230769
37582,3228635,card_addr,0.0769230769230769
37582,3308295,card_addr,0.0769230769230769
37582,3309222,card_addr,0.0769230769230769
37582,3041641,card_addr,0.0769230769230769
37582,3154409,card_addr,0.0769230769230769
37582,3436891,card_addr,0.0769230769230769
37582,3493010,card_addr,0.0769230769230769
37582,3051291,card_addr,0.0769230769230769
37582,3069436,card_addr,0.0769230769230769
37582,3270013,card_addr,0.0769230769230769
37582,3083039,card_addr,0.0769230769230769
37605,3368934,card_addr,0.5384615384615384
37605,3180937,card_addr,0.5384615384615384
37605,3041677,card_addr,0.5384615384615384
37605,3042126,card_addr,0.5384615384615384
37605,3368893,card_addr,0.5384615384615384
37605,3574029,card_addr,0.5384615384615384
37605,3387192,card_addr,0.5384615384615384
37605,3368885,card_addr,0.5384615384615384
37605,3387190,card_addr,0.5384615384615384
37605,3180920,card_addr,0.5384615384615384
37605,3368891,card_addr,0.5384615384615384
37605,3180669,card_addr,0.5384615384615384
37605,3180670,card_addr,0.5384615384615384
37635,3375457,card_addr,0.2142857142857142
37635,3082726,card_addr,0.2142857142857142
37635,3092360,card_addr,0.2142857142857142
37635,3219854,card_addr,0.2142857142857142
37635,3233968,card_addr,0.2142857142857142
37635,3405266,card_addr,0.2142857142857142
37635,3064085,card_addr,0.2142857142857142
37635,3092118,card_addr,0.2142857142857142
37635,3103317,card_addr,0.2142857142857142
37635,3090233,card_addr,0.2142857142857142
37635,3041723,card_addr,0.2142857142857142
37635,3446071,card_addr,0.2142857142857142
37635,3145854,card_addr,0.2142857142857142
37635,3157855,card_addr,0.2142857142857142
37636,3041760,card_addr,0.3
37636,3233475,card_addr,0.3
37636,3084876,card_addr,0.3
37636,3577004,card_addr,0.3
37636,3577007,card_addr,0.3
37636,3435504,card_addr,0.3
37636,3577015,card_addr,0.3
37636,3209784,card_addr,0.3
37636,3041724,card_addr,0.3
37636,3149662,card_addr,0.3
37771,3338656,card_addr,0.0833333333333333
37771,3160513,card_addr,0.0833333333333333
37771,3083490,card_addr,0.0833333333333333
37771,3497540,card_addr,0.0833333333333333
37771,3083241,card_addr,0.0833333333333333
37771,3377966,card_addr,0.0833333333333333
37771,3482255,card_addr,0.0833333333333333
37771,3245457,card_addr,0.0833333333333333
37771,3041973,card_addr,0.0833333333333333
37771,3135894,card_addr,0.0833333333333333
37771,3151830,card_addr,0.0833333333333333
37771,3428697,card_addr,0.0833333333333333
37872,3330561,card_addr,0.6666666666666666
37872,3307012,card_addr,0.6666666666666666
37872,3307144,card_addr,0.6666666666666666
37872,3410731,card_addr,0.6666666666666666
37872,3042157,card_addr,0.6666666666666666
37872,3331191,card_addr,0.6666666666666666
37872,3331197,card_addr,0.6666666666666666
37872,3410430,card_addr,0.6666666666666666
37872,3329759,card_addr,0.6666666666666666
37879,3164141,card_addr,0.2
37879,3473972,card_addr,0.2
37879,3042167,card_addr,0.2
37879,3224154,card_addr,0.2
37879,3243871,card_addr,0.2
37971,3139521,card_addr,0.1
37971,3042308,card_addr,0.1
37971,3247366,card_addr,0.1
37971,3125513,card_addr,0.1
37971,3409674,card_addr,0.1
37971,3329868,card_addr,0.1
37971,3478259,card_addr,0.1
37971,3291125,card_addr,0.1
37971,3506939,card_addr,0.1
37971,3049468,card_addr,0.1
38053,3283717,card_addr,0.0952380952380952
38053,3042444,card_addr,0.0952380952380952
38053,3547534,card_addr,0.0952380952380952
38053,3089296,card_addr,0.0952380952380952
38053,3565202,card_addr,0.0952380952380952
38053,3073695,card_addr,0.0952380952380952
38053,3557920,card_addr,0.0952380952380952
38053,3071395,card_addr,0.0952380952380952
38053,3208868,card_addr,0.0952380952380952
38053,3272873,card_addr,0.0952380952380952
38053,3059118,card_addr,0.0952380952380952
38053,3079997,card_addr,0.0952380952380952
38053,3360837,card_addr,0.0952380952380952
38053,3259724,card_addr,0.0952380952380952
38053,3151831,card_addr,0.0952380952380952
38053,3109593,card_addr,0.0952380952380952
38053,3396827,card_addr,0.0952380952380952
38053,3521500,card_addr,0.0952380952380952
38053,3521501,card_addr,0.0952380952380952
38053,3119580,card_addr,0.0952380952380952
38053,3395963,card_addr,0.0952380952380952
38227,3042728,card_addr,0.25
38227,3114601,card_addr,0.25
38227,3290610,card_addr,0.25
38227,3170461,card_addr,0.25
38392,3155556,card_addr,0.25
38392,3182180,card_addr,0.25
38392,3221276,card_addr,0.25
38392,3042987,card_addr,0.25
38392,3076271,card_addr,0.25
38392,3079248,card_addr,0.25
38392,3201244,card_addr,0.25
38392,3319736,card_addr,0.25
38392,3080440,card_addr,0.25
38392,3089660,card_addr,0.25
38392,3564125,card_addr,0.25
38392,3142590,card_addr,0.25
38509,3207552,device,0.1
38509,3466114,device,0.1
38509,3118596,device,0.1
38509,3044486,device,0.1
38509,3188874,device,0.1
38509,3188875,device,0.1
38509,3233423,device,0.1
38509,3044496,device,0.1
38509,3480210,device,0.1
38509,3188885,device,0.1
38509,3079702,device,0.1
38509,3478167,device,0.1
38509,3187352,device,0.1
38509,3110297,device,0.1
38509,3569945,device,0.1
38509,3450139,device,0.1
38509,3521436,device,0.1
38509,3480223,device,0.1
38509,3063074,device,0.1
38509,3106979,device,0.1
38509,3261860,device,0.1
38509,3303974,device,0.1
38509,3239978,device,0.1
38509,3383850,device,0.1
38509,3303596,device,0.1
38509,3484460,device,0.1
38509,3475376,device,0.1
38509,3535280,device,0.1
38509,3092924,device,0.1
38509,3488761,device,0.1
38509,3466943,device,0.1
38509,3466947,device,0.1
38509,3551939,device,0.1
38509,3330375,device,0.1
38509,3316554,device,0.1
38509,3551946,device,0.1
38509,3265616,device,0.1
38509,3316561,device,0.1
38509,3059922,device,0.1
38509,3277522,device,0.1
38509,3427325,device,0.1
38509,3103869,device,0.1
38509,3277528,device,0.1
38509,3554904,device,0.1
38509,3554906,device,0.1
38509,3094491,device,0.1
38509,3316571,device,0.1
38509,3554907,device,0.1
38509,3427422,device,0.1
38509,3510752,device,0.1
38509,3127010,device,0.1
38509,3447523,device,0.1
38509,3508840,device,0.1
38509,3122539,device,0.1
38509,3043187,device,0.1
38509,3044468,device,0.1
38509,3216755,device,0.1
38509,3484404,device,0.1
38509,3347065,device,0.1
38509,3127037,device,0.1
38637,3223939,device,0.0952380952380952
38637,3080074,device,0.0952380952380952
38637,3212686,device,0.0952380952380952
38637,3298197,device,0.0952380952380952
38637,3052968,device,0.0952380952380952
38637,3405097,device,0.0952380952380952
38637,3366711,device,0.0952380952380952
38637,3366845,device,0.0952380952380952
38637,3137601,device,0.0952380952380952
38637,3296582,device,0.0952380952380952
38637,3367129,device,0.0952380952380952
38637,3188697,device,0.0952380952380952
38637,3043419,device,0.0952380952380952
38637,3405925,device,0.0952380952380952
38637,3177320,device,0.0952380952380952
38637,3138030,device,0.0952380952380952
38637,3063279,device,0.0952380952380952
38637,3212656,device,0.0952380952380952
38637,3212661,device,0.0952380952380952
38637,3355126,device,0.0952380952380952
38637,3355128,device,0.0952380952380952
38702,3169350,card_addr,0.1
38702,3166471,card_addr,0.1
38702,3078729,card_addr,0.1
38702,3051498,card_addr,0.1
38702,3527505,card_addr,0.1
38702,3363124,card_addr,0.1
38702,3089845,card_addr,0.1
38702,3244822,card_addr,0.1
38702,3043516,card_addr,0.1
38702,3235615,card_addr,0.1
38713,3349352,card_addr,0.25
38713,3043533,card_addr,0.25
38713,3152622,card_addr,0.25
38713,3374791,card_addr,0.25
38806,3574240,card_addr,0.25
38806,3423970,card_addr,0.25
38806,3043667,card_addr,0.25
38806,3258126,card_addr,0.25
38975,3456840,card_addr,0.75
38975,3456846,card_addr,0.75
38975,3456842,card_addr,0.75
38975,3043918,card_addr,0.75
38977,3215392,card_addr,0.1428571428571428
38977,3415654,card_addr,0.1428571428571428
38977,3043920,card_addr,0.1428571428571428
38977,3278355,card_addr,0.1428571428571428
38977,3487317,card_addr,0.1428571428571428
38977,3501177,card_addr,0.1428571428571428
38977,3453407,card_addr,0.1428571428571428
38981,3084314,card_addr,0.3333333333333333
38981,3043925,card_addr,0.3333333333333333
38981,3090182,card_addr,0.3333333333333333
39283,3298336,card_addr,0.2
39283,3102116,card_addr,0.2
39283,3298321,card_addr,0.2
39283,3451161,card_addr,0.2
39283,3044381,card_addr,0.2
39399,3154304,card_addr,0.5909090909090909
39399,3173765,card_addr,0.5909090909090909
39399,3155334,card_addr,0.5909090909090909
39399,3154311,card_addr,0.5909090909090909
39399,3178245,card_addr,0.5909090909090909
39399,3394576,card_addr,0.5909090909090909
39399,3355801,card_addr,0.5909090909090909
39399,3178273,card_addr,0.5909090909090909
39399,3155879,card_addr,0.5909090909090909
39399,3173801,card_addr,0.5909090909090909
39399,3366697,card_addr,0.5909090909090909
39399,3271851,card_addr,0.5909090909090909
39399,3155119,card_addr,0.5909090909090909
39399,3155889,card_addr,0.5909090909090909
39399,3346994,card_addr,0.5909090909090909
39399,3366578,card_addr,0.5909090909090909
39399,3448244,card_addr,0.5909090909090909
39399,3520055,card_addr,0.5909090909090909
39399,3155128,card_addr,0.5909090909090909
39399,3173816,card_addr,0.5909090909090909
39399,3187774,card_addr,0.5909090909090909
39399,3155263,card_addr,0.5909090909090909
39399,3059266,card_addr,0.5909090909090909
39399,3174980,card_addr,0.5909090909090909
39399,3299782,card_addr,0.5909090909090909
39399,3153607,card_addr,0.5909090909090909
39399,3155274,card_addr,0.5909090909090909
39399,3075787,card_addr,0.5909090909090909
39399,3361360,card_addr,0.5909090909090909
39399,3044562,card_addr,0.5909090909090909
39399,3361363,card_addr,0.5909090909090909
39399,3182165,card_addr,0.5909090909090909
39399,3425749,card_addr,0.5909090909090909
39399,3182177,card_addr,0.5909090909090909
39399,3178236,card_addr,0.5909090909090909
39399,3426661,card_addr,0.5909090909090909
39399,3184237,card_addr,0.5909090909090909
39399,3069552,card_addr,0.5909090909090909
39399,3155313,card_addr,0.5909090909090909
39399,3182195,card_addr,0.5909090909090909
39399,3173750,card_addr,0.5909090909090909
39399,3349111,card_addr,0.5909090909090909
39399,3176313,card_addr,0.5909090909090909
39399,3172092,card_addr,0.5909090909090909
39511,3044736,card_addr,0.2
39511,3462325,card_addr,0.2
39511,3058453,card_addr,0.2
39511,3351644,card_addr,0.2
39511,3346335,card_addr,0.2
39602,3117510,card_addr,0.1
39602,3076169,card_addr,0.1
39602,3145545,card_addr,0.1
39602,3071339,card_addr,0.1
39602,3044881,card_addr,0.1
39602,3146354,card_addr,0.1
39602,3151282,card_addr,0.1
39602,3264503,card_addr,0.1
39602,3142427,card_addr,0.1
39602,3463100,card_addr,0.1
39864,3156897,card_addr,0.25
39864,3521106,card_addr,0.25
39864,3045299,card_addr,0.25
39864,3402399,card_addr,0.25
39910,3045376,card_addr,0.4615384615384615
39910,3257667,card_addr,0.4615384615384615
39910,3173959,card_addr,0.4615384615384615
39910,3156042,card_addr,0.4615384615384615
39910,3252975,card_addr,0.4615384615384615
39910,3148561,card_addr,0.4615384615384615
39910,3160019,card_addr,0.4615384615384615
39910,3362419,card_addr,0.4615384615384615
39910,3193557,card_addr,0.4615384615384615
39910,3071320,card_addr,0.4615384615384615
39910,3163610,card_addr,0.4615384615384615
39910,3163612,card_addr,0.4615384615384615
39910,3190936,card_addr,0.4615384615384615
40061,3214592,card_addr,0.25
40061,3045633,card_addr,0.25
40061,3191853,card_addr,0.25
40061,3241430,card_addr,0.25
40417,3046176,card_addr,0.125
40417,3115492,card_addr,0.125
40417,3253637,card_addr,0.125
40417,3064011,card_addr,0.125
40417,3438994,card_addr,0.125
40417,3453912,card_addr,0.125
40417,3158584,card_addr,0.125
40417,3163930,card_addr,0.125
40447,3531179,card_addr,0.25
40447,3295716,card_addr,0.25
40447,3119389,card_addr,0.25
40447,3046231,card_addr,0.25
40536,3046402,device,0.2
40536,3084069,device,0.2
40536,3084075,device,0.2
40536,3110219,device,0.2
40536,3186895,device,0.2
40536,3068048,device,0.2
40536,3046417,device,0.2
40536,3186897,device,0.2
40536,3046391,device,0.2
40536,3084024,device,0.2
40687,3417345,card_addr,0.3333333333333333
40687,3046642,card_addr,0.3333333333333333
40687,3046652,card_addr,0.3333333333333333
40726,3142535,device,0.75
40726,3537543,device,0.75
40726,3539084,device,0.75
40726,3524493,device,0.75
40726,3524499,device,0.75
40726,3531156,device,0.75
40726,3522581,device,0.75
40726,3537557,device,0.75
40726,3475351,device,0.75
40726,3288984,device,0.75
40726,3525527,device,0.75
40726,3525528,device,0.75
40726,3409179,device,0.75
40726,3537564,device,0.75
40726,3537566,device,0.75
40726,3525410,device,0.75
40726,3238180,device,0.75
40726,3343013,device,0.75
40726,3537447,device,0.75
40726,3541038,device,0.75
40726,3261612,device,0.75
40726,3505452,device,0.75
40726,3505454,device,0.75
40726,3539118,device,0.75
40726,3445552,device,0.75
40726,3524528,device,0.75
40726,3535281,device,0.75
40726,3046707,device,0.75
40726,3524276,device,0.75
40726,3525555,device,0.75
40726,3524534,device,0.75
40726,3539123,device,0.75
40726,3565494,device,0.75
40726,3318842,device,0.75
40726,3525563,device,0.75
40726,3525564,device,0.75
40726,3524541,device,0.75
40726,3576890,device,0.75
40726,3524545,device,0.75
40726,3528641,device,0.75
40726,3528642,device,0.75
40726,3526603,device,0.75
40726,3539147,device,0.75
40726,3557579,device,0.75
40726,3525457,device,0.75
40726,3525458,device,0.75
40726,3539153,device,0.75
40726,3526231,device,0.75
40726,3530455,device,0.75
40726,3548507,device,0.75
40726,3524444,device,0.75
40726,3463772,device,0.75
40726,3525469,device,0.75
40726,3543519,device,0.75
40726,3524448,device,0.75
40726,3445474,device,0.75
40726,3524963,device,0.75
40726,3554402,device,0.75
40726,3567594,device,0.75
40726,3525356,device,0.75
40726,3398382,device,0.75
40726,3524975,device,0.75
40726,3524593,device,0.75
40726,3525361,device,0.75
40726,3530998,device,0.75
40726,3343095,device,0.75
40726,3525243,device,0.75
40726,3531005,device,0.75
40733,3054979,card_addr,0.1071428571428571
40733,3094539,card_addr,0.1071428571428571
40733,3101080,card_addr,0.1071428571428571
40733,3500193,card_addr,0.1071428571428571
40733,3319972,card_addr,0.1071428571428571
40733,3068069,card_addr,0.1071428571428571
40733,3052584,card_addr,0.1071428571428571
40733,3127213,card_addr,0.1071428571428571
40733,3442349,card_addr,0.1071428571428571
40733,3401136,card_addr,0.1071428571428571
40733,3254962,card_addr,0.1071428571428571
40733,3401141,card_addr,0.1071428571428571
40733,3339958,card_addr,0.1071428571428571
40733,3357239,card_addr,0.1071428571428571
40733,3192379,card_addr,0.1071428571428571
40733,3046716,card_addr,0.1071428571428571
40733,3113676,card_addr,0.1071428571428571
40733,3050189,card_addr,0.1071428571428571
40733,3075023,card_addr,0.1071428571428571
40733,3113683,card_addr,0.1071428571428571
40733,3113685,card_addr,0.1071428571428571
40733,3057122,card_addr,0.1071428571428571
40733,3357410,card_addr,0.1071428571428571
40733,3193317,card_addr,0.1071428571428571
40733,3424378,card_addr,0.1071428571428571
40733,3363177,card_addr,0.1071428571428571
40733,3077098,card_addr,0.1071428571428571
40733,3359354,card_addr,0.1071428571428571
40756,3248768,device,0.0983606557377049
40756,3451777,device,0.0983606557377049
40756,3255298,device,0.0983606557377049
40756,3443715,device,0.0983606557377049
40756,3276036,device,0.0983606557377049
40756,3543549,device,0.0983606557377049
40756,3541510,device,0.0983606557377049
40756,3543941,device,0.0983606557377049
40756,3543943,device,0.0983606557377049
40756,3077517,device,0.0983606557377049
40756,3221517,device,0.0983606557377049
40756,3083664,device,0.0983606557377049
40756,3509648,device,0.0983606557377049
40756,3442838,device,0.0983606557377049
40756,3509654,device,0.0983606557377049
40756,3540376,device,0.0983606557377049
40756,3255577,device,0.0983606557377049
40756,3509658,device,0.0983606557377049
40756,3398043,device,0.0983606557377049
40756,3442845,device,0.0983606557377049
40756,3445545,device,0.0983606557377049
40756,3519273,device,0.0983606557377049
40756,3077419,device,0.0983606557377049
40756,3514923,device,0.0983606557377049
40756,3352111,device,0.0983606557377049
40756,3546544,device,0.0983606557377049
40756,3509681,device,0.0983606557377049
40756,3077426,device,0.0983606557377049
40756,3518130,device,0.0983606557377049
40756,3551281,device,0.0983606557377049
40756,3509685,device,0.0983606557377049
40756,3083703,device,0.0983606557377049
40756,3352121,device,0.0983606557377049
40756,3219130,device,0.0983606557377049
40756,3352123,device,0.0983606557377049
40756,3352125,device,0.0983606557377049
40756,3568448,device,0.0983606557377049
40756,3565640,device,0.0983606557377049
40756,3056845,device,0.0983606557377049
40756,3092177,device,0.0983606557377049
40756,3434193,device,0.0983606557377049
40756,3076691,device,0.0983606557377049
40756,3248733,device,0.0983606557377049
40756,3253470,device,0.0983606557377049
40756,3105886,device,0.0983606557377049
40756,3328607,device,0.0983606557377049
40756,3046753,device,0.0983606557377049
40756,3401441,device,0.0983606557377049
40756,3522656,device,0.0983606557377049
40756,3522657,device,0.0983606557377049
40756,3543535,device,0.0983606557377049
40756,3248754,device,0.0983606557377049
40756,3543539,device,0.0983606557377049
40756,3419253,device,0.0983606557377049
40756,3543541,device,0.0983606557377049
40756,3248759,device,0.0983606557377049
40756,3083640,device,0.0983606557377049
40756,3502585,device,0.0983606557377049
40756,3543542,device,0.0983606557377049
40756,3077501,device,0.0983606557377049
40756,3425022,device,0.0983606557377049
40786,3046793,card_addr,0.6666666666666666
40786,3047189,card_addr,0.6666666666666666
40786,3466191,card_addr,0.6666666666666666
40811,3459075,device,0.1320754716981132
40811,3438352,device,0.1320754716981132
40811,3347988,device,0.1320754716981132
40811,3320344,device,0.1320754716981132
40811,3249694,device,0.1320754716981132
40811,3359264,device,0.1320754716981132
40811,3320355,device,0.1320754716981132
40811,3429284,device,0.1320754716981132
40811,3359269,device,0.1320754716981132
40811,3533734,device,0.1320754716981132
40811,3145001,device,0.1320754716981132
40811,3359273,device,0.1320754716981132
40811,3046833,device,0.1320754716981132
40811,3249716,device,0.1320754716981132
40811,3440567,device,0.1320754716981132
40811,3046840,device,0.1320754716981132
40811,3440569,device,0.1320754716981132
40811,3359290,device,0.1320754716981132
40811,3249723,device,0.1320754716981132
40811,3527995,device,0.1320754716981132
40811,3535037,device,0.1320754716981132
40811,3517631,device,0.1320754716981132
40811,3451969,device,0.1320754716981132
40811,3438403,device,0.1320754716981132
40811,3438405,device,0.1320754716981132
40811,3438406,device,0.1320754716981132
40811,3452362,device,0.1320754716981132
40811,3485387,device,0.1320754716981132
40811,3291596,device,0.1320754716981132
40811,3291597,device,0.1320754716981132
40811,3291598,device,0.1320754716981132
40811,3317838,device,0.1320754716981132
40811,3291600,device,0.1320754716981132
40811,3229137,device,0.1320754716981132
40811,3229139,device,0.1320754716981132
40811,3229140,device,0.1320754716981132
40811,3229141,device,0.1320754716981132
40811,3229142,device,0.1320754716981132
40811,3229143,device,0.1320754716981132
40811,3229144,device,0.1320754716981132
40811,3540437,device,0.1320754716981132
40811,3563350,device,0.1320754716981132
40811,3468131,device,0.1320754716981132
40811,3438695,device,0.1320754716981132
40811,3416044,device,0.1320754716981132
40811,3133421,device,0.1320754716981132
40811,3551980,device,0.1320754716981132
40811,3206001,device,0.1320754716981132
40811,3445107,device,0.1320754716981132
40811,3447669,device,0.1320754716981132
40811,3418873,device,0.1320754716981132
40811,3418875,device,0.1320754716981132
40811,3418877,device,0.1320754716981132
40824,3046850,card_addr,0.1428571428571428
40824,3311342,card_addr,0.1428571428571428
40824,3226734,card_addr,0.1428571428571428
40824,3273680,card_addr,0.1428571428571428
40824,3535374,card_addr,0.1428571428571428
40824,3301366,card_addr,0.1428571428571428
40824,3451517,card_addr,0.1428571428571428
41016,3047161,card_addr,0.25
41016,3479427,card_addr,0.25
41016,3188249,card_addr,0.25
41016,3205918,card_addr,0.25
41043,3106049,card_addr,0.2857142857142857
41043,3047204,card_addr,0.2857142857142857
41043,3476230,card_addr,0.2857142857142857
41043,3476844,card_addr,0.2857142857142857
41043,3571474,card_addr,0.2857142857142857
41043,3570810,card_addr,0.2857142857142857
41043,3570813,card_addr,0.2857142857142857
41438,3352729,device,0.2777777777777778
41438,3396387,device,0.2777777777777778
41438,3139908,device,0.2777777777777778
41438,3312103,device,0.2777777777777778
41438,3081192,device,0.2777777777777778
41438,3287432,device,0.2777777777777778
41438,3269834,device,0.2777777777777778
41438,3140025,device,0.2777777777777778
41438,3287436,device,0.2777777777777778
41438,3312109,device,0.2777777777777778
41438,3139566,device,0.2777777777777778
41438,3352714,device,0.2777777777777778
41438,3445937,device,0.2777777777777778
41438,3047827,device,0.2777777777777778
41438,3139929,device,0.2777777777777778
41438,3331162,device,0.2777777777777778
41438,3312094,device,0.2777777777777778
41438,3139935,device,0.2777777777777778
41453,3230467,card_addr,0.72
41453,3564554,card_addr,0.72
41453,3477771,card_addr,0.72
41453,3230485,card_addr,0.72
41453,3228059,card_addr,0.72
41453,3228071,card_addr,0.72
41453,3047849,card_addr,0.72
41453,3228075,card_addr,0.72
41453,3228077,card_addr,0.72
41453,3348272,card_addr,0.72
41453,3228081,card_addr,0.72
41453,3282994,card_addr,0.72
41453,3416517,card_addr,0.72
41453,3241937,card_addr,0.72
41453,3426386,card_addr,0.72
41453,3374293,card_addr,0.72
41453,3416534,card_addr,0.72
41453,3206615,card_addr,0.72
41453,3206621,card_addr,0.72
41453,3206627,card_addr,0.72
41453,3300965,card_addr,0.72
41453,3225446,card_addr,0.72
41453,3426408,card_addr,0.72
41453,3219313,card_addr,0.72
41453,3219324,card_addr,0.72
41636,3048157,card_addr,0.2
41636,3267924,card_addr,0.2
41636,3413300,card_addr,0.2
41636,3267899,card_addr,0.2
41636,3179485,card_addr,0.2
41638,3230080,device,0.5111111111111111
41638,3117825,device,0.5111111111111111
41638,3118593,device,0.5111111111111111
41638,3267073,device,0.5111111111111111
41638,3118469,device,0.5111111111111111
41638,3230087,device,0.5111111111111111
41638,3267081,device,0.5111111111111111
41638,3118474,device,0.5111111111111111
41638,3118602,device,0.5111111111111111
41638,3122061,device,0.5111111111111111
41638,3267086,device,0.5111111111111111
41638,3122063,device,0.5111111111111111
41638,3290638,device,0.5111111111111111
41638,3267089,device,0.5111111111111111
41638,3267093,device,0.5111111111111111
41638,3063318,device,0.5111111111111111
41638,3267097,device,0.5111111111111111
41638,3267101,device,0.5111111111111111
41638,3267106,device,0.5111111111111111
41638,3341867,device,0.5111111111111111
41638,3295864,device,0.5111111111111111
41638,3215662,device,0.5111111111111111
41638,3267128,device,0.5111111111111111
41638,3088572,device,0.5111111111111111
41638,3053246,device,0.5111111111111111
41638,3358328,device,0.5111111111111111
41638,3284302,device,0.5111111111111111
41638,3066064,device,0.5111111111111111
41638,3063505,device,0.5111111111111111
41638,3063506,device,0.5111111111111111
41638,3063519,device,0.5111111111111111
41638,3048159,device,0.5111111111111111
41638,3053284,device,0.5111111111111111
41638,3052009,device,0.5111111111111111
41638,3053290,device,0.5111111111111111
41638,3105897,device,0.5111111111111111
41638,3122027,device,0.5111111111111111
41638,3295849,device,0.5111111111111111
41638,3122032,device,0.5111111111111111
41638,3177201,device,0.5111111111111111
41638,3105911,device,0.5111111111111111
41638,3117816,device,0.5111111111111111
41638,3118585,device,0.5111111111111111
41638,3118588,device,0.5111111111111111
41638,3267071,device,0.5111111111111111
41770,3508544,card_addr,0.3571428571428571
41770,3254721,card_addr,0.3571428571428571
41770,3538305,card_addr,0.3571428571428571
41770,3055459,card_addr,0.3571428571428571
41770,3055523,card_addr,0.3571428571428571
41770,3465575,card_addr,0.3571428571428571
41770,3055465,card_addr,0.3571428571428571
41770,3178185,card_addr,0.3571428571428571
41770,3568043,card_addr,0.3571428571428571
41770,3324049,card_addr,0.3571428571428571
41770,3048370,card_addr,0.3571428571428571
41770,3359378,card_addr,0.3571428571428571
41770,3055513,card_addr,0.3571428571428571
41770,3055485,card_addr,0.3571428571428571
41824,3572680,card_addr,0.1666666666666666
41824,3048463,card_addr,0.1666666666666666
41824,3201488,card_addr,0.1666666666666666
41824,3460240,card_addr,0.1666666666666666
41824,3540916,card_addr,0.1666666666666666
41824,3497046,card_addr,0.1666666666666666
42109,3146626,device,0.0967741935483871
42109,3242882,device,0.0967741935483871
42109,3236489,device,0.0967741935483871
42109,3146635,device,0.0967741935483871
42109,3242894,device,0.0967741935483871
42109,3257230,device,0.0967741935483871
42109,3303311,device,0.0967741935483871
42109,3048980,device,0.0967741935483871
42109,3341082,device,0.0967741935483871
42109,3111963,device,0.0967741935483871
42109,3111981,device,0.0967741935483871
42109,3242925,device,0.0967741935483871
42109,3569711,device,0.0967741935483871
42109,3109942,device,0.0967741935483871
42109,3569721,device,0.0967741935483871
42109,3337153,device,0.0967741935483871
42109,3424962,device,0.0967741935483871
42109,3048899,device,0.0967741935483871
42109,3125955,device,0.0967741935483871
42109,3175496,device,0.0967741935483871
42109,3129424,device,0.0967741935483871
42109,3376592,device,0.0967741935483871
42109,3208531,device,0.0967741935483871
42109,3155796,device,0.0967741935483871
42109,3395155,device,0.0967741935483871
42109,3129430,device,0.0967741935483871
42109,3122920,device,0.0967741935483871
42109,3122925,device,0.0967741935483871
42109,3122930,device,0.0967741935483871
42109,3395060,device,0.0967741935483871
42109,3122933,device,0.0967741935483871
42299,3049176,card_addr,0.6666666666666666
42299,3049186,card_addr,0.6666666666666666
42299,3100699,card_addr,0.6666666666666666
42318,3534502,device,0.6666666666666666
42318,3548743,device,0.6666666666666666
42318,3530824,device,0.6666666666666666
42318,3049199,device,0.6666666666666666
42318,3548635,device,0.6666666666666666
42318,3548637,device,0.6666666666666666
42387,3381507,device,0.2413793103448276
42387,3117063,device,0.2413793103448276
42387,3511691,device,0.2413793103448276
42387,3052558,device,0.2413793103448276
42387,3389967,device,0.2413793103448276
42387,3269909,device,0.2413793103448276
42387,3285403,device,0.2413793103448276
42387,3104027,device,0.2413793103448276
42387,3104030,device,0.2413793103448276
42387,3493415,device,0.2413793103448276
42387,3563950,device,0.2413793103448276
42387,3568947,device,0.2413793103448276
42387,3117887,device,0.2413793103448276
42387,3193425,device,0.2413793103448276
42387,3419479,device,0.2413793103448276
42387,3114202,device,0.2413793103448276
42387,3193437,device,0.2413793103448276
42387,3419486,device,0.2413793103448276
42387,3049314,device,0.2413793103448276
42387,3074021,device,0.2413793103448276
42387,3118822,device,0.2413793103448276
42387,3419494,device,0.2413793103448276
42387,3272169,device,0.2413793103448276
42387,3272173,device,0.2413793103448276
42387,3264622,device,0.2413793103448276
42387,3295858,device,0.2413793103448276
42387,3272182,device,0.2413793103448276
42387,3409019,device,0.2413793103448276
42387,3434238,device,0.2413793103448276
42583,3251842,device,0.5945945945945946
42583,3251845,device,0.5945945945945946
42583,3251851,device,0.5945945945945946
42583,3452812,device,0.5945945945945946
42583,3129229,device,0.5945945945945946
42583,3251860,device,0.5945945945945946
42583,3251862,device,0.5945945945945946
42583,3529113,device,0.5945945945945946
42583,3049638,device,0.5945945945945946
42583,3148974,device,0.5945945945945946
42583,3148981,device,0.5945945945945946
42583,3148989,device,0.5945945945945946
42583,3317693,device,0.5945945945945946
42583,3448509,device,0.5945945945945946
42583,3448510,device,0.5945945945945946
42583,3148994,device,0.5945945945945946
42583,3304518,device,0.5945945945945946
42583,3149001,device,0.5945945945945946
42583,3303500,device,0.5945945945945946
42583,3149005,device,0.5945945945945946
42583,3460186,device,0.5945945945945946
42583,3149019,device,0.5945945945945946
42583,3149022,device,0.5945945945945946
42583,3149027,device,0.5945945945945946
42583,3251814,device,0.5945945945945946
42583,3302248,device,0.5945945945945946
42583,3231721,device,0.5945945945945946
42583,3251818,device,0.5945945945945946
42583,3487723,device,0.5945945945945946
42583,3251822,device,0.5945945945945946
42583,3231472,device,0.5945945945945946
42583,3251825,device,0.5945945945945946
42583,3428855,device,0.5945945945945946
42583,3251833,device,0.5945945945945946
42583,3251835,device,0.5945945945945946
42583,3428860,device,0.5945945945945946
42583,3139583,device,0.5945945945945946
42618,3049704,card_addr,0.3333333333333333
42618,3172570,card_addr,0.3333333333333333
42618,3201511,card_addr,0.3333333333333333
42647,3416128,card_addr,0.25
42647,3057123,card_addr,0.25
42647,3433900,card_addr,0.25
42647,3433645,card_addr,0.25
42647,3336654,card_addr,0.25
42647,3416144,card_addr,0.25
42647,3279249,card_addr,0.25
42647,3049756,card_addr,0.25
42654,3462558,device,0.25
42654,3049772,device,0.25
42654,3452974,device,0.25
42654,3462543,device,0.25
42654,3462575,device,0.25
42654,3462547,device,0.25
42654,3443957,device,0.25
42654,3356183,device,0.25
42654,3356185,device,0.25
42654,3462555,device,0.25
42654,3462557,device,0.25
42654,3356190,device,0.25
42773,3049963,card_addr,1.0
42773,3058670,card_addr,1.0
42773,3058702,card_addr,1.0
42773,3058876,card_addr,1.0
42773,3049971,card_addr,1.0
42773,3058647,card_addr,1.0
42773,3058936,card_addr,1.0
42773,3063257,card_addr,1.0
42773,3058652,card_addr,1.0
42838,3103109,device,0.2162162162162162
42838,3092998,device,0.2162162162162162
42838,3563785,device,0.2162162162162162
42838,3303695,device,0.2162162162162162
42838,3563792,device,0.2162162162162162
42838,3542932,device,0.2162162162162162
42838,3459096,device,0.2162162162162162
42838,3542937,device,0.2162162162162162
42838,3563800,device,0.2162162162162162
42838,3534494,device,0.2162162162162162
42838,3542945,device,0.2162162162162162
42838,3542690,device,0.2162162162162162
42838,3303722,device,0.2162162162162162
42838,3498155,device,0.2162162162162162
42838,3513132,device,0.2162162162162162
42838,3563693,device,0.2162162162162162
42838,3093935,device,0.2162162162162162
42838,3172914,device,0.2162162162162162
42838,3543219,device,0.2162162162162162
42838,3542964,device,0.2162162162162162
42838,3568821,device,0.2162162162162162
42838,3553846,device,0.2162162162162162
42838,3563704,device,0.2162162162162162
42838,3441596,device,0.2162162162162162
42838,3330244,device,0.2162162162162162
42838,3542724,device,0.2162162162162162
42838,3448006,device,0.2162162162162162
42838,3563334,device,0.2162162162162162
42838,3563337,device,0.2162162162162162
42838,3563339,device,0.2162162162162162
42838,3391441,device,0.2162162162162162
42838,3050068,device,0.2162162162162162
42838,3142485,device,0.2162162162162162
42838,3291222,device,0.2162162162162162
42838,3272672,device,0.2162162162162162
42838,3542894,device,0.2162162162162162
42838,3425015,device,0.2162162162162162
42913,3404128,card_addr,0.8333333333333334
42913,3380835,card_addr,0.8333333333333334
42913,3050215,card_addr,0.8333333333333334
42913,3383851,card_addr,0.8333333333333334
42913,3404139,card_addr,0.8333333333333334
42913,3400666,card_addr,0.8333333333333334
42921,3186761,card_addr,0.5
42921,3316390,card_addr,0.5
42921,3050230,card_addr,0.5
42921,3186735,card_addr,0.5
43025,3239445,device,0.1428571428571428
43025,3560213,device,0.1428571428571428
43025,3537049,device,0.1428571428571428
43025,3111323,device,0.1428571428571428
43025,3111326,device,0.1428571428571428
43025,3537449,device,0.1428571428571428
43025,3050411,device,0.1428571428571428
43025,3163060,device,0.1428571428571428
43025,3087480,device,0.1428571428571428
43025,3247420,device,0.1428571428571428
43025,3471549,device,0.1428571428571428
43025,3393218,device,0.1428571428571428
43025,3543624,device,0.1428571428571428
43025,3530327,device,0.1428571428571428
43025,3124440,device,0.1428571428571428
43025,3136870,device,0.1428571428571428
43025,3191782,device,0.1428571428571428
43025,3342700,device,0.1428571428571428
43025,3392246,device,0.1428571428571428
43025,3116408,device,0.1428571428571428
43025,3068794,device,0.1428571428571428
43247,3139682,card_addr,0.3333333333333333
43247,3187652,card_addr,0.3333333333333333
43247,3139559,card_addr,0.3333333333333333
43247,3187662,card_addr,0.3333333333333333
43247,3050767,card_addr,0.3333333333333333
43247,3441778,card_addr,0.3333333333333333
43335,3409702,card_addr,0.1111111111111111
43335,3050919,card_addr,0.1111111111111111
43335,3397097,card_addr,0.1111111111111111
43335,3167601,card_addr,0.1111111111111111
43335,3409585,card_addr,0.1111111111111111
43335,3495124,card_addr,0.1111111111111111
43335,3215548,card_addr,0.1111111111111111
43335,3129309,card_addr,0.1111111111111111
43335,3502015,card_addr,0.1111111111111111
43356,3260001,card_addr,0.0769230769230769
43356,3499331,card_addr,0.0769230769230769
43356,3259620,card_addr,0.0769230769230769
43356,3238693,card_addr,0.0769230769230769
43356,3050950,card_addr,0.0769230769230769
43356,3259654,card_addr,0.0769230769230769
43356,3200680,card_addr,0.0769230769230769
43356,3400806,card_addr,0.0769230769230769
43356,3259980,card_addr,0.0769230769230769
43356,3499344,card_addr,0.0769230769230769
43356,3051156,card_addr,0.0769230769230769
43356,3051194,card_addr,0.0769230769230769
43356,3259518,card_addr,0.0769230769230769
43426,3397569,device,0.2222222222222222
43426,3495747,device,0.2222222222222222
43426,3495750,device,0.2222222222222222
43426,3424874,device,0.2222222222222222
43426,3406128,device,0.2222222222222222
43426,3051059,device,0.2222222222222222
43426,3397562,device,0.2222222222222222
43426,3397531,device,0.2222222222222222
43426,3484573,device,0.2222222222222222
43694,3403393,card_addr,0.0769230769230769
43694,3124710,card_addr,0.0769230769230769
43694,3494279,card_addr,0.0769230769230769
43694,3269262,card_addr,0.0769230769230769
43694,3269265,card_addr,0.0769230769230769
43694,3403347,card_addr,0.0769230769230769
43694,3051478,card_addr,0.0769230769230769
43694,3507031,card_addr,0.0769230769230769
43694,3188344,card_addr,0.0769230769230769
43694,3321117,card_addr,0.0769230769230769
43694,3267644,card_addr,0.0769230769230769
43694,3229213,card_addr,0.0769230769230769
43694,3306334,card_addr,0.0769230769230769
44257,3127017,card_addr,0.25
44257,3052402,card_addr,0.25
44257,3334404,card_addr,0.25
44257,3264679,card_addr,0.25
44380,3305736,card_addr,0.6666666666666666
44380,3052601,card_addr,0.6666666666666666
44380,3305819,card_addr,0.6666666666666666
44641,3137538,device,0.36
44641,3421322,device,0.36
44641,3438219,device,0.36
44641,3410958,device,0.36
44641,3575186,device,0.36
44641,3137057,device,0.36
44641,3575207,device,0.36
44641,3145908,device,0.36
44641,3505460,device,0.36
44641,3288909,device,0.36
44641,3107534,device,0.36
44641,3288910,device,0.36
44641,3053008,device,0.36
44641,3288912,device,0.36
44641,3505361,device,0.36
44641,3107539,device,0.36
44641,3075925,device,0.36
44641,3187288,device,0.36
44641,3107546,device,0.36
44641,3167070,device,0.36
44641,3137254,device,0.36
44641,3139311,device,0.36
44641,3251315,device,0.36
44641,3139320,device,0.36
44641,3110266,device,0.36
44655,3186336,device,0.2307692307692307
44655,3053027,device,0.2307692307692307
44655,3232965,device,0.2307692307692307
44655,3241128,device,0.2307692307692307
44655,3232971,device,0.2307692307692307
44655,3555182,device,0.2307692307692307
44655,3074319,device,0.2307692307692307
44655,3232945,device,0.2307692307692307
44655,3488823,device,0.2307692307692307
44655,3241303,device,0.2307692307692307
44655,3243032,device,0.2307692307692307
44655,3244378,device,0.2307692307692307
44655,3474204,device,0.2307692307692307
44777,3167105,device,0.5833333333333334
44777,3167109,device,0.5833333333333334
44777,3053201,device,0.5833333333333334
44777,3337235,device,0.5833333333333334
44777,3374618,device,0.5833333333333334
44777,3167132,device,0.5833333333333334
44777,3264414,device,0.5833333333333334
44777,3167136,device,0.5833333333333334
44777,3163188,device,0.5833333333333334
44777,3562168,device,0.5833333333333334
44777,3427514,device,0.5833333333333334
44777,3401927,device,0.5833333333333334
44777,3121867,device,0.5833333333333334
44777,3188072,device,0.5833333333333334
44777,3188078,device,0.5833333333333334
44777,3445998,device,0.5833333333333334
44777,3167088,device,0.5833333333333334
44777,3447409,device,0.5833333333333334
44777,3188083,device,0.5833333333333334
44777,3167094,device,0.5833333333333334
44777,3188088,device,0.5833333333333334
44777,3167097,device,0.5833333333333334
44777,3188090,device,0.5833333333333334
44777,3167101,device,0.5833333333333334
44813,3287810,card_addr,0.35
44813,3500170,card_addr,0.35
44813,3278614,card_addr,0.35
44813,3268251,card_addr,0.35
44813,3500197,card_addr,0.35
44813,3407923,card_addr,0.35
44813,3528508,card_addr,0.35
44813,3419452,card_addr,0.35
44813,3458749,card_addr,0.35
44813,3498052,card_addr,0.35
44813,3053256,card_addr,0.35
44813,3532617,card_addr,0.35
44813,3165515,card_addr,0.35
44813,3273942,card_addr,0.35
44813,3287768,card_addr,0.35
44813,3511536,card_addr,0.35
44813,3511538,card_addr,0.35
44813,3220723,card_addr,0.35
44813,3529332,card_addr,0.35
44813,3532661,card_addr,0.35
44822,3447082,card_addr,0.1666666666666666
44822,3053268,card_addr,0.1666666666666666
44822,3444829,card_addr,0.1666666666666666
44822,3159385,card_addr,0.1666666666666666
44822,3444733,card_addr,0.1666666666666666
44822,3538911,card_addr,0.1666666666666666
44854,3146721,card_addr,0.1
44854,3053315,card_addr,0.1
44854,3341574,card_addr,0.1
44854,3122287,card_addr,0.1
44854,3076755,card_addr,0.1
44854,3069461,card_addr,0.1
44854,3174650,card_addr,0.1
44854,3510428,card_addr,0.1
44854,3469469,card_addr,0.1
44854,3189086,card_addr,0.1
44934,3112647,card_addr,0.6
44934,3417389,card_addr,0.6
44934,3417332,card_addr,0.6
44934,3417336,card_addr,0.6
44934,3053438,card_addr,0.6
44973,3328259,card_addr,0.08
44973,3142026,card_addr,0.08
44973,3087632,card_addr,0.08
44973,3115928,card_addr,0.08
44973,3183129,card_addr,0.08
44973,3535515,card_addr,0.08
44973,3275935,card_addr,0.08
44973,3414697,card_addr,0.08
44973,3147435,card_addr,0.08
44973,3322030,card_addr,0.08
44973,3327802,card_addr,0.08
44973,3308096,card_addr,0.08
44973,3053505,card_addr,0.08
44973,3053506,card_addr,0.08
44973,3179075,card_addr,0.08
44973,3084996,card_addr,0.08
44973,3383495,card_addr,0.08
44973,3527367,card_addr,0.08
44973,3303126,card_addr,0.08
44973,3553887,card_addr,0.08
44973,3560415,card_addr,0.08
44973,3510269,card_addr,0.08
44973,3473907,card_addr,0.08
44973,3285117,card_addr,0.08
44973,3221119,card_addr,0.08
45049,3330912,device,0.2727272727272727
45049,3062338,device,0.2727272727272727
45049,3090211,device,0.2727272727272727
45049,3330917,device,0.2727272727272727
45049,3102921,device,0.2727272727272727
45049,3103598,card_addr,0.2727272727272727
45049,3053615,card_addr,0.2727272727272727
45049,3062324,device,0.2727272727272727
45049,3344085,device,0.2727272727272727
45049,3103801,card_addr,0.2727272727272727
45049,3067741,card_addr+device,0.2727272727272727
45120,3303714,device,0.2142857142857142
45120,3080135,device,0.2142857142857142
45120,3519175,device,0.2142857142857142
45120,3477609,device,0.2142857142857142
45120,3293867,device,0.2142857142857142
45120,3488909,device,0.2142857142857142
45120,3105935,device,0.2142857142857142
45120,3488911,device,0.2142857142857142
45120,3053724,device,0.2142857142857142
45120,3129685,device,0.2142857142857142
45120,3363287,device,0.2142857142857142
45120,3363289,device,0.2142857142857142
45120,3363290,device,0.2142857142857142
45120,3252348,device,0.2142857142857142
45304,3307908,card_addr,0.1666666666666666
45304,3082731,card_addr,0.1666666666666666
45304,3081747,card_addr,0.1666666666666666
45304,3054005,card_addr,0.1666666666666666
45304,3068055,card_addr,0.1666666666666666
45304,3441979,card_addr,0.1666666666666666
45314,3187469,card_addr,0.3636363636363636
45314,3189394,card_addr,0.3636363636363636
45314,3511443,card_addr,0.3636363636363636
45314,3342741,card_addr,0.3636363636363636
45314,3119387,card_addr,0.3636363636363636
45314,3457321,card_addr,0.3636363636363636
45314,3243183,card_addr,0.3636363636363636
45314,3457201,card_addr,0.3636363636363636
45314,3243191,card_addr,0.3636363636363636
45314,3123453,card_addr,0.3636363636363636
45314,3430848,card_addr,0.3636363636363636
45314,3239361,card_addr,0.3636363636363636
45314,3054021,card_addr,0.3636363636363636
45314,3069268,card_addr,0.3636363636363636
45314,3239381,card_addr,0.3636363636363636
45314,3305556,card_addr,0.3636363636363636
45314,3239383,card_addr,0.3636363636363636
45314,3430870,card_addr,0.3636363636363636
45314,3457256,card_addr,0.3636363636363636
45314,3237880,card_addr,0.3636363636363636
45314,3393660,card_addr,0.3636363636363636
45314,3062525,card_addr,0.3636363636363636
45778,3246178,card_addr,0.0833333333333333
45778,3245603,card_addr,0.0833333333333333
45778,3461955,card_addr,0.0833333333333333
45778,3553571,card_addr,0.0833333333333333
45778,3218758,card_addr,0.0833333333333333
45778,3192934,card_addr,0.0833333333333333
45778,3145191,card_addr,0.0833333333333333
45778,3553573,card_addr,0.0833333333333333
45778,3054733,card_addr,0.0833333333333333
45778,3442228,card_addr,0.0833333333333333
45778,3467415,card_addr,0.0833333333333333
45778,3410588,card_addr,0.0833333333333333
45852,3054851,card_addr,0.1212121212121212
45852,3276806,card_addr,0.1212121212121212
45852,3197069,card_addr,0.1212121212121212
45852,3315347,card_addr,0.1212121212121212
45852,3384725,card_addr,0.1212121212121212
45852,3453743,card_addr,0.1212121212121212
45852,3342769,card_addr,0.1212121212121212
45852,3300146,card_addr,0.1212121212121212
45852,3063734,card_addr,0.1212121212121212
45852,3536054,card_addr,0.1212121212121212
45852,3345210,card_addr,0.1212121212121212
45852,3212604,card_addr,0.1212121212121212
45852,3225918,card_addr,0.1212121212121212
45852,3063746,card_addr,0.1212121212121212
45852,3395397,card_addr,0.1212121212121212
45852,3225928,card_addr,0.1212121212121212
45852,3513165,card_addr,0.1212121212121212
45852,3062867,card_addr,0.1212121212121212
45852,3348819,card_addr,0.1212121212121212
45852,3518935,card_addr,0.1212121212121212
45852,3408732,card_addr,0.1212121212121212
45852,3159773,card_addr,0.1212121212121212
45852,3451617,card_addr,0.1212121212121212
45852,3374435,card_addr,0.1212121212121212
45852,3073381,card_addr,0.1212121212121212
45852,3472104,card_addr,0.1212121212121212
45852,3080811,card_addr,0.1212121212121212
45852,3510635,card_addr,0.1212121212121212
45852,3223536,card_addr,0.1212121212121212
45852,3456627,card_addr,0.1212121212121212
45852,3221242,card_addr,0.1212121212121212
45852,3305854,card_addr,0.1212121212121212
45852,3432191,card_addr,0.1212121212121212
45948,3265739,card_addr,0.2
45948,3259320,card_addr,0.2
45948,3055002,card_addr,0.2
45948,3259325,card_addr,0.2
45948,3350974,card_addr,0.2
46042,3093766,device,0.2592592592592592
46042,3373190,device,0.2592592592592592
46042,3405202,device,0.2592592592592592
46042,3108628,device,0.2592592592592592
46042,3540244,device,0.2592592592592592
46042,3236771,device,0.2592592592592592
46042,3236776,device,0.2592592592592592
46042,3236779,device,0.2592592592592592
46042,3236783,device,0.2592592592592592
46042,3055154,device,0.2592592592592592
46042,3076539,device,0.2592592592592592
46042,3249216,device,0.2592592592592592
46042,3306433,device,0.2592592592592592
46042,3098952,device,0.2592592592592592
46042,3486544,device,0.2592592592592592
46042,3148241,device,0.2592592592592592
46042,3261787,device,0.2592592592592592
46042,3356124,device,0.2592592592592592
46042,3236833,device,0.2592592592592592
46042,3290604,device,0.2592592592592592
46042,3376754,device,0.2592592592592592
46042,3098995,device,0.2592592592592592
46042,3107572,device,0.2592592592592592
46042,3394932,device,0.2592592592592592
46042,3519602,device,0.2592592592592592
46042,3100536,device,0.2592592592592592
46042,3525499,device,0.2592592592592592
46161,3537891,card_addr,0.1666666666666666
46161,3379736,card_addr,0.1666666666666666
46161,3232145,card_addr,0.1666666666666666
46161,3055352,card_addr,0.1666666666666666
46161,3382461,card_addr,0.1666666666666666
46161,3097183,card_addr,0.1666666666666666
46422,3493059,card_addr,0.125
46422,3493156,card_addr,0.125
46422,3493062,card_addr,0.125
46422,3493065,card_addr,0.125
46422,3493070,card_addr,0.125
46422,3493075,card_addr,0.125
46422,3493080,card_addr,0.125
46422,3055773,card_addr,0.125
46480,3153411,device,0.6363636363636364
46480,3166788,device,0.6363636363636364
46480,3361988,device,0.6363636363636364
46480,3363301,device,0.6363636363636364
46480,3067624,device,0.6363636363636364
46480,3398603,device,0.6363636363636364
46480,3338445,device,0.6363636363636364
46480,3412397,device,0.6363636363636364
46480,3055855,device,0.6363636363636364
46480,3218421,device,0.6363636363636364
46480,3074330,device,0.6363636363636364
46562,3055972,device,0.2
46562,3115567,device,0.2
46562,3417014,device,0.2
46562,3088185,device,0.2
46562,3090299,device,0.2
46709,3269924,card_addr,0.6
46709,3391593,card_addr,0.6
46709,3056210,card_addr,0.6
46709,3056274,card_addr,0.6
46709,3056223,card_addr,0.6
46722,3056228,card_addr,0.5
46722,3190961,card_addr,0.5
46722,3385937,card_addr,0.5
46722,3117173,card_addr,0.5
46722,3068406,card_addr,0.5
46722,3368957,card_addr,0.5
46853,3166027,card_addr,0.25
46853,3099213,card_addr,0.25
46853,3056445,card_addr,0.25
46853,3070822,card_addr,0.25
46911,3056544,card_addr,0.3333333333333333
46911,3553702,card_addr,0.3333333333333333
46911,3147624,card_addr,0.3333333333333333
46911,3220521,card_addr,0.3333333333333333
46911,3272905,card_addr,0.3333333333333333
46911,3481482,card_addr,0.3333333333333333
46911,3301455,card_addr,0.3333333333333333
46911,3317776,card_addr,0.3333333333333333
46911,3429904,card_addr,0.3333333333333333
46911,3301458,card_addr,0.3333333333333333
46911,3321622,card_addr,0.3333333333333333
46911,3301401,card_addr,0.3333333333333333
47127,3378915,card_addr,0.1666666666666666
47127,3238215,card_addr,0.1666666666666666
47127,3360905,card_addr,0.1666666666666666
47127,3067211,card_addr,0.1666666666666666
47127,3056912,card_addr,0.1666666666666666
47127,3193237,card_addr,0.1666666666666666
47127,3462746,card_addr,0.1666666666666666
47127,3229015,card_addr,0.1666666666666666
47127,3450554,card_addr,0.1666666666666666
47127,3059482,card_addr,0.1666666666666666
47127,3462748,card_addr,0.1666666666666666
47127,3576925,card_addr,0.1666666666666666
47204,3312706,device,0.1666666666666666
47204,3484962,device,0.1666666666666666
47204,3057029,device,0.1666666666666666
47204,3390502,device,0.1666666666666666
47204,3303769,device,0.1666666666666666
47204,3406430,device,0.1666666666666666
47415,3266917,card_addr,0.3333333333333333
47415,3057377,card_addr,0.3333333333333333
47415,3190101,card_addr,0.3333333333333333
47454,3303910,card_addr,0.3333333333333333
47454,3116038,card_addr,0.3333333333333333
47454,3057455,card_addr,0.3333333333333333
47990,3443906,card_addr,0.0833333333333333
47990,3172643,card_addr,0.0833333333333333
47990,3304983,card_addr,0.0833333333333333
47990,3276613,card_addr,0.0833333333333333
47990,3161126,card_addr,0.0833333333333333
47990,3420035,card_addr,0.0833333333333333
47990,3138408,card_addr,0.0833333333333333
47990,3169353,card_addr,0.0833333333333333
47990,3423940,card_addr,0.0833333333333333
47990,3506469,card_addr,0.0833333333333333
47990,3058286,card_addr,0.0833333333333333
47990,3198391,card_addr,0.0833333333333333
47993,3532738,card_addr,0.4
47993,3360579,card_addr,0.4
47993,3493476,card_addr,0.4
47993,3534978,card_addr,0.4
47993,3547002,card_addr,0.4
47993,3269418,card_addr,0.4
47993,3520017,card_addr,0.4
47993,3058291,card_addr,0.4
47993,3503610,card_addr,0.4
47993,3193438,card_addr,0.4
48050,3058386,card_addr,0.3333333333333333
48050,3089701,card_addr,0.3333333333333333
48050,3208893,card_addr,0.3333333333333333
48111,3468582,card_addr,0.8571428571428571
48111,3505671,card_addr,0.8571428571428571
48111,3058481,card_addr,0.8571428571428571
48111,3505560,card_addr,0.8571428571428571
48111,3468571,card_addr,0.8571428571428571
48111,3467708,card_addr,0.8571428571428571
48111,3505567,card_addr,0.8571428571428571
48130,3115521,card_addr,0.4
48130,3485771,card_addr,0.4
48130,3058507,card_addr,0.4
48130,3485772,card_addr,0.4
48130,3495699,card_addr,0.4
48155,3058541,card_addr,0.4
48155,3059952,card_addr,0.4
48155,3079955,card_addr,0.4
48155,3097365,card_addr,0.4
48155,3079961,card_addr,0.4
48461,3369218,device,0.2105263157894736
48461,3530755,device,0.2105263157894736
48461,3296005,device,0.2105263157894736
48461,3369222,device,0.2105263157894736
48461,3401871,device,0.2105263157894736
48461,3424789,device,0.2105263157894736
48461,3424542,device,0.2105263157894736
48461,3424553,device,0.2105263157894736
48461,3350199,device,0.2105263157894736
48461,3143871,device,0.2105263157894736
48461,3225304,device,0.2105263157894736
48461,3443806,device,0.2105263157894736
48461,3304673,device,0.2105263157894736
48461,3059042,device,0.2105263157894736
48461,3506532,device,0.2105263157894736
48461,3191536,device,0.2105263157894736
48461,3350897,device,0.2105263157894736
48461,3295995,device,0.2105263157894736
48461,3424509,device,0.2105263157894736
48876,3059706,card_addr,0.5
48876,3114083,card_addr,0.5
48876,3065550,card_addr,0.5
48876,3221378,card_addr,0.5
48891,3205217,card_addr,0.4285714285714285
48891,3249675,card_addr,0.4285714285714285
48891,3104395,card_addr,0.4285714285714285
48891,3059727,card_addr,0.4285714285714285
48891,3283024,card_addr,0.4285714285714285
48891,3519959,card_addr,0.4285714285714285
48891,3283034,card_addr,0.4285714285714285
49121,3060107,device,0.2
49121,3284983,device,0.2
49121,3320055,device,0.2
49121,3228152,device,0.2
49121,3250778,device,0.2
49144,3268738,card_addr,0.25
49144,3326562,card_addr,0.25
49144,3459560,card_addr,0.25
49144,3187401,card_addr,0.25
49144,3060140,card_addr,0.25
49144,3179852,card_addr,0.25
49144,3096912,card_addr,0.25
49144,3198614,card_addr,0.25
49195,3448224,card_addr,0.5
49195,3060225,card_addr,0.5
49195,3239873,card_addr,0.5
49195,3448841,card_addr,0.5
49195,3239948,card_addr,0.5
49195,3448050,card_addr,0.5
49195,3448220,card_addr,0.5
49195,3117277,card_addr,0.5
49203,3512228,card_addr,0.1666666666666666
49203,3291080,card_addr,0.1666666666666666
49203,3521896,card_addr,0.1666666666666666
49203,3060234,card_addr,0.1666666666666666
49203,3308686,card_addr,0.1666666666666666
49203,3186511,card_addr,0.1666666666666666
49203,3405052,card_addr,0.1666666666666666
49203,3512279,card_addr,0.1666666666666666
49203,3475002,card_addr,0.1666666666666666
49203,3092028,card_addr,0.1666666666666666
49203,3061470,card_addr,0.1666666666666666
49203,3400479,card_addr,0.1666666666666666
49327,3202439,card_addr,0.75
49327,3202228,card_addr,0.75
49327,3202456,card_addr,0.75
49327,3060439,card_addr,0.75
49547,3374619,card_addr,0.25
49547,3363586,card_addr,0.25
49547,3115699,card_addr,0.25
49547,3060772,card_addr,0.25
49603,3357669,card_addr,0.1111111111111111
49603,3419557,card_addr,0.1111111111111111
49603,3354215,card_addr,0.1111111111111111
49603,3169832,card_addr,0.1111111111111111
49603,3354123,card_addr,0.1111111111111111
49603,3140054,card_addr,0.1111111111111111
49603,3137688,card_addr,0.1111111111111111
49603,3217308,card_addr,0.1111111111111111
49603,3060863,card_addr,0.1111111111111111
49747,3499520,card_addr,0.5
49747,3061105,card_addr,0.5
49747,3499641,card_addr,0.5
49747,3062577,card_addr,0.5
49874,3061328,device,1.0
49874,3061339,device,1.0
49874,3061318,device,1.0
50289,3570497,card_addr,0.1818181818181818
50289,3062820,card_addr,0.1818181818181818
50289,3570572,card_addr,0.1818181818181818
50289,3159437,card_addr,0.1818181818181818
50289,3571054,card_addr,0.1818181818181818
50289,3517807,card_addr,0.1818181818181818
50289,3062001,card_addr,0.1818181818181818
50289,3570643,card_addr,0.1818181818181818
50289,3265750,card_addr,0.1818181818181818
50289,3570747,card_addr,0.1818181818181818
50289,3571069,card_addr,0.1818181818181818
50313,3202432,card_addr,0.1875
50313,3238337,card_addr,0.1875
50313,3427106,card_addr,0.1875
50313,3554438,card_addr,0.1875
50313,3107911,card_addr,0.1875
50313,3211902,card_addr,0.1875
50313,3304683,card_addr,0.1875
50313,3320874,card_addr,0.1875
50313,3090352,card_addr,0.1875
50313,3281427,card_addr,0.1875
50313,3329300,card_addr,0.1875
50313,3174201,card_addr,0.1875
50313,3062041,card_addr,0.1875
50313,3261530,card_addr,0.1875
50313,3479772,card_addr,0.1875
50313,3176894,card_addr,0.1875
50323,3468593,card_addr,0.3333333333333333
50323,3062059,card_addr,0.3333333333333333
50323,3509351,card_addr,0.3333333333333333
50875,3062892,card_addr,0.3333333333333333
50875,3323990,card_addr,0.3333333333333333
50875,3186559,card_addr,0.3333333333333333
50877,3333344,card_addr,0.25
50877,3393329,card_addr,0.25
50877,3269557,card_addr,0.25
50877,3062894,card_addr,0.25
50912,3146273,card_addr,0.1333333333333333
50912,3241377,card_addr,0.1333333333333333
50912,3384641,card_addr,0.1333333333333333
50912,3104132,card_addr,0.1333333333333333
50912,3315271,card_addr,0.1333333333333333
50912,3104136,card_addr,0.1333333333333333
50912,3492840,card_addr,0.1333333333333333
50912,3062954,card_addr,0.1333333333333333
50912,3398347,card_addr,0.1333333333333333
50912,3104140,card_addr,0.1333333333333333
50912,3314029,card_addr,0.1333333333333333
50912,3521127,card_addr,0.1333333333333333
50912,3088630,card_addr,0.1333333333333333
50912,3119225,card_addr,0.1333333333333333
50912,3239867,card_addr,0.1333333333333333
50964,3105027,card_addr,0.3333333333333333
50964,3063036,card_addr,0.3333333333333333
50964,3118735,card_addr,0.3333333333333333
51033,3411049,card_addr,0.3333333333333333
51033,3306635,card_addr,0.3333333333333333
51033,3063148,card_addr,0.3333333333333333
51068,3063201,device,1.0
51068,3067043,device,1.0
51068,3067013,device,1.0
51068,3067142,device,1.0
51068,3066986,device,1.0
51068,3067053,device,1.0
51068,3066993,device,1.0
51068,3067121,device,1.0
51068,3067060,device,1.0
51068,3067006,device,1.0
51517,3063905,device,0.1666666666666666
51517,3420072,device,0.1666666666666666
51517,3492650,device,0.1666666666666666
51517,3420112,device,0.1666666666666666
51517,3317147,device,0.1666666666666666
51517,3090620,device,0.1666666666666666
51540,3063937,card_addr,0.4736842105263157
51540,3159555,card_addr,0.4736842105263157
51540,3159683,card_addr,0.4736842105263157
51540,3159684,card_addr,0.4736842105263157
51540,3159688,card_addr,0.4736842105263157
51540,3159689,card_addr,0.4736842105263157
51540,3188746,card_addr,0.4736842105263157
51540,3159691,card_addr,0.4736842105263157
51540,3159692,card_addr,0.4736842105263157
51540,3159693,card_addr,0.4736842105263157
51540,3211023,card_addr,0.4736842105263157
51540,3315087,card_addr,0.4736842105263157
51540,3080723,card_addr,0.4736842105263157
51540,3203868,card_addr,0.4736842105263157
51540,3452599,card_addr,0.4736842105263157
51540,3452605,card_addr,0.4736842105263157
51540,3203944,card_addr,0.4736842105263157
51540,3159665,card_addr,0.4736842105263157
51540,3242230,card_addr,0.4736842105263157
51881,3217312,card_addr,0.1428571428571428
51881,3155496,card_addr,0.1428571428571428
51881,3064492,card_addr,0.1428571428571428
51881,3539758,card_addr,0.1428571428571428
51881,3240721,card_addr,0.1428571428571428
51881,3195379,card_addr,0.1428571428571428
51881,3530653,card_addr,0.1428571428571428
52057,3454368,card_addr,0.1764705882352941
52057,3466624,card_addr,0.1764705882352941
52057,3553605,card_addr,0.1764705882352941
52057,3121030,card_addr,0.1764705882352941
52057,3239468,card_addr,0.1764705882352941
52057,3438572,card_addr,0.1764705882352941
52057,3441677,card_addr,0.1764705882352941
52057,3280879,card_addr,0.1764705882352941
52057,3064783,card_addr,0.1764705882352941
52057,3453613,card_addr,0.1764705882352941
52057,3173970,card_addr,0.1764705882352941
52057,3440542,card_addr,0.1764705882352941
52057,3530700,card_addr,0.1764705882352941
52057,3509943,card_addr,0.1764705882352941
52057,3440536,card_addr,0.1764705882352941
52057,3384765,card_addr,0.1764705882352941
52057,3285502,card_addr,0.1764705882352941
52331,3349141,card_addr,0.3
52331,3321754,card_addr,0.3
52331,3319706,card_addr,0.3
52331,3388572,card_addr,0.3
52331,3481116,card_addr,0.3
52331,3488933,card_addr,0.3
52331,3065261,card_addr,0.3
52331,3367606,card_addr,0.3
52331,3460794,card_addr,0.3
52331,3324731,card_addr,0.3
52331,3533758,card_addr,0.3
52331,3326274,card_addr,0.3
52331,3533770,card_addr,0.3
52331,3287884,card_addr,0.3
52331,3287885,card_addr,0.3
52331,3325394,card_addr,0.3
52331,3437910,card_addr,0.3
52331,3443940,card_addr,0.3
52331,3333609,card_addr,0.3
52331,3323263,card_addr,0.3
52489,3122313,card_addr,0.2857142857142857
52489,3069580,card_addr,0.2857142857142857
52489,3357518,card_addr,0.2857142857142857
52489,3565742,card_addr,0.2857142857142857
52489,3065493,card_addr,0.2857142857142857
52489,3463421,card_addr,0.2857142857142857
52489,3563455,card_addr,0.2857142857142857
52499,3065512,card_addr,0.4
52499,3199562,card_addr,0.4
52499,3336428,card_addr,0.4
52499,3085167,card_addr,0.4
52499,3437117,card_addr,0.4
52637,3511782,card_addr,0.0909090909090909
52637,3065864,card_addr,0.0909090909090909
52637,3492424,card_addr,0.0909090909090909
52637,3208108,card_addr,0.0909090909090909
52637,3108336,card_addr,0.0909090909090909
52637,3104625,card_addr,0.0909090909090909
52637,3168113,card_addr,0.0909090909090909
52637,3065747,card_addr,0.0909090909090909
52637,3497628,card_addr,0.0909090909090909
52637,3066206,card_addr,0.0909090909090909
52637,3482815,card_addr,0.0909090909090909
52716,3301433,card_addr,0.25
52716,3155883,card_addr,0.25
52716,3065878,card_addr,0.25
52716,3149583,card_addr,0.25
52847,3066106,card_addr,0.75
52847,3253083,card_addr,0.75
52847,3258604,card_addr,0.75
52847,3230061,card_addr,0.75
52900,3182691,card_addr,0.3333333333333333
52900,3066188,card_addr,0.3333333333333333
52900,3280398,card_addr,0.3333333333333333
52929,3066240,card_addr,0.1428571428571428
52929,3337056,card_addr,0.1428571428571428
52929,3541734,card_addr,0.1428571428571428
52929,3097992,card_addr,0.1428571428571428
52929,3171565,card_addr,0.1428571428571428
52929,3171574,card_addr,0.1428571428571428
52929,3336379,card_addr,0.1428571428571428
53219,3066731,card_addr,0.75
53219,3066740,card_addr,0.75
53219,3422403,card_addr,0.75
53219,3066726,card_addr,0.75
53275,3070658,card_addr,0.1428571428571428
53275,3264932,card_addr,0.1428571428571428
53275,3066822,card_addr,0.1428571428571428
53275,3269614,card_addr,0.1428571428571428
53275,3343419,card_addr,0.1428571428571428
53275,3470846,card_addr,0.1428571428571428
53275,3348831,card_addr,0.1428571428571428
53295,3470469,card_addr,0.2
53295,3066854,card_addr,0.2
53295,3146217,card_addr,0.2
53295,3307084,card_addr,0.2
53295,3086677,card_addr,0.2
53615,3284353,card_addr,0.2
53615,3374983,card_addr,0.2
53615,3148104,card_addr,0.2
53615,3067404,card_addr,0.2
53615,3277169,card_addr,0.2
53818,3349443,card_addr,0.1666666666666666
53818,3149579,card_addr,0.1666666666666666
53818,3298156,card_addr,0.1666666666666666
53818,3067726,card_addr,0.1666666666666666
53818,3084558,card_addr,0.1666666666666666
53818,3096499,card_addr,0.1666666666666666
54026,3068095,device,0.75
54026,3068074,card_addr+device,0.75
54026,3068105,device,0.75
54026,3323311,card_addr,0.75
54607,3328487,card_addr,0.1666666666666666
54607,3536201,card_addr,0.1666666666666666
54607,3068975,card_addr,0.1666666666666666
54607,3540754,card_addr,0.1666666666666666
54607,3230587,card_addr,0.1666666666666666
54607,3453726,card_addr,0.1666666666666666
54620,3521026,card_addr,0.1111111111111111
54620,3130851,card_addr,0.1111111111111111
54620,3086161,card_addr,0.1111111111111111
54620,3069010,card_addr,0.1111111111111111
54620,3069011,card_addr,0.1111111111111111
54620,3069012,card_addr,0.1111111111111111
54620,3069013,card_addr,0.1111111111111111
54620,3521014,card_addr,0.1111111111111111
54620,3069021,card_addr,0.1111111111111111
54714,3069177,card_addr,0.3333333333333333
54714,3156091,card_addr,0.3333333333333333
54714,3155981,card_addr,0.3333333333333333
54751,3273662,card_addr,0.3333333333333333
54751,3551669,card_addr,0.3333333333333333
54751,3069239,card_addr,0.3333333333333333
54751,3563738,card_addr,0.3333333333333333
54751,3243773,card_addr,0.3333333333333333
54751,3523198,card_addr,0.3333333333333333
54880,3145892,card_addr,0.0769230769230769
54880,3574277,card_addr,0.0769230769230769
54880,3125543,card_addr,0.0769230769230769
54880,3069451,card_addr,0.0769230769230769
54880,3150924,card_addr,0.0769230769230769
54880,3139819,card_addr,0.0769230769230769
54880,3205486,card_addr,0.0769230769230769
54880,3319759,card_addr,0.0769230769230769
54880,3402605,card_addr,0.0769230769230769
54880,3536335,card_addr,0.0769230769230769
54880,3538027,card_addr,0.0769230769230769
54880,3536342,card_addr,0.0769230769230769
54880,3454648,card_addr,0.0769230769230769
54973,3069705,card_addr,0.0869565217391304
54973,3477526,card_addr,0.0869565217391304
54973,3498519,card_addr,0.0869565217391304
54973,3575961,card_addr,0.0869565217391304
54973,3087904,card_addr,0.0869565217391304
54973,3069731,card_addr,0.0869565217391304
54973,3086117,card_addr,0.0869565217391304
54973,3097510,card_addr,0.0869565217391304
54973,3501608,card_addr,0.0869565217391304
54973,3500725,card_addr,0.0869565217391304
54973,3069628,card_addr,0.0869565217391304
54973,3088445,card_addr,0.0869565217391304
54973,3070399,card_addr,0.0869565217391304
54973,3545291,card_addr,0.0869565217391304
54973,3545294,card_addr,0.0869565217391304
54973,3069650,card_addr,0.0869565217391304
54973,3486550,card_addr,0.0869565217391304
54973,3069655,card_addr,0.0869565217391304
54973,3114207,card_addr,0.0869565217391304
54973,3514363,card_addr,0.0869565217391304
54973,3069679,card_addr,0.0869565217391304
54973,3095664,card_addr,0.0869565217391304
54973,3295355,card_addr,0.0869565217391304
55058,3355392,card_addr,0.2
55058,3222885,card_addr,0.2
55058,3069770,card_addr,0.2
55058,3306543,card_addr,0.2
55058,3136500,card_addr,0.2
55058,3562612,card_addr,0.2
55058,3355415,card_addr,0.2
55058,3177401,card_addr,0.2
55058,3379001,card_addr,0.2
55058,3571199,card_addr,0.2
55258,3070082,card_addr,0.2
55258,3080194,card_addr,0.2
55258,3243783,card_addr,0.2
55258,3076598,card_addr,0.2
55258,3209790,card_addr,0.2
55425,3070339,card_addr,0.2307692307692307
55425,3505924,card_addr,0.2307692307692307
55425,3144070,card_addr,0.2307692307692307
55425,3271814,card_addr,0.2307692307692307
55425,3505933,card_addr,0.2307692307692307
55425,3295120,card_addr,0.2307692307692307
55425,3089939,card_addr,0.2307692307692307
55425,3519527,card_addr,0.2307692307692307
55425,3141050,card_addr,0.2307692307692307
55425,3108541,card_addr,0.2307692307692307
55425,3112766,card_addr,0.2307692307692307
55425,3257281,card_addr,0.2307692307692307
55425,3108550,card_addr,0.2307692307692307
55425,3271252,card_addr,0.2307692307692307
55425,3551319,card_addr,0.2307692307692307
55425,3285854,card_addr,0.2307692307692307
55425,3295072,card_addr,0.2307692307692307
55425,3077351,card_addr,0.2307692307692307
55425,3284715,card_addr,0.2307692307692307
55425,3284716,card_addr,0.2307692307692307
55425,3390572,card_addr,0.2307692307692307
55425,3156080,card_addr,0.2307692307692307
55425,3285872,card_addr,0.2307692307692307
55425,3108597,card_addr,0.2307692307692307
55425,3271798,card_addr,0.2307692307692307
55425,3511673,card_addr,0.2307692307692307
55534,3235776,card_addr,0.75
55534,3235784,card_addr,0.75
55534,3070524,card_addr,0.75
55534,3234775,card_addr,0.75
55537,3289777,card_addr,0.3333333333333333
55537,3070530,card_addr,0.3333333333333333
55537,3267931,card_addr,0.3333333333333333
55539,3178819,card_addr,0.1666666666666666
55539,3070533,card_addr,0.1666666666666666
55539,3177482,card_addr,0.1666666666666666
55539,3112716,card_addr,0.1666666666666666
55539,3469356,card_addr,0.1666666666666666
55539,3296464,card_addr,0.1666666666666666
55563,3496769,card_addr,0.6
55563,3520709,card_addr,0.6
55563,3206405,card_addr,0.6
55563,3070574,card_addr,0.6
55563,3184250,card_addr,0.6
55923,3071162,card_addr,0.3333333333333333
55923,3290556,card_addr,0.3333333333333333
55923,3122754,card_addr,0.3333333333333333
56076,3243587,card_addr,0.0909090909090909
56076,3250116,card_addr,0.0909090909090909
56076,3518691,card_addr,0.0909090909090909
56076,3378600,card_addr,0.0909090909090909
56076,3364715,card_addr,0.0909090909090909
56076,3155438,card_addr,0.0909090909090909
56076,3510319,card_addr,0.0909090909090909
56076,3071409,card_addr,0.0909090909090909
56076,3483153,card_addr,0.0909090909090909
56076,3155925,card_addr,0.0909090909090909
56076,3571126,card_addr,0.0909090909090909
56115,3555200,card_addr,0.3181818181818182
56115,3487498,card_addr,0.3181818181818182
56115,3501194,card_addr,0.3181818181818182
56115,3499020,card_addr,0.3181818181818182
56115,3569290,card_addr,0.3181818181818182
56115,3569291,card_addr,0.3181818181818182
56115,3301647,card_addr,0.3181818181818182
56115,3301659,card_addr,0.3181818181818182
56115,3354537,card_addr,0.3181818181818182
56115,3301676,card_addr,0.3181818181818182
56115,3569326,card_addr,0.3181818181818182
56115,3569333,card_addr,0.3181818181818182
56115,3569335,card_addr,0.3181818181818182
56115,3501133,card_addr,0.3181818181818182
56115,3301599,card_addr,0.3181818181818182
56115,3301602,card_addr,0.3181818181818182
56115,3301607,card_addr,0.3181818181818182
56115,3458412,card_addr,0.3181818181818182
56115,3305965,card_addr,0.3181818181818182
56115,3410678,card_addr,0.3181818181818182
56115,3071483,card_addr,0.3181818181818182
56115,3577468,card_addr,0.3181818181818182
56527,3212133,card_addr,0.25
56527,3297222,card_addr,0.25
56527,3178855,card_addr,0.25
56527,3212841,card_addr,0.25
56527,3478189,card_addr,0.25
56527,3212238,card_addr,0.25
56527,3165363,card_addr,0.25
56527,3212820,card_addr,0.25
56527,3072152,card_addr,0.25
56527,3166874,card_addr,0.25
56527,3313788,card_addr,0.25
56527,3212126,card_addr,0.25
56611,3234790,card_addr,0.7
56611,3433160,card_addr,0.7
56611,3378800,card_addr,0.7
56611,3374258,card_addr,0.7
56611,3433215,card_addr,0.7
56611,3433237,card_addr,0.7
56611,3379034,card_addr,0.7
56611,3415035,card_addr,0.7
56611,3296765,card_addr,0.7
56611,3072287,card_addr,0.7
56716,3222976,card_addr,0.5
56716,3072646,card_addr,0.5
56716,3368143,card_addr,0.5
56716,3363504,card_addr,0.5
56716,3072463,card_addr,0.5
56716,3368155,card_addr,0.5
57029,3337348,card_addr,1.0
57029,3494184,card_addr,1.0
57029,3404553,card_addr,1.0
57029,3489452,card_addr,1.0
57029,3364914,card_addr,1.0
57029,3072979,card_addr,1.0
57029,3408120,card_addr,1.0
57029,3396443,card_addr,1.0
57029,3398876,card_addr,1.0
57162,3186537,card_addr,0.25
57162,3153623,card_addr,0.25
57162,3428873,card_addr,0.25
57162,3073191,card_addr,0.25
57276,3402280,card_addr,0.6666666666666666
57276,3073363,card_addr,0.6666666666666666
57276,3402279,card_addr,0.6666666666666666
58063,3382016,device,0.2352941176470588
58063,3162625,device,0.2352941176470588
58063,3145090,device,0.2352941176470588
58063,3306339,device,0.2352941176470588
58063,3253093,device,0.2352941176470588
58063,3163110,device,0.2352941176470588
58063,3074504,device,0.2352941176470588
58063,3137897,device,0.2352941176470588
58063,3128904,device,0.2352941176470588
58063,3241259,device,0.2352941176470588
58063,3126224,device,0.2352941176470588
58063,3162612,device,0.2352941176470588
58063,3357877,device,0.2352941176470588
58063,3465652,device,0.2352941176470588
58063,3161495,device,0.2352941176470588
58063,3414937,device,0.2352941176470588
58063,3109980,device,0.2352941176470588
58094,3324577,card_addr,0.3333333333333333
58094,3446413,card_addr,0.3333333333333333
58094,3446414,card_addr,0.3333333333333333
58094,3074542,card_addr,0.3333333333333333
58094,3094895,card_addr,0.3333333333333333
58094,3496432,card_addr,0.3333333333333333
58202,3250195,card_addr,0.25
58202,3565073,card_addr,0.25
58202,3074731,card_addr,0.25
58202,3095150,card_addr,0.25
58281,3576166,card_addr,0.8
58281,3577350,card_addr,0.8
58281,3575979,card_addr,0.8
58281,3074864,card_addr,0.8
58281,3576092,card_addr,0.8
58349,3449570,card_addr,0.9090909090909092
58349,3453534,card_addr,0.9090909090909092
58349,3439149,card_addr,0.9090909090909092
58349,3447119,card_addr,0.9090909090909092
58349,3421584,card_addr,0.9090909090909092
58349,3437236,card_addr,0.9090909090909092
58349,3074997,card_addr,0.9090909090909092
58349,3453528,card_addr,0.9090909090909092
58349,3447101,card_addr,0.9090909090909092
58349,3440638,card_addr,0.9090909090909092
58349,3453535,card_addr,0.9090909090909092
58399,3075098,card_addr,0.3333333333333333
58399,3227316,card_addr,0.3333333333333333
58399,3232874,card_addr,0.3333333333333333
58711,3550339,card_addr,0.2
58711,3560588,card_addr,0.2
58711,3535896,card_addr,0.2
58711,3534751,card_addr,0.2
58711,3099556,card_addr,0.2
58711,3085604,card_addr,0.2
58711,3534756,card_addr,0.2
58711,3535920,card_addr,0.2
58711,3518899,card_addr,0.2
58711,3550262,card_addr,0.2
58711,3258043,card_addr,0.2
58711,3528257,card_addr,0.2
58711,3521732,card_addr,0.2
58711,3528011,card_addr,0.2
58711,3075660,card_addr,0.2
58711,3556312,card_addr,0.2
58711,3524836,card_addr,0.2
58711,3556324,card_addr,0.2
58711,3340521,card_addr,0.2
58711,3077747,card_addr,0.2
59055,3269504,device,0.4285714285714285
59055,3162979,device,0.4285714285714285
59055,3198916,device,0.4285714285714285
59055,3269518,device,0.4285714285714285
59055,3271924,device,0.4285714285714285
59055,3269499,device,0.4285714285714285
59055,3076223,device,0.4285714285714285
59112,3076298,card_addr,0.2
59112,3181903,card_addr,0.2
59112,3088976,card_addr,0.2
59112,3127216,card_addr,0.2
59112,3208697,card_addr,0.2
59196,3159328,card_addr,0.1111111111111111
59196,3218624,card_addr,0.1111111111111111
59196,3188004,card_addr,0.1111111111111111
59196,3138821,card_addr,0.1111111111111111
59196,3367336,card_addr,0.1111111111111111
59196,3076426,card_addr,0.1111111111111111
59196,3076876,card_addr,0.1111111111111111
59196,3425043,card_addr,0.1111111111111111
59196,3183999,card_addr,0.1111111111111111
59260,3442945,device,0.4
59260,3415043,device,0.4
59260,3246468,device,0.4
59260,3420164,device,0.4
59260,3376646,device,0.4
59260,3267593,device,0.4
59260,3376653,device,0.4
59260,3415054,device,0.4
59260,3149331,device,0.4
59260,3457435,device,0.4
59260,3402142,device,0.4
59260,3404194,device,0.4
59260,3407780,device,0.4
59260,3199653,device,0.4
59260,3398054,device,0.4
59260,3149358,device,0.4
59260,3268789,device,0.4
59260,3149367,device,0.4
59260,3345346,device,0.4
59260,3076547,device,0.4
59260,3364548,device,0.4
59260,3364549,device,0.4
59260,3370054,device,0.4
59260,3456068,device,0.4
59260,3477572,device,0.4
59260,3420490,device,0.4
59260,3362896,device,0.4
59260,3288147,device,0.4
59260,3298776,device,0.4
59260,3250393,device,0.4
59260,3451225,device,0.4
59260,3288155,device,0.4
59260,3250396,device,0.4
59260,3391584,device,0.4
59260,3288163,device,0.4
59260,3391588,device,0.4
59260,3376613,device,0.4
59260,3345133,device,0.4
59260,3345136,device,0.4
59260,3391600,device,0.4
59260,3345141,device,0.4
59260,3376632,device,0.4
59260,3288185,device,0.4
59260,3443197,device,0.4
59260,3246463,device,0.4
59445,3243176,card_addr,0.5
59445,3243177,card_addr,0.5
59445,3126323,card_addr,0.5
59445,3076838,card_addr,0.5
59511,3433932,card_addr,0.2
59511,3187518,card_addr,0.2
59511,3494774,card_addr,0.2
59511,3076954,card_addr,0.2
59511,3201982,card_addr,0.2
59710,3077248,card_addr,0.125
59710,3434208,card_addr,0.125
59710,3308101,card_addr,0.125
59710,3077256,card_addr,0.125
59710,3077325,card_addr,0.125
59710,3462295,card_addr,0.125
59710,3434205,card_addr,0.125
59710,3434206,card_addr,0.125
59925,3128705,card_addr,0.25
59925,3077571,card_addr,0.25
59925,3109332,card_addr,0.25
59925,3545870,card_addr,0.25
59986,3306241,device,0.5
59986,3077668,device,0.5
59986,3306256,device,0.5
59986,3306259,device,0.5
59986,3374104,device,0.5
59986,3315229,device,0.5
60139,3190097,card_addr,0.6666666666666666
60139,3113743,card_addr,0.6666666666666666
60139,3077911,card_addr,0.6666666666666666
60188,3158375,card_addr,0.3333333333333333
60188,3335624,card_addr,0.3333333333333333
60188,3389801,card_addr,0.3333333333333333
60188,3180337,card_addr,0.3333333333333333
60188,3180345,card_addr,0.3333333333333333
60188,3077979,card_addr,0.3333333333333333
60210,3078080,card_addr,0.6
60210,3078087,card_addr,0.6
60210,3543693,card_addr,0.6
60210,3078009,card_addr,0.6
60210,3253177,card_addr,0.6
60218,3126660,card_addr,0.5
60218,3111944,card_addr,0.5
60218,3078026,card_addr,0.5
60218,3540747,card_addr,0.5
60218,3113485,card_addr,0.5
60218,3126674,card_addr,0.5
60218,3498520,card_addr,0.5
60218,3112111,card_addr,0.5
60218,3108402,card_addr,0.5
60218,3137472,card_addr,0.5
60218,3414854,card_addr,0.5
60218,3095259,card_addr,0.5
60218,3322207,card_addr,0.5
60218,3264873,card_addr,0.5
60218,3125234,card_addr,0.5
60218,3095411,card_addr,0.5
60218,3095285,card_addr,0.5
60218,3091445,card_addr,0.5
60218,3540729,card_addr,0.5
60218,3289340,card_addr,0.5
60284,3079328,card_addr,1.0
60284,3080447,card_addr,1.0
60284,3079334,card_addr,1.0
60284,3078135,card_addr,1.0
60317,3368227,card_addr,0.1666666666666666
60317,3083459,card_addr,0.1666666666666666
60317,3078183,card_addr,0.1666666666666666
60317,3402929,card_addr,0.1666666666666666
60317,3347669,card_addr,0.1666666666666666
60317,3262902,card_addr,0.1666666666666666
60511,3104771,card_addr,0.1
60511,3218692,card_addr,0.1
60511,3373445,card_addr,0.1
60511,3565725,card_addr,0.1
60511,3565726,card_addr,0.1
60511,3550879,card_addr,0.1
60511,3215907,card_addr,0.1
60511,3539242,card_addr,0.1
60511,3090557,card_addr,0.1
60511,3418493,card_addr,0.1
60511,3208393,card_addr,0.1
60511,3286858,card_addr,0.1
60511,3084627,card_addr,0.1
60511,3190740,card_addr,0.1
60511,3526742,card_addr,0.1
60511,3365467,card_addr,0.1
60511,3078493,card_addr,0.1
60511,3365478,card_addr,0.1
60511,3365620,card_addr,0.1
60511,3412605,card_addr,0.1
60687,3080066,card_addr,0.4545454545454545
60687,3078797,card_addr,0.4545454545454545
60687,3324054,card_addr,0.4545454545454545
60687,3511194,card_addr,0.4545454545454545
60687,3430555,card_addr,0.4545454545454545
60687,3430183,card_addr,0.4545454545454545
60687,3078825,card_addr,0.4545454545454545
60687,3178667,card_addr,0.4545454545454545
60687,3536175,card_addr,0.4545454545454545
60687,3081653,card_addr,0.4545454545454545
60687,3555765,card_addr,0.4545454545454545
60687,3078839,card_addr,0.4545454545454545
60687,3501240,card_addr,0.4545454545454545
60687,3360057,card_addr,0.4545454545454545
60687,3512503,card_addr,0.4545454545454545
60687,3081674,card_addr,0.4545454545454545
60687,3425360,card_addr,0.4545454545454545
60687,3163350,card_addr,0.4545454545454545
60687,3352280,card_addr,0.4545454545454545
60687,3081570,card_addr,0.4545454545454545
60687,3083112,card_addr,0.4545454545454545
60687,3123326,card_addr,0.4545454545454545
60833,3079013,card_addr,0.6
60833,3143270,card_addr,0.6
60833,3327241,card_addr,0.6
60833,3388564,card_addr,0.6
60833,3337276,card_addr,0.6
60848,3293056,card_addr,0.9787234042553192
60848,3292806,card_addr,0.9787234042553192
60848,3291529,card_addr,0.9787234042553192
60848,3291531,card_addr,0.9787234042553192
60848,3276690,card_addr,0.9787234042553192
60848,3291923,card_addr,0.9787234042553192
60848,3288084,card_addr,0.9787234042553192
60848,3276952,card_addr,0.9787234042553192
60848,3288090,card_addr,0.9787234042553192
60848,3293086,card_addr,0.9787234042553192
60848,3288096,card_addr,0.9787234042553192
60848,3274529,card_addr,0.9787234042553192
60848,3288225,card_addr,0.9787234042553192
60848,3277475,card_addr,0.9787234042553192
60848,3288099,card_addr,0.9787234042553192
60848,3276709,card_addr,0.9787234042553192
60848,3291434,card_addr,0.9787234042553192
60848,3276971,card_addr,0.9787234042553192
60848,3291946,card_addr,0.9787234042553192
60848,3291441,card_addr,0.9787234042553192
60848,3276979,card_addr,0.9787234042553192
60848,3277619,card_addr,0.9787234042553192
60848,3288373,card_addr,0.9787234042553192
60848,3291446,card_addr,0.9787234042553192
60848,3286967,card_addr,0.9787234042553192
60848,3276608,card_addr,0.9787234042553192
60848,3288386,card_addr,0.9787234042553192
60848,3079036,card_addr,0.9787234042553192
60848,3288267,card_addr,0.9787234042553192
60848,3288272,card_addr,0.9787234042553192
60848,3276628,card_addr,0.9787234042553192
60848,3288278,card_addr,0.9787234042553192
60848,3286872,card_addr,0.9787234042553192
60848,3287000,card_addr,0.9787234042553192
60848,3278042,card_addr,0.9787234042553192
60848,3291098,card_addr,0.9787234042553192
60848,3288159,card_addr,0.9787234042553192
60848,3288672,card_addr,0.9787234042553192
60848,3274597,card_addr,0.9787234042553192
60848,3288550,card_addr,0.9787234042553192
60848,3288678,card_addr,0.9787234042553192
60848,3293287,card_addr,0.9787234042553192
60848,3291115,card_addr,0.9787234042553192
60848,3288047,card_addr,0.9787234042553192
60848,3292786,card_addr,0.9787234042553192
60848,3293303,card_addr,0.9787234042553192
60848,3287932,card_addr,0.9787234042553192
61000,3079265,card_addr,0.4
61000,3079269,card_addr,0.4
61000,3207850,card_addr,0.4
61000,3206865,card_addr,0.4
61000,3255993,card_addr,0.4
61254,3079649,device,0.1428571428571428
61254,3464866,device,0.1428571428571428
61254,3248516,device,0.1428571428571428
61254,3176585,device,0.1428571428571428
61254,3421874,device,0.1428571428571428
61254,3542610,device,0.1428571428571428
61254,3243769,device,0.1428571428571428
61505,3081440,card_addr,0.1538461538461538
61505,3096096,card_addr,0.1538461538461538
61505,3141312,card_addr,0.1538461538461538
61505,3080003,card_addr,0.1538461538461538
61505,3113733,card_addr,0.1538461538461538
61505,3106959,card_addr,0.1538461538461538
61505,3155664,card_addr,0.1538461538461538
61505,3166513,card_addr,0.1538461538461538
61505,3193551,card_addr,0.1538461538461538
61505,3275825,card_addr,0.1538461538461538
61505,3299184,card_addr,0.1538461538461538
61505,3119159,card_addr,0.1538461538461538
61505,3164632,card_addr,0.1538461538461538
61575,3122849,card_addr,0.25
61575,3320161,card_addr,0.25
61575,3186084,card_addr,0.25
61575,3572872,card_addr,0.25
61575,3483049,card_addr,0.25
61575,3250830,card_addr,0.25
61575,3382830,card_addr,0.25
61575,3539918,card_addr,0.25
61575,3506897,card_addr,0.25
61575,3458099,card_addr,0.25
61575,3080116,card_addr,0.25
61575,3539603,card_addr,0.25
61575,3546931,card_addr,0.25
61575,3205017,card_addr,0.25
61575,3198682,card_addr,0.25
61575,3387071,card_addr,0.25
61651,3556485,device,0.0714285714285714
61651,3427848,device,0.0714285714285714
61651,3081994,device,0.0714285714285714
61651,3361932,device,0.0714285714285714
61651,3118968,device,0.0714285714285714
61651,3464724,device,0.0714285714285714
61651,3188505,device,0.0714285714285714
61651,3240347,device,0.0714285714285714
61651,3391135,device,0.0714285714285714
61651,3188514,device,0.0714285714285714
61651,3081895,device,0.0714285714285714
61651,3321385,device,0.0714285714285714
61651,3418928,device,0.0714285714285714
61651,3081908,device,0.0714285714285714
61651,3080247,device,0.0714285714285714
61651,3418937,device,0.0714285714285714
61651,3418938,device,0.0714285714285714
61651,3120700,device,0.0714285714285714
61651,3420611,device,0.0714285714285714
61651,3559769,device,0.0714285714285714
61651,3418858,device,0.0714285714285714
61651,3495658,device,0.0714285714285714
61651,3081840,device,0.0714285714285714
61651,3286901,device,0.0714285714285714
61651,3375477,device,0.0714285714285714
61651,3431542,device,0.0714285714285714
61651,3214200,device,0.0714285714285714
61651,3385466,device,0.0714285714285714
61746,3572354,device,0.4807692307692308
61746,3152388,device,0.4807692307692308
61746,3572358,device,0.4807692307692308
61746,3252359,device,0.4807692307692308
61746,3152393,device,0.4807692307692308
61746,3152396,device,0.4807692307692308
61746,3149722,device,0.4807692307692308
61746,3252510,device,0.4807692307692308
61746,3152415,device,0.4807692307692308
61746,3215775,device,0.4807692307692308
61746,3252512,device,0.4807692307692308
61746,3252514,device,0.4807692307692308
61746,3252515,device,0.4807692307692308
61746,3268132,device,0.4807692307692308
61746,3281823,device,0.4807692307692308
61746,3152422,device,0.4807692307692308
61746,3215783,device,0.4807692307692308
61746,3281826,device,0.4807692307692308
61746,3281827,device,0.4807692307692308
61746,3281828,device,0.4807692307692308
61746,3281833,device,0.4807692307692308
61746,3281836,device,0.4807692307692308
61746,3152429,device,0.4807692307692308
61746,3425704,device,0.4807692307692308
61746,3382840,device,0.4807692307692308
61746,3215806,device,0.4807692307692308
61746,3268290,device,0.4807692307692308
61746,3306309,device,0.4807692307692308
61746,3164871,device,0.4807692307692308
61746,3183175,device,0.4807692307692308
61746,3215816,device,0.4807692307692308
61746,3080394,device,0.4807692307692308
61746,3282081,device,0.4807692307692308
61746,3085772,device,0.4807692307692308
61746,3183181,device,0.4807692307692308
61746,3377491,device,0.4807692307692308
61746,3215828,device,0.4807692307692308
61746,3225940,device,0.4807692307692308
61746,3282083,device,0.4807692307692308
61746,3183192,device,0.4807692307692308
61746,3085785,device,0.4807692307692308
61746,3225946,device,0.4807692307692308
61746,3217887,device,0.4807692307692308
61746,3217889,device,0.4807692307692308
61746,3085794,device,0.4807692307692308
61746,3252346,device,0.4807692307692308
61746,3152365,device,0.4807692307692308
61746,3152367,device,0.4807692307692308
61746,3572346,device,0.4807692307692308
61746,3406712,device,0.4807692307692308
61746,3152378,device,0.4807692307692308
61746,3152383,device,0.4807692307692308
62022,3080865,card_addr,0.2
62022,3259426,card_addr,0.2
62022,3359182,card_addr,0.2
62022,3454809,card_addr,0.2
62022,3365822,card_addr,0.2
62078,3199040,card_addr,0.1428571428571428
62078,3099684,card_addr,0.1428571428571428
62078,3203627,card_addr,0.1428571428571428
62078,3415103,card_addr,0.1428571428571428
62078,3174811,card_addr,0.1428571428571428
62078,3327229,card_addr,0.1428571428571428
62078,3080955,card_addr,0.1428571428571428
62210,3081186,card_addr,0.8571428571428571
62210,3571878,card_addr,0.8571428571428571
62210,3355239,card_addr,0.8571428571428571
62210,3152905,card_addr,0.8571428571428571
62210,3332365,card_addr,0.8571428571428571
62210,3176690,card_addr,0.8571428571428571
62210,3125939,card_addr,0.8571428571428571
62231,3354406,card_addr,0.125
62231,3443046,card_addr,0.125
62231,3081230,card_addr,0.125
62231,3182128,card_addr,0.125
62231,3092500,card_addr,0.125
62231,3243161,card_addr,0.125
62231,3158013,card_addr,0.125
62231,3441631,card_addr,0.125
62268,3081283,card_addr,0.6
62268,3385035,card_addr,0.6
62268,3385067,card_addr,0.6
62268,3088113,card_addr,0.6
62268,3385079,card_addr,0.6
62332,3463270,card_addr,0.2
62332,3081385,card_addr,0.2
62332,3089678,card_addr,0.2
62332,3081401,card_addr,0.2
62332,3451327,card_addr,0.2
62386,3468675,card_addr,0.1428571428571428
62386,3377316,card_addr,0.1428571428571428
62386,3440102,card_addr,0.1428571428571428
62386,3081483,card_addr,0.1428571428571428
62386,3216752,card_addr,0.1428571428571428
62386,3468665,card_addr,0.1428571428571428
62386,3464188,card_addr,0.1428571428571428
62450,3266083,card_addr,0.375
62450,3139142,card_addr,0.375
62450,3443207,card_addr,0.375
62450,3139053,card_addr,0.375
62450,3110768,card_addr,0.375
62450,3139793,card_addr,0.375
62450,3449786,card_addr,0.375
62450,3081595,card_addr,0.375
63095,3307155,card_addr,0.3333333333333333
63095,3376788,card_addr,0.3333333333333333
63095,3082702,card_addr,0.3333333333333333
63144,3282433,device,1.0
63144,3221890,device,1.0
63144,3229074,device,1.0
63144,3082775,device,1.0
63144,3122734,device,1.0
63144,3122740,device,1.0
63144,3124570,device,1.0
63144,3239647,device,1.0
63144,3118820,device,1.0
63144,3268324,device,1.0
63144,3268325,device,1.0
63144,3268326,device,1.0
63144,3268327,device,1.0
63144,3268330,device,1.0
63144,3268331,device,1.0
63144,3122158,device,1.0
63144,3122161,device,1.0
63144,3122162,device,1.0
63144,3122163,device,1.0
63144,3122164,device,1.0
63144,3122167,device,1.0
63213,3085538,card_addr,1.0
63213,3082889,card_addr,1.0
63213,3084810,card_addr,1.0
63213,3087758,card_addr,1.0
63213,3082898,card_addr,1.0
63213,3085461,card_addr,1.0
63444,3224228,card_addr,0.2
63444,3360197,card_addr,0.2
63444,3516292,card_addr,0.2
63444,3332651,card_addr,0.2
63444,3083281,card_addr,0.2
63454,3083296,card_addr,0.25
63454,3218986,card_addr,0.25
63454,3470314,card_addr,0.25
63454,3334810,card_addr,0.25
63735,3390081,card_addr,0.2222222222222222
63735,3405891,card_addr,0.2222222222222222
63735,3390071,card_addr,0.2222222222222222
63735,3098482,card_addr,0.2222222222222222
63735,3144213,card_addr,0.2222222222222222
63735,3101429,card_addr,0.2222222222222222
63735,3144279,card_addr,0.2222222222222222
63735,3405656,card_addr,0.2222222222222222
63735,3083738,card_addr,0.2222222222222222
63912,3255703,device,0.2307692307692307
63912,3095553,device,0.2307692307692307
63912,3095522,device,0.2307692307692307
63912,3438407,device,0.2307692307692307
63912,3092776,device,0.2307692307692307
63912,3425000,device,0.2307692307692307
63912,3287755,device,0.2307692307692307
63912,3427403,device,0.2307692307692307
63912,3398259,device,0.2307692307692307
63912,3084021,device,0.2307692307692307
63912,3226999,device,0.2307692307692307
63912,3227001,device,0.2307692307692307
63912,3092765,device,0.2307692307692307
64066,3377153,device,0.12
64066,3361923,device,0.12
64066,3435395,device,0.12
64066,3084293,device,0.12
64066,3361925,device,0.12
64066,3351303,device,0.12
64066,3501448,device,0.12
64066,3554693,device,0.12
64066,3532042,device,0.12
64066,3349259,device,0.12
64066,3217805,device,0.12
64066,3298061,device,0.12
64066,3350797,device,0.12
64066,3349264,device,0.12
64066,3300497,device,0.12
64066,3532048,device,0.12
64066,3367827,device,0.12
64066,3443990,device,0.12
64066,3325975,device,0.12
64066,3504672,device,0.12
64066,3507746,device,0.12
64066,3153700,device,0.12
64066,3211557,device,0.12
64066,3504680,device,0.12
64066,3388074,device,0.12
64066,3514414,device,0.12
64066,3547950,device,0.12
64066,3160112,device,0.12
64066,3504691,device,0.12
64066,3275063,device,0.12
64066,3349304,device,0.12
64066,3534265,device,0.12
64066,3444282,device,0.12
64066,3349307,device,0.12
64066,3275067,device,0.12
64066,3270718,device,0.12
64066,3432126,device,0.12
64066,3504702,device,0.12
64066,3486659,device,0.12
64066,3375300,device,0.12
64066,3233866,device,0.12
64066,3349713,device,0.12
64066,3484371,device,0.12
64066,3349716,device,0.12
64066,3298265,device,0.12
64066,3401561,device,0.12
64066,3499239,device,0.12
64066,3153653,device,0.12
64066,3320824,device,0.12
64066,3421433,device,0.12
64237,3084553,card_addr,0.6
64237,3521903,card_addr,0.6
64237,3448336,card_addr,0.6
64237,3448337,card_addr,0.6
64237,3302421,card_addr,0.6
64239,3464421,card_addr,0.3333333333333333
64239,3541894,card_addr,0.3333333333333333
64239,3084556,card_addr,0.3333333333333333
64239,3185303,card_addr,0.3333333333333333
64239,3373529,card_addr,0.3333333333333333
64239,3464415,card_addr,0.3333333333333333
64386,3350722,card_addr,0.0714285714285714
64386,3116259,card_addr,0.0714285714285714
64386,3371106,card_addr,0.0714285714285714
64386,3483750,card_addr,0.0714285714285714
64386,3084808,card_addr,0.0714285714285714
64386,3260968,card_addr,0.0714285714285714
64386,3520299,card_addr,0.0714285714285714
64386,3545035,card_addr,0.0714285714285714
64386,3397326,card_addr,0.0714285714285714
64386,3545649,card_addr,0.0714285714285714
64386,3227986,card_addr,0.0714285714285714
64386,3175444,card_addr,0.0714285714285714
64386,3558266,card_addr,0.0714285714285714
64386,3293214,card_addr,0.0714285714285714
64490,3091428,card_addr,0.4
64490,3428621,card_addr,0.4
64490,3196816,card_addr,0.4
64490,3428624,card_addr,0.4
64490,3084979,card_addr,0.4
64712,3368577,card_addr,0.2
64712,3085346,card_addr,0.2
64712,3379336,card_addr,0.2
64712,3200905,card_addr,0.2
64712,3379353,card_addr,0.2
64721,3524837,card_addr,0.1666666666666666
64721,3476617,card_addr,0.1666666666666666
64721,3557389,card_addr,0.1666666666666666
64721,3123727,card_addr,0.1666666666666666
64721,3085360,card_addr,0.1666666666666666
64721,3524670,card_addr,0.1666666666666666
64754,3085417,card_addr,0.2
64754,3414250,card_addr,0.2
64754,3530190,card_addr,0.2
64754,3516789,card_addr,0.2
64754,3266075,card_addr,0.2
64880,3247907,card_addr,0.5555555555555556
64880,3088516,card_addr,0.5555555555555556
64880,3088484,card_addr,0.5555555555555556
64880,3396358,card_addr,0.5555555555555556
64880,3337963,card_addr,0.5555555555555556
64880,3136301,card_addr,0.5555555555555556
64880,3088720,card_addr,0.5555555555555556
64880,3088787,card_addr,0.5555555555555556
64880,3085626,card_addr,0.5555555555555556
65113,3155841,card_addr,0.25
65113,3097956,card_addr,0.25
65113,3482276,card_addr,0.25
65113,3482278,card_addr,0.25
65113,3197961,card_addr,0.25
65113,3097868,card_addr,0.25
65113,3123437,card_addr,0.25
65113,3310060,card_addr,0.25
65113,3541872,card_addr,0.25
65113,3285620,card_addr,0.25
65113,3097877,card_addr,0.25
65113,3123448,card_addr,0.25
65113,3482266,card_addr,0.25
65113,3210203,card_addr,0.25
65113,3124124,card_addr,0.25
65113,3086014,card_addr,0.25
65351,3215108,card_addr,0.6190476190476191
65351,3156614,card_addr,0.6190476190476191
65351,3343245,card_addr,0.6190476190476191
65351,3302414,card_addr,0.6190476190476191
65351,3395217,card_addr,0.6190476190476191
65351,3395617,card_addr,0.6190476190476191
65351,3302440,card_addr,0.6190476190476191
65351,3300650,card_addr,0.6190476190476191
65351,3487536,card_addr,0.6190476190476191
65351,3314482,card_addr,0.6190476190476191
65351,3300659,card_addr,0.6190476190476191
65351,3188918,card_addr,0.6190476190476191
65351,3215798,card_addr,0.6190476190476191
65351,3086402,card_addr,0.6190476190476191
65351,3302594,card_addr,0.6190476190476191
65351,3302474,card_addr,0.6190476190476191
65351,3300686,card_addr,0.6190476190476191
65351,3550163,card_addr,0.6190476190476191
65351,3534173,card_addr,0.6190476190476191
65351,3395679,card_addr,0.6190476190476191
65351,3103741,card_addr,0.6190476190476191
65383,3086465,card_addr,0.4285714285714285
65383,3172865,card_addr,0.4285714285714285
65383,3117607,card_addr,0.4285714285714285
65383,3562311,card_addr,0.4285714285714285
65383,3245176,card_addr,0.4285714285714285
65383,3108125,card_addr,0.4285714285714285
65383,3245822,card_addr,0.4285714285714285
65481,3460288,card_addr,0.1818181818181818
65481,3464516,card_addr,0.1818181818181818
65481,3180486,card_addr,0.1818181818181818
65481,3508582,card_addr,0.1818181818181818
65481,3430746,card_addr,0.1818181818181818
65481,3203187,card_addr,0.1818181818181818
65481,3328789,card_addr,0.1818181818181818
65481,3395447,card_addr,0.1818181818181818
65481,3195224,card_addr,0.1818181818181818
65481,3086617,card_addr,0.1818181818181818
65481,3376794,card_addr,0.1818181818181818
65518,3138057,card_addr,0.5
65518,3138066,card_addr,0.5
65518,3086675,card_addr,0.5
65518,3414039,card_addr,0.5
66048,3455273,device,0.8888888888888888
66048,3383242,device,0.8888888888888888
66048,3455276,device,0.8888888888888888
66048,3388429,device,0.8888888888888888
66048,3388431,device,0.8888888888888888
66048,3388433,device,0.8888888888888888
66048,3388435,device,0.8888888888888888
66048,3388438,device,0.8888888888888888
66048,3087546,device,0.8888888888888888
66116,3094705,device,0.5
66116,3306337,device,0.5
66116,3087675,device,0.5
66116,3306333,device,0.5
66156,3184451,card_addr,0.3333333333333333
66156,3087748,card_addr,0.3333333333333333
66156,3166567,card_addr,0.3333333333333333
66156,3120008,card_addr,0.3333333333333333
66156,3111817,card_addr,0.3333333333333333
66156,3176011,card_addr,0.3333333333333333
66156,3119884,card_addr,0.3333333333333333
66156,3424139,card_addr,0.3333333333333333
66156,3333621,card_addr,0.3333333333333333
66156,3184505,card_addr,0.3333333333333333
66156,3324251,card_addr,0.3333333333333333
66156,3100222,card_addr,0.3333333333333333
66284,3087971,card_addr,0.6666666666666666
66284,3417095,card_addr,0.6666666666666666
66284,3255979,card_addr,0.6666666666666666
66284,3255980,card_addr,0.6666666666666666
66284,3087953,card_addr,0.6666666666666666
66284,3357789,card_addr,0.6666666666666666
66363,3088088,card_addr,0.25
66363,3473289,card_addr,0.25
66363,3451306,card_addr,0.25
66363,3295709,card_addr,0.25
66488,3548165,device,0.1162790697674418
66488,3540496,device,0.1162790697674418
66488,3534359,device,0.1162790697674418
66488,3405342,device,0.1162790697674418
66488,3314719,device,0.1162790697674418
66488,3505182,device,0.1162790697674418
66488,3558942,device,0.1162790697674418
66488,3240483,device,0.1162790697674418
66488,3210791,device,0.1162790697674418
66488,3514927,device,0.1162790697674418
66488,3567670,device,0.1162790697674418
66488,3371581,device,0.1162790697674418
66488,3343428,device,0.1162790697674418
66488,3275846,device,0.1162790697674418
66488,3567697,device,0.1162790697674418
66488,3505746,device,0.1162790697674418
66488,3567699,device,0.1162790697674418
66488,3356248,device,0.1162790697674418
66488,3454553,device,0.1162790697674418
66488,3098205,device,0.1162790697674418
66488,3526752,device,0.1162790697674418
66488,3463784,device,0.1162790697674418
66488,3463794,device,0.1162790697674418
66488,3454070,device,0.1162790697674418
66488,3442819,device,0.1162790697674418
66488,3438724,device,0.1162790697674418
66488,3406986,device,0.1162790697674418
66488,3349654,device,0.1162790697674418
66488,3516055,device,0.1162790697674418
66488,3267740,device,0.1162790697674418
66488,3473565,device,0.1162790697674418
66488,3471011,device,0.1162790697674418
66488,3460780,device,0.1162790697674418
66488,3303598,device,0.1162790697674418
66488,3092697,device,0.1162790697674418
66488,3104987,device,0.1162790697674418
66488,3476699,device,0.1162790697674418
66488,3521761,device,0.1162790697674418
66488,3232995,device,0.1162790697674418
66488,3341540,device,0.1162790697674418
66488,3312869,device,0.1162790697674418
66488,3451107,device,0.1162790697674418
66488,3521766,device,0.1162790697674418
66488,3521768,device,0.1162790697674418
66488,3521773,device,0.1162790697674418
66488,3521774,device,0.1162790697674418
66488,3529453,device,0.1162790697674418
66488,3521776,device,0.1162790697674418
66488,3293425,device,0.1162790697674418
66488,3489011,device,0.1162790697674418
66488,3230455,device,0.1162790697674418
66488,3394808,device,0.1162790697674418
66488,3352314,device,0.1162790697674418
66488,3352316,device,0.1162790697674418
66488,3291407,device,0.1162790697674418
66488,3352338,device,0.1162790697674418
66488,3246867,device,0.1162790697674418
66488,3230487,device,0.1162790697674418
66488,3352345,device,0.1162790697674418
66488,3352347,device,0.1162790697674418
66488,3352352,device,0.1162790697674418
66488,3352360,device,0.1162790697674418
66488,3159864,device,0.1162790697674418
66488,3434301,device,0.1162790697674418
66488,3485504,device,0.1162790697674418
66488,3211082,device,0.1162790697674418
66488,3445078,device,0.1162790697674418
66488,3237724,device,0.1162790697674418
66488,3502429,device,0.1162790697674418
66488,3536233,device,0.1162790697674418
66488,3142507,device,0.1162790697674418
66488,3432305,device,0.1162790697674418
66488,3262839,device,0.1162790697674418
66488,3545469,device,0.1162790697674418
66488,3404163,device,0.1162790697674418
66488,3405699,device,0.1162790697674418
66488,3361671,device,0.1162790697674418
66488,3471260,device,0.1162790697674418
66488,3453862,device,0.1162790697674418
66488,3088302,device,0.1162790697674418
66488,3453879,device,0.1162790697674418
66488,3560889,device,0.1162790697674418
66488,3300300,device,0.1162790697674418
66488,3188690,device,0.1162790697674418
66488,3240425,device,0.1162790697674418
66488,3240443,device,0.1162790697674418
67047,3422177,card_addr,0.0833333333333333
67047,3196356,card_addr,0.0833333333333333
67047,3199145,card_addr,0.0833333333333333
67047,3553260,card_addr,0.0833333333333333
67047,3416589,card_addr,0.0833333333333333
67047,3570487,card_addr,0.0833333333333333
67047,3264118,card_addr,0.0833333333333333
67047,3100279,card_addr,0.0833333333333333
67047,3277882,card_addr,0.0833333333333333
67047,3108795,card_addr,0.0833333333333333
67047,3416509,card_addr,0.0833333333333333
67047,3089246,card_addr,0.0833333333333333
67226,3089609,card_addr,0.3333333333333333
67226,3089573,card_addr,0.3333333333333333
67226,3249509,card_addr,0.3333333333333333
67345,3505640,card_addr,0.3333333333333333
67345,3089770,card_addr,0.3333333333333333
67345,3524491,card_addr,0.3333333333333333
67356,3363744,card_addr,0.2857142857142857
67356,3363748,card_addr,0.2857142857142857
67356,3435562,card_addr,0.2857142857142857
67356,3473488,card_addr,0.2857142857142857
67356,3461079,card_addr,0.2857142857142857
67356,3089816,card_addr,0.2857142857142857
67356,3089785,card_addr,0.2857142857142857
67582,3110403,device,0.2
67582,3090151,device,0.2
67582,3364491,device,0.2
67582,3194162,device,0.2
67582,3095829,device,0.2
67826,3167810,card_addr,1.0
67826,3157258,card_addr,1.0
67826,3090576,card_addr,1.0
67826,3152209,card_addr,1.0
67826,3167830,card_addr,1.0
67826,3149084,card_addr,1.0
68155,3347443,card_addr,0.25
68155,3091115,card_addr,0.25
68155,3575639,card_addr,0.25
68155,3221415,card_addr,0.25
68484,3573606,card_addr,0.6666666666666666
68484,3571432,card_addr,0.6666666666666666
68484,3573582,card_addr,0.6666666666666666
68484,3573806,card_addr,0.6666666666666666
68484,3091634,card_addr,0.6666666666666666
68484,3573618,card_addr,0.6666666666666666
68484,3573812,card_addr,0.6666666666666666
68484,3573815,card_addr,0.6666666666666666
68484,3098302,card_addr,0.6666666666666666
68830,3473824,card_addr,0.5
68830,3365905,card_addr,0.5
68830,3092242,card_addr,0.5
68830,3365898,card_addr,0.5
69097,3263584,card_addr,0.1666666666666666
69097,3175273,card_addr,0.1666666666666666
69097,3169963,card_addr,0.1666666666666666
69097,3092684,card_addr,0.1666666666666666
69097,3182007,card_addr,0.1666666666666666
69097,3133113,card_addr,0.1666666666666666
69137,3515714,device,0.2777777777777778
69137,3386280,device,0.2777777777777778
69137,3544296,device,0.2777777777777778
69137,3092747,device,0.2777777777777778
69137,3554091,device,0.2777777777777778
69137,3329805,device,0.2777777777777778
69137,3165965,device,0.2777777777777778
69137,3243405,device,0.2777777777777778
69137,3404879,device,0.2777777777777778
69137,3511981,device,0.2777777777777778
69137,3522701,device,0.2777777777777778
69137,3523728,device,0.2777777777777778
69137,3544303,device,0.2777777777777778
69137,3398362,device,0.2777777777777778
69137,3356027,device,0.2777777777777778
69137,3564124,device,0.2777777777777778
69137,3575166,device,0.2777777777777778
69137,3544287,device,0.2777777777777778
69139,3566081,device,0.2368421052631578
69139,3265030,device,0.2368421052631578
69139,3092750,device,0.2368421052631578
69139,3180558,device,0.2368421052631578
69139,3560336,device,0.2368421052631578
69139,3137297,device,0.2368421052631578
69139,3539473,device,0.2368421052631578
69139,3261595,device,0.2368421052631578
69139,3541147,device,0.2368421052631578
69139,3107614,device,0.2368421052631578
69139,3303840,device,0.2368421052631578
69139,3541152,device,0.2368421052631578
69139,3364260,device,0.2368421052631578
69139,3541157,device,0.2368421052631578
69139,3277366,device,0.2368421052631578
69139,3265975,device,0.2368421052631578
69139,3207224,device,0.2368421052631578
69139,3277495,device,0.2368421052631578
69139,3270202,device,0.2368421052631578
69139,3163198,device,0.2368421052631578
69139,3240767,device,0.2368421052631578
69139,3277381,device,0.2368421052631578
69139,3552330,device,0.2368421052631578
69139,3092817,device,0.2368421052631578
69139,3442514,device,0.2368421052631578
69139,3092825,device,0.2368421052631578
69139,3373914,device,0.2368421052631578
69139,3124955,device,0.2368421052631578
69139,3124957,device,0.2368421052631578
69139,3217634,device,0.2368421052631578
69139,3114725,device,0.2368421052631578
69139,3114726,device,0.2368421052631578
69139,3192552,device,0.2368421052631578
69139,3541226,device,0.2368421052631578
69139,3543533,device,0.2368421052631578
69139,3277423,device,0.2368421052631578
69139,3137521,device,0.2368421052631578
69139,3102581,device,0.2368421052631578
69857,3221832,card_addr,0.25
69857,3560763,card_addr,0.25
69857,3457003,card_addr,0.25
69857,3093927,card_addr,0.25
70212,3391362,card_addr,0.0769230769230769
70212,3545092,card_addr,0.0769230769230769
70212,3094503,card_addr,0.0769230769230769
70212,3338895,card_addr,0.0769230769230769
70212,3427281,card_addr,0.0769230769230769
70212,3129973,card_addr,0.0769230769230769
70212,3472757,card_addr,0.0769230769230769
70212,3431479,card_addr,0.0769230769230769
70212,3529878,card_addr,0.0769230769230769
70212,3514426,card_addr,0.0769230769230769
70212,3156571,card_addr,0.0769230769230769
70212,3331740,card_addr,0.0769230769230769
70212,3514431,card_addr,0.0769230769230769
70486,3094945,card_addr,0.1538461538461538
70486,3242175,card_addr,0.1538461538461538
70486,3225763,card_addr,0.1538461538461538
70486,3261955,card_addr,0.1538461538461538
70486,3468774,card_addr,0.1538461538461538
70486,3238028,card_addr,0.1538461538461538
70486,3184141,card_addr,0.1538461538461538
70486,3174574,card_addr,0.1538461538461538
70486,3214258,card_addr,0.1538461538461538
70486,3215186,card_addr,0.1538461538461538
70486,3197879,card_addr,0.1538461538461538
70486,3510619,card_addr,0.1538461538461538
70486,3130687,card_addr,0.1538461538461538
70587,3351427,card_addr,0.3333333333333333
70587,3315654,card_addr,0.3333333333333333
70587,3347243,card_addr,0.3333333333333333
70587,3237389,card_addr,0.3333333333333333
70587,3095087,card_addr,0.3333333333333333
70587,3493169,card_addr,0.3333333333333333
70587,3315954,card_addr,0.3333333333333333
70587,3390324,card_addr,0.3333333333333333
70587,3381754,card_addr,0.3333333333333333
70699,3095280,card_addr,0.25
70699,3254442,card_addr,0.25
70699,3110723,card_addr,0.25
70699,3338923,card_addr,0.25
70773,3278752,card_addr,0.0769230769230769
70773,3381859,card_addr,0.0769230769230769
70773,3317000,card_addr,0.0769230769230769
70773,3354379,card_addr,0.0769230769230769
70773,3095404,card_addr,0.0769230769230769
70773,3322320,card_addr,0.0769230769230769
70773,3410267,card_addr,0.0769230769230769
70773,3387539,card_addr,0.0769230769230769
70773,3362998,card_addr,0.0769230769230769
70773,3433881,card_addr,0.0769230769230769
70773,3174170,card_addr,0.0769230769230769
70773,3313691,card_addr,0.0769230769230769
70773,3393534,card_addr,0.0769230769230769
71124,3213706,card_addr,0.1666666666666666
71124,3313227,card_addr,0.1666666666666666
71124,3110160,card_addr,0.1666666666666666
71124,3187510,card_addr,0.1666666666666666
71124,3538038,card_addr,0.1666666666666666
71124,3096030,card_addr,0.1666666666666666
71363,3129770,card_addr,0.5
71363,3545803,card_addr,0.5
71363,3096420,card_addr,0.5
71363,3545804,card_addr,0.5
71472,3096590,card_addr,0.2
71472,3527728,card_addr,0.2
71472,3545203,card_addr,0.2
71472,3096596,card_addr,0.2
71472,3203675,card_addr,0.2
71628,3096899,card_addr,0.1666666666666666
71628,3096836,card_addr,0.1666666666666666
71628,3096847,card_addr,0.1666666666666666
71628,3096855,card_addr,0.1666666666666666
71628,3513914,card_addr,0.1666666666666666
71628,3265051,card_addr,0.1666666666666666
71744,3243074,card_addr,0.4
71744,3097028,card_addr,0.4
71744,3199373,card_addr,0.4
71744,3148374,card_addr,0.4
71744,3567679,card_addr,0.4
71810,3521917,card_addr,0.1666666666666666
71810,3480802,card_addr,0.1666666666666666
71810,3185614,card_addr,0.1666666666666666
71810,3457838,card_addr,0.1666666666666666
71810,3165137,card_addr,0.1666666666666666
71810,3193745,card_addr,0.1666666666666666
71810,3426229,card_addr,0.1666666666666666
71810,3450425,card_addr,0.1666666666666666
71810,3140794,card_addr,0.1666666666666666
71810,3116827,card_addr,0.1666666666666666
71810,3097149,card_addr,0.1666666666666666
71810,3480959,card_addr,0.1666666666666666
71811,3370213,device,0.3333333333333333
71811,3559845,device,0.3333333333333333
71811,3118122,device,0.3333333333333333
71811,3559852,device,0.3333333333333333
71811,3559854,device,0.3333333333333333
71811,3355702,device,0.3333333333333333
71811,3264409,device,0.3333333333333333
71811,3118170,device,0.3333333333333333
71811,3097151,device,0.3333333333333333
71821,3400064,device,0.8591549295774648
71821,3400065,device,0.8591549295774648
71821,3401473,device,0.8591549295774648
71821,3400068,device,0.8591549295774648
71821,3265031,device,0.8591549295774648
71821,3401479,device,0.8591549295774648
71821,3401482,device,0.8591549295774648
71821,3400079,device,0.8591549295774648
71821,3401488,device,0.8591549295774648
71821,3409553,device,0.8591549295774648
71821,3261715,device,0.8591549295774648
71821,3400086,device,0.8591549295774648
71821,3401494,device,0.8591549295774648
71821,3402134,device,0.8591549295774648
71821,3401497,device,0.8591549295774648
71821,3402136,device,0.8591549295774648
71821,3402138,device,0.8591549295774648
71821,3402139,device,0.8591549295774648
71821,3409559,device,0.8591549295774648
71821,3409564,device,0.8591549295774648
71821,3409570,device,0.8591549295774648
71821,3124516,device,0.8591549295774648
71821,3409700,device,0.8591549295774648
71821,3534500,device,0.8591549295774648
71821,3409575,device,0.8591549295774648
71821,3409577,device,0.8591549295774648
71821,3409705,device,0.8591549295774648
71821,3419567,device,0.8591549295774648
71821,3409712,device,0.8591549295774648
71821,3419569,device,0.8591549295774648
71821,3409714,device,0.8591549295774648
71821,3409716,device,0.8591549295774648
71821,3409589,device,0.8591549295774648
71821,3419572,device,0.8591549295774648
71821,3409591,device,0.8591549295774648
71821,3409720,device,0.8591549295774648
71821,3409721,device,0.8591549295774648
71821,3401018,device,0.8591549295774648
71821,3409595,device,0.8591549295774648
71821,3419574,device,0.8591549295774648
71821,3401277,device,0.8591549295774648
71821,3401021,device,0.8591549295774648
71821,3409725,device,0.8591549295774648
71821,3414462,device,0.8591549295774648
71821,3409729,device,0.8591549295774648
71821,3107266,device,0.8591549295774648
71821,3401282,device,0.8591549295774648
71821,3414466,device,0.8591549295774648
71821,3401029,device,0.8591549295774648
71821,3401287,device,0.8591549295774648
71821,3401289,device,0.8591549295774648
71821,3401292,device,0.8591549295774648
71821,3097165,device,0.8591549295774648
71821,3401037,device,0.8591549295774648
71821,3401295,device,0.8591549295774648
71821,3401043,device,0.8591549295774648
71821,3401303,device,0.8591549295774648
71821,3402073,device,0.8591549295774648
71821,3401307,device,0.8591549295774648
71821,3401310,device,0.8591549295774648
71821,3298912,device,0.8591549295774648
71821,3401316,device,0.8591549295774648
71821,3402087,device,0.8591549295774648
71821,3402088,device,0.8591549295774648
71821,3438696,device,0.8591549295774648
71821,3402091,device,0.8591549295774648
71821,3402093,device,0.8591549295774648
71821,3402096,device,0.8591549295774648
71821,3400053,device,0.8591549295774648
71821,3534586,device,0.8591549295774648
71821,3534587,device,0.8591549295774648
71964,3226853,card_addr,0.6666666666666666
71964,3097417,card_addr,0.6666666666666666
71964,3476745,card_addr,0.6666666666666666
71964,3487658,card_addr,0.6666666666666666
71964,3555243,card_addr,0.6666666666666666
71964,3269519,card_addr,0.6666666666666666
71964,3449745,card_addr,0.6666666666666666
71964,3272626,card_addr,0.6666666666666666
71964,3251739,card_addr,0.6666666666666666
71964,3148861,card_addr,0.6666666666666666
71964,3486014,card_addr,0.6666666666666666
71964,3473567,card_addr,0.6666666666666666
72397,3482754,card_addr,0.1666666666666666
72397,3383620,card_addr,0.1666666666666666
72397,3564485,card_addr,0.1666666666666666
72397,3406631,card_addr,0.1666666666666666
72397,3098124,card_addr,0.1666666666666666
72397,3470893,card_addr,0.1666666666666666
72397,3350672,card_addr,0.1666666666666666
72397,3383024,card_addr,0.1666666666666666
72397,3403572,card_addr,0.1666666666666666
72397,3516406,card_addr,0.1666666666666666
72397,3183191,card_addr,0.1666666666666666
72397,3516408,card_addr,0.1666666666666666
72397,3287993,card_addr,0.1666666666666666
72397,3393433,card_addr,0.1666666666666666
72397,3427387,card_addr,0.1666666666666666
72397,3516409,card_addr,0.1666666666666666
72397,3501081,card_addr,0.1666666666666666
72397,3297183,card_addr,0.1666666666666666
72606,3187840,card_addr,0.6923076923076923
72606,3471299,card_addr,0.6923076923076923
72606,3424893,card_addr,0.6923076923076923
72606,3358206,card_addr,0.6923076923076923
72606,3360172,card_addr,0.6923076923076923
72606,3358224,card_addr,0.6923076923076923
72606,3345523,card_addr,0.6923076923076923
72606,3360276,card_addr,0.6923076923076923
72606,3356725,card_addr,0.6923076923076923
72606,3424055,card_addr,0.6923076923076923
72606,3344059,card_addr,0.6923076923076923
72606,3098461,card_addr,0.6923076923076923
72606,3351454,card_addr,0.6923076923076923
72609,3098468,card_addr,0.6666666666666666
72609,3233613,card_addr,0.6666666666666666
72609,3208663,card_addr,0.6666666666666666
72609,3208664,card_addr,0.6666666666666666
72609,3208665,card_addr,0.6666666666666666
72609,3208669,card_addr,0.6666666666666666
72793,3171585,card_addr,0.25
72793,3098786,card_addr,0.25
72793,3562251,card_addr,0.25
72793,3501761,card_addr,0.25
72796,3515887,card_addr,0.3333333333333333
72796,3532670,card_addr,0.3333333333333333
72796,3098791,card_addr,0.3333333333333333
73096,3099333,card_addr,0.0833333333333333
73096,3262568,card_addr,0.0833333333333333
73096,3404584,card_addr,0.0833333333333333
73096,3497710,card_addr,0.0833333333333333
73096,3500442,card_addr,0.0833333333333333
73096,3208817,card_addr,0.0833333333333333
73096,3129716,card_addr,0.0833333333333333
73096,3383957,card_addr,0.0833333333333333
73096,3167512,card_addr,0.0833333333333333
73096,3466554,card_addr,0.0833333333333333
73096,3543032,card_addr,0.0833333333333333
73096,3226111,card_addr,0.0833333333333333
73100,3159618,card_addr,0.0769230769230769
73100,3240489,card_addr,0.0769230769230769
73100,3483881,card_addr,0.0769230769230769
73100,3099340,card_addr,0.0769230769230769
73100,3262159,card_addr,0.0769230769230769
73100,3167471,card_addr,0.0769230769230769
73100,3262160,card_addr,0.0769230769230769
73100,3262161,card_addr,0.0769230769230769
73100,3354930,card_addr,0.0769230769230769
73100,3481487,card_addr,0.0769230769230769
73100,3521012,card_addr,0.0769230769230769
73100,3541877,card_addr,0.0769230769230769
73100,3481498,card_addr,0.0769230769230769
73286,3490120,card_addr,0.6666666666666666
73286,3485705,card_addr,0.6666666666666666
73286,3099663,card_addr,0.6666666666666666
73389,3107008,card_addr,0.5
73389,3186729,card_addr,0.5
73389,3172750,card_addr,0.5
73389,3099847,card_addr,0.5
73761,3186670,card_addr,0.25
73761,3100499,card_addr,0.25
73761,3186724,card_addr,0.25
73761,3114451,card_addr,0.25
74152,3180550,card_addr,0.4444444444444444
74152,3131879,card_addr,0.4444444444444444
74152,3177682,card_addr,0.4444444444444444
74152,3101235,card_addr,0.4444444444444444
74152,3188949,card_addr,0.4444444444444444
74152,3155254,card_addr,0.4444444444444444
74152,3271767,card_addr,0.4444444444444444
74152,3345432,card_addr,0.4444444444444444
74152,3529465,card_addr,0.4444444444444444
74707,3111939,card_addr,0.6363636363636364
74707,3332772,card_addr,0.6363636363636364
74707,3133671,card_addr,0.6363636363636364
74707,3102152,card_addr,0.6363636363636364
74707,3119914,card_addr,0.6363636363636364
74707,3355562,card_addr,0.6363636363636364
74707,3338765,card_addr,0.6363636363636364
74707,3197646,card_addr,0.6363636363636364
74707,3120022,card_addr,0.6363636363636364
74707,3332826,card_addr,0.6363636363636364
74707,3197626,card_addr,0.6363636363636364
74721,3550946,card_addr,0.1666666666666666
74721,3211364,card_addr,0.1666666666666666
74721,3102474,card_addr,0.1666666666666666
74721,3288434,card_addr,0.1666666666666666
74721,3102167,card_addr,0.1666666666666666
74721,3186494,card_addr,0.1666666666666666
75053,3436578,card_addr,0.1666666666666666
75053,3371394,card_addr,0.1666666666666666
75053,3434245,card_addr,0.1666666666666666
75053,3102730,card_addr,0.1666666666666666
75053,3436626,card_addr,0.1666666666666666
75053,3436566,card_addr,0.1666666666666666
75136,3576928,device,0.2307692307692307
75136,3383105,device,0.2307692307692307
75136,3383106,device,0.2307692307692307
75136,3514561,device,0.2307692307692307
75136,3517507,device,0.2307692307692307
75136,3517477,device,0.2307692307692307
75136,3444361,device,0.2307692307692307
75136,3517483,device,0.2307692307692307
75136,3444365,device,0.2307692307692307
75136,3102864,device,0.2307692307692307
75136,3382934,device,0.2307692307692307
75136,3444407,device,0.2307692307692307
75136,3442077,device,0.2307692307692307
75209,3237313,card_addr,0.125
75209,3102979,card_addr,0.125
75209,3209769,card_addr,0.125
75209,3237326,card_addr,0.125
75209,3201298,card_addr,0.125
75209,3237330,card_addr,0.125
75209,3132506,card_addr,0.125
75209,3153021,card_addr,0.125
76139,3374297,card_addr,0.25
76139,3514951,card_addr,0.25
76139,3389673,card_addr,0.25
76139,3425163,card_addr,0.25
76139,3389617,card_addr,0.25
76139,3211862,card_addr,0.25
76139,3104473,card_addr,0.25
76139,3211868,card_addr,0.25
76154,3283272,card_addr,0.0833333333333333
76154,3394089,card_addr,0.0833333333333333
76154,3428364,card_addr,0.0833333333333333
76154,3399390,card_addr,0.0833333333333333
76154,3388240,card_addr,0.0833333333333333
76154,3388530,card_addr,0.0833333333333333
76154,3104499,card_addr,0.0833333333333333
76154,3388244,card_addr,0.0833333333333333
76154,3515033,card_addr,0.0833333333333333
76154,3387900,card_addr,0.0833333333333333
76154,3162974,card_addr,0.0833333333333333
76154,3394367,card_addr,0.0833333333333333
76458,3315426,card_addr,0.3333333333333333
76458,3325666,card_addr,0.3333333333333333
76458,3326018,card_addr,0.3333333333333333
76458,3323845,card_addr,0.3333333333333333
76458,3326404,card_addr,0.3333333333333333
76458,3234152,card_addr,0.3333333333333333
76458,3394033,card_addr,0.3333333333333333
76458,3498646,card_addr,0.3333333333333333
76458,3325657,card_addr,0.3333333333333333
76458,3325660,card_addr,0.3333333333333333
76458,3324829,card_addr,0.3333333333333333
76458,3104991,card_addr,0.3333333333333333
76867,3105664,device,0.2222222222222222
76867,3251491,device,0.2222222222222222
76867,3547751,device,0.2222222222222222
76867,3342992,device,0.2222222222222222
76867,3447345,device,0.2222222222222222
76867,3428914,device,0.2222222222222222
76867,3547729,device,0.2222222222222222
76867,3230837,device,0.2222222222222222
76867,3293109,device,0.2222222222222222
76932,3112739,card_addr,0.25
76932,3150275,card_addr,0.25
76932,3137967,card_addr,0.25
76932,3281905,card_addr,0.25
76932,3112277,card_addr,0.25
76932,3137974,card_addr,0.25
76932,3350966,card_addr,0.25
76932,3105784,card_addr,0.25
77496,3106720,device,0.6666666666666666
77496,3382481,device,0.6666666666666666
77496,3532192,device,0.6666666666666666
77907,3107352,card_addr,0.25
77907,3526785,card_addr,0.25
77907,3107483,card_addr,0.25
77907,3107448,card_addr,0.25
77939,3439904,device,0.2222222222222222
77939,3477954,device,0.2222222222222222
77939,3350020,device,0.2222222222222222
77939,3107401,device,0.2222222222222222
77939,3296873,device,0.2222222222222222
77939,3163083,device,0.2222222222222222
77939,3296812,device,0.2222222222222222
77939,3118861,device,0.2222222222222222
77939,3395981,device,0.2222222222222222
77939,3256431,device,0.2222222222222222
77939,3395984,device,0.2222222222222222
77939,3287379,device,0.2222222222222222
77939,3362035,device,0.2222222222222222
77939,3395988,device,0.2222222222222222
77939,3296822,device,0.2222222222222222
77939,3545078,device,0.2222222222222222
77939,3395992,device,0.2222222222222222
77939,3568467,device,0.2222222222222222
78233,3352612,card_addr,0.1176470588235294
78233,3177958,card_addr,0.1176470588235294
78233,3402471,card_addr,0.1176470588235294
78233,3319080,card_addr,0.1176470588235294
78233,3575144,card_addr,0.1176470588235294
78233,3575146,card_addr,0.1176470588235294
78233,3478924,card_addr,0.1176470588235294
78233,3479052,card_addr,0.1176470588235294
78233,3263548,card_addr,0.1176470588235294
78233,3393678,card_addr,0.1176470588235294
78233,3212272,card_addr,0.1176470588235294
78233,3378929,card_addr,0.1176470588235294
78233,3107826,card_addr,0.1176470588235294
78233,3555218,card_addr,0.1176470588235294
78233,3252820,card_addr,0.1176470588235294
78233,3317110,card_addr,0.1176470588235294
78233,3195868,card_addr,0.1176470588235294
78690,3152774,card_addr,0.074074074074074
78690,3267854,card_addr,0.074074074074074
78690,3451663,card_addr,0.074074074074074
78690,3555346,card_addr,0.074074074074074
78690,3182618,card_addr,0.074074074074074
78690,3301794,card_addr,0.074074074074074
78690,3535655,card_addr,0.074074074074074
78690,3545395,card_addr,0.074074074074074
78690,3564864,card_addr,0.074074074074074
78690,3540033,card_addr,0.074074074074074
78690,3253827,card_addr,0.074074074074074
78690,3108548,card_addr,0.074074074074074
78690,3258312,card_addr,0.074074074074074
78690,3543368,card_addr,0.074074074074074
78690,3545419,card_addr,0.074074074074074
78690,3551697,card_addr,0.074074074074074
78690,3545432,card_addr,0.074074074074074
78690,3558232,card_addr,0.074074074074074
78690,3267170,card_addr,0.074074074074074
78690,3545442,card_addr,0.074074074074074
78690,3558247,card_addr,0.074074074074074
78690,3162731,card_addr,0.074074074074074
78690,3530097,card_addr,0.074074074074074
78690,3462515,card_addr,0.074074074074074
78690,3545464,card_addr,0.074074074074074
78690,3431804,card_addr,0.074074074074074
78690,3558142,card_addr,0.074074074074074
79218,3126401,device,0.2894736842105263
79218,3303683,device,0.2894736842105263
79218,3389827,device,0.2894736842105263
79218,3109384,device,0.2894736842105263
79218,3343882,device,0.2894736842105263
79218,3557527,device,0.2894736842105263
79218,3376672,device,0.2894736842105263
79218,3119140,device,0.2894736842105263
79218,3315623,device,0.2894736842105263
79218,3126312,device,0.2894736842105263
79218,3389864,device,0.2894736842105263
79218,3126318,device,0.2894736842105263
79218,3502388,device,0.2894736842105263
79218,3126325,device,0.2894736842105263
79218,3127479,device,0.2894736842105263
79218,3385597,device,0.2894736842105263
79218,3376708,device,0.2894736842105263
79218,3516616,device,0.2894736842105263
79218,3516617,device,0.2894736842105263
79218,3516618,device,0.2894736842105263
79218,3516620,device,0.2894736842105263
79218,3516621,device,0.2894736842105263
79218,3516622,device,0.2894736842105263
79218,3516626,device,0.2894736842105263
79218,3516627,device,0.2894736842105263
79218,3516628,device,0.2894736842105263
79218,3120727,device,0.2894736842105263
79218,3312866,device,0.2894736842105263
79218,3312868,device,0.2894736842105263
79218,3312873,device,0.2894736842105263
79218,3385581,device,0.2894736842105263
79218,3312878,device,0.2894736842105263
79218,3285359,device,0.2894736842105263
79218,3385583,device,0.2894736842105263
79218,3385587,device,0.2894736842105263
79218,3385590,device,0.2894736842105263
79218,3385593,device,0.2894736842105263
79218,3264765,device,0.2894736842105263
79294,3266176,card_addr,0.0833333333333333
79294,3109505,card_addr,0.0833333333333333
79294,3112258,card_addr,0.0833333333333333
79294,3322079,card_addr,0.0833333333333333
79294,3556578,card_addr,0.0833333333333333
79294,3132645,card_addr,0.0833333333333333
79294,3419847,card_addr,0.0833333333333333
79294,3112301,card_addr,0.0833333333333333
79294,3499823,card_addr,0.0833333333333333
79294,3112121,card_addr,0.0833333333333333
79294,3233756,card_addr,0.0833333333333333
79294,3112127,card_addr,0.0833333333333333
79498,3548741,card_addr,0.1428571428571428
79498,3372840,card_addr,0.1428571428571428
79498,3109866,card_addr,0.1428571428571428
79498,3396684,card_addr,0.1428571428571428
79498,3373486,card_addr,0.1428571428571428
79498,3561784,card_addr,0.1428571428571428
79498,3373499,card_addr,0.1428571428571428
79757,3251745,card_addr,0.25
79757,3110258,card_addr,0.25
79757,3483025,card_addr,0.25
79757,3161398,card_addr,0.25
79877,3110464,device,0.8333333333333334
79877,3110529,device,0.8333333333333334
79877,3110469,device,0.8333333333333334
79877,3110535,device,0.8333333333333334
79877,3110474,device,0.8333333333333334
79877,3110539,device,0.8333333333333334
79877,3279724,device,0.8333333333333334
79877,3486257,device,0.8333333333333334
79877,3110451,device,0.8333333333333334
79877,3110518,device,0.8333333333333334
79877,3110460,device,0.8333333333333334
79877,3110527,device,0.8333333333333334
80068,3110762,card_addr,1.0
80068,3115411,card_addr,1.0
80068,3115406,card_addr,1.0
80184,3165465,card_addr,0.25
80184,3110962,card_addr,0.25
80184,3111396,card_addr,0.25
80184,3407676,card_addr,0.25
80201,3387457,device,0.375
80201,3388708,device,0.375
80201,3388506,device,0.375
80201,3388393,device,0.375
80201,3110989,device,0.375
80201,3385365,device,0.375
80201,3387066,device,0.375
80201,3388795,device,0.375
80238,3175601,card_addr,0.3333333333333333
80238,3267188,card_addr,0.3333333333333333
80238,3111045,card_addr,0.3333333333333333
80399,3111296,card_addr,0.7
80399,3380256,card_addr,0.7
80399,3111298,card_addr,0.7
80399,3380259,card_addr,0.7
80399,3276196,card_addr,0.7
80399,3276197,card_addr,0.7
80399,3276198,card_addr,0.7
80399,3276199,card_addr,0.7
80399,3276200,card_addr,0.7
80399,3208074,card_addr,0.7
80965,3453322,card_addr,0.25
80965,3310291,card_addr,0.25
80965,3112204,card_addr,0.25
80965,3318813,card_addr,0.25
81464,3152640,card_addr,0.125
81464,3320098,card_addr,0.125
81464,3544535,card_addr,0.125
81464,3503303,card_addr,0.125
81464,3120840,card_addr,0.125
81464,3451628,card_addr,0.125
81464,3508941,card_addr,0.125
81464,3113166,card_addr,0.125
81464,3113038,card_addr,0.125
81464,3113010,card_addr,0.125
81464,3553876,card_addr,0.125
81464,3113173,card_addr,0.125
81464,3213206,card_addr,0.125
81464,3144471,card_addr,0.125
81464,3113275,card_addr,0.125
81464,3113983,card_addr,0.125
81481,3158805,card_addr,0.3333333333333333
81481,3113046,card_addr,0.3333333333333333
81481,3359230,card_addr,0.3333333333333333
82641,3251010,card_addr,0.2857142857142857
82641,3422443,card_addr,0.2857142857142857
82641,3119629,card_addr,0.2857142857142857
82641,3451006,card_addr,0.2857142857142857
82641,3532080,card_addr,0.2857142857142857
82641,3205361,card_addr,0.2857142857142857
82641,3561310,card_addr,0.2857142857142857
82641,3542963,card_addr,0.2857142857142857
82641,3250388,card_addr,0.2857142857142857
82641,3300213,card_addr,0.2857142857142857
82641,3114870,card_addr,0.2857142857142857
82641,3213370,card_addr,0.2857142857142857
82641,3190333,card_addr,0.2857142857142857
82641,3448094,card_addr,0.2857142857142857
82701,3232227,card_addr,0.2857142857142857
82701,3234792,card_addr,0.2857142857142857
82701,3218697,card_addr,0.2857142857142857
82701,3234793,card_addr,0.2857142857142857
82701,3114963,card_addr,0.2857142857142857
82701,3341494,card_addr,0.2857142857142857
82701,3220696,card_addr,0.2857142857142857
83033,3115482,card_addr,1.0
83033,3178654,card_addr,1.0
83033,3164450,card_addr,1.0
83033,3123302,card_addr,1.0
83990,3266919,card_addr,0.1428571428571428
83990,3132776,card_addr,0.1428571428571428
83990,3266920,card_addr,0.1428571428571428
83990,3266924,card_addr,0.1428571428571428
83990,3266926,card_addr,0.1428571428571428
83990,3125659,card_addr,0.1428571428571428
83990,3116956,card_addr,0.1428571428571428
84221,3528256,card_addr,0.7777777777777778
84221,3117345,card_addr,0.7777777777777778
84221,3530658,card_addr,0.7777777777777778
84221,3213123,card_addr,0.7777777777777778
84221,3527338,card_addr,0.7777777777777778
84221,3527729,card_addr,0.7777777777777778
84221,3525495,card_addr,0.7777777777777778
84221,3527387,card_addr,0.7777777777777778
84221,3530655,card_addr,0.7777777777777778
84259,3485568,device,0.6756756756756757
84259,3285528,device,0.6756756756756757
84259,3285529,device,0.6756756756756757
84259,3285533,device,0.6756756756756757
84259,3285534,device,0.6756756756756757
84259,3171360,device,0.6756756756756757
84259,3285537,device,0.6756756756756757
84259,3285540,device,0.6756756756756757
84259,3285542,device,0.6756756756756757
84259,3285549,device,0.6756756756756757
84259,3285550,device,0.6756756756756757
84259,3285551,device,0.6756756756756757
84259,3285552,device,0.6756756756756757
84259,3285553,device,0.6756756756756757
84259,3285558,device,0.6756756756756757
84259,3285559,device,0.6756756756756757
84259,3494072,device,0.6756756756756757
84259,3280570,device,0.6756756756756757
84259,3285563,device,0.6756756756756757
84259,3285565,device,0.6756756756756757
84259,3476934,device,0.6756756756756757
84259,3494225,device,0.6756756756756757
84259,3468115,device,0.6756756756756757
84259,3117396,device,0.6756756756756757
84259,3166177,device,0.6756756756756757
84259,3166178,device,0.6756756756756757
84259,3166179,device,0.6756756756756757
84259,3166181,device,0.6756756756756757
84259,3166182,device,0.6756756756756757
84259,3166183,device,0.6756756756756757
84259,3166184,device,0.6756756756756757
84259,3166187,device,0.6756756756756757
84259,3166188,device,0.6756756756756757
84259,3145458,device,0.6756756756756757
84259,3145460,device,0.6756756756756757
84259,3145463,device,0.6756756756756757
84259,3491323,device,0.6756756756756757
84350,3368230,device,0.6666666666666666
84350,3406441,device,0.6666666666666666
84350,3206003,device,0.6666666666666666
84350,3206004,device,0.6666666666666666
84350,3368214,device,0.6666666666666666
84350,3117533,device,0.6666666666666666
84561,3560041,card_addr,0.2857142857142857
84561,3573518,card_addr,0.2857142857142857
84561,3543633,card_addr,0.2857142857142857
84561,3220852,card_addr,0.2857142857142857
84561,3565782,card_addr,0.2857142857142857
84561,3117849,card_addr,0.2857142857142857
84561,3118909,card_addr,0.2857142857142857
84641,3224356,device,0.0769230769230769
84641,3318054,device,0.0769230769230769
84641,3448136,device,0.0769230769230769
84641,3199083,device,0.0769230769230769
84641,3317484,device,0.0769230769230769
84641,3303147,device,0.0769230769230769
84641,3318062,device,0.0769230769230769
84641,3318223,device,0.0769230769230769
84641,3343600,device,0.0769230769230769
84641,3318258,device,0.0769230769230769
84641,3318068,device,0.0769230769230769
84641,3117973,device,0.0769230769230769
84641,3318262,device,0.0769230769230769
84718,3317257,card_addr,0.1923076923076923
84718,3437707,card_addr,0.1923076923076923
84718,3118096,card_addr,0.1923076923076923
84718,3368982,card_addr,0.1923076923076923
84718,3402522,card_addr,0.1923076923076923
84718,3176098,card_addr,0.1923076923076923
84718,3340707,card_addr,0.1923076923076923
84718,3383846,card_addr,0.1923076923076923
84718,3261871,card_addr,0.1923076923076923
84718,3255090,card_addr,0.1923076923076923
84718,3362739,card_addr,0.1923076923076923
84718,3163957,card_addr,0.1923076923076923
84718,3483197,card_addr,0.1923076923076923
84718,3131842,card_addr,0.1923076923076923
84718,3474379,card_addr,0.1923076923076923
84718,3165009,card_addr,0.1923076923076923
84718,3422931,card_addr,0.1923076923076923
84718,3319126,card_addr,0.1923076923076923
84718,3323992,card_addr,0.1923076923076923
84718,3421402,card_addr,0.1923076923076923
84718,3293678,card_addr,0.1923076923076923
84718,3562734,card_addr,0.1923076923076923
84718,3215600,card_addr,0.1923076923076923
84718,3514492,card_addr,0.1923076923076923
84718,3121017,card_addr,0.1923076923076923
84718,3317244,card_addr,0.1923076923076923
84945,3425867,card_addr,0.1428571428571428
84945,3486059,card_addr,0.1428571428571428
84945,3120015,card_addr,0.1428571428571428
84945,3144945,card_addr,0.1428571428571428
84945,3279574,card_addr,0.1428571428571428
84945,3118461,card_addr,0.1428571428571428
84945,3297918,card_addr,0.1428571428571428
85450,3545754,card_addr,0.6666666666666666
85450,3239877,card_addr,0.6666666666666666
85450,3119247,card_addr,0.6666666666666666
85452,3253575,card_addr,1.0
85452,3239560,card_addr,1.0
85452,3194281,card_addr,1.0
85452,3239855,card_addr,1.0
85452,3119249,card_addr,1.0
85452,3240212,card_addr,1.0
85452,3227029,card_addr,1.0
85452,3239925,card_addr,1.0
85452,3240055,card_addr,1.0
85452,3227290,card_addr,1.0
85452,3241947,card_addr,1.0
85467,3119270,card_addr,0.1666666666666666
85467,3569452,card_addr,0.1666666666666666
85467,3284464,card_addr,0.1666666666666666
85467,3188916,card_addr,0.1666666666666666
85467,3237150,card_addr,0.1666666666666666
85467,3165470,card_addr,0.1666666666666666
85477,3150544,card_addr,1.0
85477,3146476,card_addr,1.0
85477,3119286,card_addr,1.0
85564,3184192,card_addr,0.2
85564,3413281,card_addr,0.2
85564,3243458,card_addr,0.2
85564,3368747,card_addr,0.2
85564,3351341,card_addr,0.2
85564,3341652,card_addr,0.2
85564,3309399,card_addr,0.2
85564,3119417,card_addr,0.2
85564,3233662,card_addr,0.2
85564,3427391,card_addr,0.2
85859,3261250,card_addr,0.1111111111111111
85859,3245539,card_addr,0.1111111111111111
85859,3119909,card_addr,0.1111111111111111
85859,3316013,card_addr,0.1111111111111111
85859,3389230,card_addr,0.1111111111111111
85859,3254609,card_addr,0.1111111111111111
85859,3187794,card_addr,0.1111111111111111
85859,3227353,card_addr,0.1111111111111111
85859,3276156,card_addr,0.1111111111111111
86301,3233281,card_addr,0.0909090909090909
86301,3196770,card_addr,0.0909090909090909
86301,3216771,card_addr,0.0909090909090909
86301,3344610,card_addr,0.0909090909090909
86301,3338821,card_addr,0.0909090909090909
86301,3120587,card_addr,0.0909090909090909
86301,3338835,card_addr,0.0909090909090909
86301,3178581,card_addr,0.0909090909090909
86301,3344597,card_addr,0.0909090909090909
86301,3140026,card_addr,0.0909090909090909
86301,3204670,card_addr,0.0909090909090909
86410,3120776,card_addr,0.6666666666666666
86410,3282747,card_addr,0.6666666666666666
86410,3120910,card_addr,0.6666666666666666
86860,3417600,card_addr,0.1379310344827586
86860,3574405,card_addr,0.1379310344827586
86860,3134470,card_addr,0.1379310344827586
86860,3296150,card_addr,0.1379310344827586
86860,3434011,card_addr,0.1379310344827586
86860,3505565,card_addr,0.1379310344827586
86860,3226019,card_addr,0.1379310344827586
86860,3340579,card_addr,0.1379310344827586
86860,3244071,card_addr,0.1379310344827586
86860,3234609,card_addr,0.1379310344827586
86860,3426482,card_addr,0.1379310344827586
86860,3244211,card_addr,0.1379310344827586
86860,3302324,card_addr,0.1379310344827586
86860,3323443,card_addr,0.1379310344827586
86860,3166909,card_addr,0.1379310344827586
86860,3543231,card_addr,0.1379310344827586
86860,3172933,card_addr,0.1379310344827586
86860,3424070,card_addr,0.1379310344827586
86860,3539286,card_addr,0.1379310344827586
86860,3226588,card_addr,0.1379310344827586
86860,3172188,card_addr,0.1379310344827586
86860,3145694,card_addr,0.1379310344827586
86860,3121504,card_addr,0.1379310344827586
86860,3203424,card_addr,0.1379310344827586
86860,3134444,card_addr,0.1379310344827586
86860,3282029,card_addr,0.1379310344827586
86860,3538287,card_addr,0.1379310344827586
86860,3373434,card_addr,0.1379310344827586
86860,3337595,card_addr,0.1379310344827586
87456,3474081,device,0.7333333333333333
87456,3475553,device,0.7333333333333333
87456,3468067,device,0.7333333333333333
87456,3527618,device,0.7333333333333333
87456,3479006,device,0.7333333333333333
87456,3122472,device,0.7333333333333333
87456,3479018,device,0.7333333333333333
87456,3474094,device,0.7333333333333333
87456,3475344,device,0.7333333333333333
87456,3475536,device,0.7333333333333333
87456,3475543,device,0.7333333333333333
87456,3518584,device,0.7333333333333333
87456,3258425,device,0.7333333333333333
87456,3474046,device,0.7333333333333333
87456,3464767,device,0.7333333333333333
88244,3123712,card_addr,0.25
88244,3195784,card_addr,0.25
88244,3261572,card_addr,0.25
88244,3155333,card_addr,0.25
88289,3264259,card_addr,0.1428571428571428
88289,3328965,card_addr,0.1428571428571428
88289,3363311,card_addr,0.1428571428571428
88289,3279504,card_addr,0.1428571428571428
88289,3300789,card_addr,0.1428571428571428
88289,3123799,card_addr,0.1428571428571428
88289,3127802,card_addr,0.1428571428571428
88447,3192242,device,0.3333333333333333
88447,3266818,device,0.3333333333333333
88447,3124045,device,0.3333333333333333
88848,3124700,card_addr,0.3333333333333333
88848,3124692,card_addr,0.3333333333333333
88848,3155357,card_addr,0.3333333333333333
89556,3134347,card_addr,1.0
89556,3125836,card_addr,1.0
89556,3134351,card_addr,1.0
89575,3355970,card_addr,0.9090909090909092
89575,3125860,card_addr,0.9090909090909092
89575,3360487,card_addr,0.9090909090909092
89575,3205288,card_addr,0.9090909090909092
89575,3295337,card_addr,0.9090909090909092
89575,3360526,card_addr,0.9090909090909092
89575,3445134,card_addr,0.9090909090909092
89575,3207504,card_addr,0.9090909090909092
89575,3298806,card_addr,0.9090909090909092
89575,3205527,card_addr,0.9090909090909092
89575,3298684,card_addr,0.9090909090909092
90120,3520741,card_addr,0.25
90120,3206761,card_addr,0.25
90120,3507452,card_addr,0.25
90120,3126693,card_addr,0.25
90329,3547337,card_addr,0.5714285714285714
90329,3404568,card_addr,0.5714285714285714
90329,3404563,card_addr,0.5714285714285714
90329,3403862,card_addr,0.5714285714285714
90329,3127031,card_addr,0.5714285714285714
90329,3403896,card_addr,0.5714285714285714
90329,3547324,card_addr,0.5714285714285714
91195,3128474,card_addr,0.6666666666666666
91195,3527404,card_addr,0.6666666666666666
91195,3527407,card_addr,0.6666666666666666
91329,3128920,card_addr,0.25
91329,3260252,card_addr,0.25
91329,3128758,card_addr,0.25
91329,3128695,card_addr,0.25
91656,3352288,card_addr,0.0714285714285714
91656,3397092,card_addr,0.0714285714285714
91656,3192390,card_addr,0.0714285714285714
91656,3129228,card_addr,0.0714285714285714
91656,3342669,card_addr,0.0714285714285714
91656,3453260,card_addr,0.0714285714285714
91656,3514354,card_addr,0.0714285714285714
91656,3352180,card_addr,0.0714285714285714
91656,3452852,card_addr,0.0714285714285714
91656,3539124,card_addr,0.0714285714285714
91656,3223257,card_addr,0.0714285714285714
91656,3434779,card_addr,0.0714285714285714
91656,3504060,card_addr,0.0714285714285714
91656,3396991,card_addr,0.0714285714285714
91785,3540386,device,0.125
91785,3354979,device,0.125
91785,3200996,device,0.125
91785,3432232,device,0.125
91785,3364684,device,0.125
91785,3204941,device,0.125
91785,3198446,device,0.125
91785,3146223,device,0.125
91785,3214046,device,0.125
91785,3429166,device,0.125
91785,3231218,device,0.125
91785,3443661,device,0.125
91785,3470476,device,0.125
91785,3225914,device,0.125
91785,3421853,device,0.125
91785,3129438,device,0.125
92467,3130522,card_addr,0.3333333333333333
92467,3277291,card_addr,0.3333333333333333
92467,3144287,card_addr,0.3333333333333333
92658,3130818,card_addr,0.8
92658,3130822,card_addr,0.8
92658,3269063,card_addr,0.8
92658,3173130,card_addr,0.8
92658,3269068,card_addr,0.8
92695,3213858,card_addr,0.1333333333333333
92695,3163525,card_addr,0.1333333333333333
92695,3163526,card_addr,0.1333333333333333
92695,3301223,card_addr,0.1333333333333333
92695,3301672,card_addr,0.1333333333333333
92695,3393413,card_addr,0.1333333333333333
92695,3538471,card_addr,0.1333333333333333
92695,3551689,card_addr,0.1333333333333333
92695,3496684,card_addr,0.1333333333333333
92695,3575147,card_addr,0.1333333333333333
92695,3463694,card_addr,0.1333333333333333
92695,3488176,card_addr,0.1333333333333333
92695,3477142,card_addr,0.1333333333333333
92695,3511387,card_addr,0.1333333333333333
92695,3130879,card_addr,0.1333333333333333
94023,3132864,device,0.2
94023,3132846,device,0.2
94023,3132853,device,0.2
94023,3132858,device,0.2
94023,3332925,device,0.2
94095,3441521,card_addr,0.25
94095,3289233,card_addr,0.25
94095,3132962,card_addr,0.25
94095,3224374,card_addr,0.25
94844,3319905,card_addr,0.2
94844,3134540,card_addr,0.2
94844,3336013,card_addr,0.2
94844,3134128,card_addr,0.2
94844,3349939,card_addr,0.2
97421,3443201,card_addr,0.1470588235294117
97421,3373698,card_addr,0.1470588235294117
97421,3526401,card_addr,0.1470588235294117
97421,3396750,card_addr,0.1470588235294117
97421,3518991,card_addr,0.1470588235294117
97421,3577361,card_addr,0.1470588235294117
97421,3311004,card_addr,0.1470588235294117
97421,3311005,card_addr,0.1470588235294117
97421,3189278,card_addr,0.1470588235294117
97421,3482911,card_addr,0.1470588235294117
97421,3409568,card_addr,0.1470588235294117
97421,3449515,card_addr,0.1470588235294117
97421,3396268,card_addr,0.1470588235294117
97421,3139118,card_addr,0.1470588235294117
97421,3360303,card_addr,0.1470588235294117
97421,3317041,card_addr,0.1470588235294117
97421,3359030,card_addr,0.1470588235294117
97421,3139135,card_addr,0.1470588235294117
97421,3219264,card_addr,0.1470588235294117
97421,3439558,card_addr,0.1470588235294117
97421,3139143,card_addr,0.1470588235294117
97421,3138381,card_addr,0.1470588235294117
97421,3269593,card_addr,0.1470588235294117
97421,3488473,card_addr,0.1470588235294117
97421,3488475,card_addr,0.1470588235294117
97421,3552988,card_addr,0.1470588235294117
97421,3351133,card_addr,0.1470588235294117
97421,3372897,card_addr,0.1470588235294117
97421,3316710,card_addr,0.1470588235294117
97421,3423207,card_addr,0.1470588235294117
97421,3404398,card_addr,0.1470588235294117
97421,3516403,card_addr,0.1470588235294117
97421,3264631,card_addr,0.1470588235294117
97421,3301626,card_addr,0.1470588235294117
97715,3166464,card_addr,0.3333333333333333
97715,3460102,card_addr,0.3333333333333333
97715,3138847,card_addr,0.3333333333333333
97811,3140586,device,1.0
97811,3145212,device,1.0
97811,3139024,device,1.0
97811,3139026,device,1.0
97811,3140595,device,1.0
97811,3145203,device,1.0
97811,3145237,device,1.0
97811,3145207,device,1.0
97811,3139032,device,1.0
97811,3140602,device,1.0
97811,3139004,device,1.0
97811,3145213,device,1.0
98803,3172194,card_addr,0.5
98803,3140643,card_addr,0.5
98803,3469286,card_addr,0.5
98803,3499636,card_addr,0.5
98803,3499637,card_addr,0.5
98803,3338456,card_addr,0.5
98843,3140704,device,0.4444444444444444
98843,3506726,device,0.4444444444444444
98843,3577351,device,0.4444444444444444
98843,3577354,device,0.4444444444444444
98843,3145431,device,0.4444444444444444
98843,3145434,device,0.4444444444444444
98843,3575229,device,0.4444444444444444
98843,3575230,device,0.4444444444444444
98843,3145439,device,0.4444444444444444
99185,3383968,card_addr,0.8
99185,3196833,card_addr,0.8
99185,3560514,card_addr,0.8
99185,3141254,card_addr,0.8
99185,3573351,card_addr,0.8
99185,3560521,card_addr,0.8
99185,3576891,card_addr,0.8
99185,3559022,card_addr,0.8
99185,3223119,card_addr,0.8
99185,3561326,card_addr,0.8
99185,3141268,card_addr,0.8
99185,3573301,card_addr,0.8
99185,3190134,card_addr,0.8
99185,3196408,card_addr,0.8
99185,3558459,card_addr,0.8
99275,3141418,card_addr,0.3333333333333333
99275,3378638,card_addr,0.3333333333333333
99275,3226910,card_addr,0.3333333333333333
99352,3141537,card_addr,0.6666666666666666
99352,3141538,card_addr,0.6666666666666666
99352,3141540,card_addr,0.6666666666666666
99352,3141542,card_addr,0.6666666666666666
99352,3498067,card_addr,0.6666666666666666
99352,3562302,card_addr,0.6666666666666666
99947,3359303,device,0.2
99947,3142476,device,0.2
99947,3407128,device,0.2
99947,3407195,device,0.2
99947,3197150,device,0.2
100220,3142928,card_addr,0.25
100220,3529442,card_addr,0.25
100220,3450778,card_addr,0.25
100220,3499650,card_addr,0.25
100603,3157841,card_addr,1.0
100603,3143578,card_addr,1.0
100603,3160857,card_addr,1.0
100787,3519234,device,0.1764705882352941
100787,3514980,device,0.1764705882352941
100787,3514982,device,0.1764705882352941
100787,3452647,device,0.1764705882352941
100787,3177640,device,0.1764705882352941
100787,3514986,device,0.1764705882352941
100787,3351115,device,0.1764705882352941
100787,3492844,device,0.1764705882352941
100787,3562095,device,0.1764705882352941
100787,3143888,device,0.1764705882352941
100787,3264946,device,0.1764705882352941
100787,3404917,device,0.1764705882352941
100787,3166198,device,0.1764705882352941
100787,3363735,device,0.1764705882352941
100787,3405592,device,0.1764705882352941
100787,3448057,device,0.1764705882352941
100787,3454716,device,0.1764705882352941
100961,3236320,card_addr,0.0714285714285714
100961,3333185,card_addr,0.0714285714285714
100961,3431269,card_addr,0.0714285714285714
100961,3234888,card_addr,0.0714285714285714
100961,3469321,card_addr,0.0714285714285714
100961,3144139,card_addr,0.0714285714285714
100961,3526514,card_addr,0.0714285714285714
100961,3251988,card_addr,0.0714285714285714
100961,3390260,card_addr,0.0714285714285714
100961,3339224,card_addr,0.0714285714285714
100961,3205754,card_addr,0.0714285714285714
100961,3262973,card_addr,0.0714285714285714
100961,3419358,card_addr,0.0714285714285714
100961,3554207,card_addr,0.0714285714285714
101490,3398368,card_addr,0.375
101490,3241674,card_addr,0.375
101490,3241677,card_addr,0.375
101490,3241678,card_addr,0.375
101490,3241714,card_addr,0.375
101490,3145016,card_addr,0.375
101490,3401145,card_addr,0.375
101490,3398366,card_addr,0.375
101579,3177792,card_addr,0.7272727272727273
101579,3145154,card_addr,0.7272727272727273
101579,3177766,card_addr,0.7272727272727273
101579,3172678,card_addr,0.7272727272727273
101579,3187338,card_addr,0.7272727272727273
101579,3187373,card_addr,0.7272727272727273
101579,3174833,card_addr,0.7272727272727273
101579,3475893,card_addr,0.7272727272727273
101579,3180859,card_addr,0.7272727272727273
101579,3534492,card_addr,0.7272727272727273
101579,3180831,card_addr,0.7272727272727273
102651,3146976,card_addr,0.8
102651,3295809,card_addr,0.8
102651,3296002,card_addr,0.8
102651,3438438,card_addr,0.8
102651,3438441,card_addr,0.8
102651,3438443,card_addr,0.8
102651,3296050,card_addr,0.8
102651,3296020,card_addr,0.8
102651,3146934,card_addr,0.8
102651,3284315,card_addr,0.8
103007,3444544,card_addr,0.0909090909090909
103007,3208004,card_addr,0.0909090909090909
103007,3147464,card_addr,0.0909090909090909
103007,3299912,card_addr,0.0909090909090909
103007,3470833,card_addr,0.0909090909090909
103007,3251923,card_addr,0.0909090909090909
103007,3380148,card_addr,0.0909090909090909
103007,3487187,card_addr,0.0909090909090909
103007,3403163,card_addr,0.0909090909090909
103007,3459165,card_addr,0.0909090909090909
103007,3360830,card_addr,0.0909090909090909
104275,3149504,card_addr,0.2
104275,3410272,card_addr,0.2
104275,3572770,card_addr,0.2
104275,3572834,card_addr,0.2
104275,3572774,card_addr,0.2
104275,3572775,card_addr,0.2
104275,3572777,card_addr,0.2
104275,3181457,card_addr,0.2
104275,3260725,card_addr,0.2
104275,3475127,card_addr,0.2
104331,3551136,card_addr,0.2142857142857142
104331,3465730,card_addr,0.2142857142857142
104331,3481117,card_addr,0.2142857142857142
104331,3569193,card_addr,0.2142857142857142
104331,3217163,card_addr,0.2142857142857142
104331,3552856,card_addr,0.2142857142857142
104331,3333231,card_addr,0.2142857142857142
104331,3149615,card_addr,0.2142857142857142
104331,3443695,card_addr,0.2142857142857142
104331,3556979,card_addr,0.2142857142857142
104331,3344725,card_addr,0.2142857142857142
104331,3551128,card_addr,0.2142857142857142
104331,3400029,card_addr,0.2142857142857142
104331,3194111,card_addr,0.2142857142857142
104366,3388869,device,0.3
104366,3149670,device,0.3
104366,3383656,device,0.3
104366,3398122,device,0.3
104366,3265067,device,0.3
104366,3344430,device,0.3
104366,3344367,device,0.3
104366,3244720,device,0.3
104366,3344433,device,0.3
104366,3197141,device,0.3
105339,3565440,device,0.125
105339,3151297,device,0.125
105339,3272963,device,0.125
105339,3348007,device,0.125
105339,3216584,device,0.125
105339,3272969,device,0.125
105339,3260810,device,0.125
105339,3342636,device,0.125
105339,3330704,device,0.125
105339,3247345,device,0.125
105339,3401425,device,0.125
105339,3418194,device,0.125
105339,3348020,device,0.125
105339,3272982,device,0.125
105339,3197369,device,0.125
105339,3168093,device,0.125
105372,3151353,card_addr,0.6666666666666666
105372,3281978,card_addr,0.6666666666666666
105372,3281975,card_addr,0.6666666666666666
105605,3151777,card_addr,1.0
105605,3151781,card_addr,1.0
105605,3151783,card_addr,1.0
105798,3157860,card_addr,1.0
105798,3152124,card_addr,1.0
105798,3157853,card_addr,1.0
106004,3347596,card_addr,0.25
106004,3363155,card_addr,0.25
106004,3347556,card_addr,0.25
106004,3152495,card_addr,0.25
106138,3152721,card_addr,1.0
106138,3292291,card_addr,1.0
106138,3361383,card_addr,1.0
106138,3154479,card_addr,1.0
106802,3153858,card_addr,1.0
106802,3153860,card_addr,1.0
106802,3153855,card_addr,1.0
107239,3154561,card_addr,0.75
107239,3161026,card_addr,0.75
107239,3161028,card_addr,0.75
107239,3161022,card_addr,0.75
108049,3517955,card_addr,0.2352941176470588
108049,3358916,card_addr,0.2352941176470588
108049,3563111,card_addr,0.2352941176470588
108049,3566632,card_addr,0.2352941176470588
108049,3156009,card_addr,0.2352941176470588
108049,3566856,card_addr,0.2352941176470588
108049,3242573,card_addr,0.2352941176470588
108049,3342094,card_addr,0.2352941176470588
108049,3430703,card_addr,0.2352941176470588
108049,3473595,card_addr,0.2352941176470588
108049,3566350,card_addr,0.2352941176470588
108049,3448468,card_addr,0.2352941176470588
108049,3485237,card_addr,0.2352941176470588
108049,3566647,card_addr,0.2352941176470588
108049,3204471,card_addr,0.2352941176470588
108049,3176283,card_addr,0.2352941176470588
108049,3485725,card_addr,0.2352941176470588
108647,3541824,card_addr,0.0909090909090909
108647,3156994,card_addr,0.0909090909090909
108647,3314019,card_addr,0.0909090909090909
108647,3510402,card_addr,0.0909090909090909
108647,3157320,card_addr,0.0909090909090909
108647,3325928,card_addr,0.0909090909090909
108647,3505135,card_addr,0.0909090909090909
108647,3561487,card_addr,0.0909090909090909
108647,3498260,card_addr,0.0909090909090909
108647,3266325,card_addr,0.0909090909090909
108647,3157653,card_addr,0.0909090909090909
109344,3158208,card_addr,0.1111111111111111
109344,3481249,card_addr,0.1111111111111111
109344,3435299,card_addr,0.1111111111111111
109344,3219559,card_addr,0.1111111111111111
109344,3333064,card_addr,0.1111111111111111
109344,3263701,card_addr,0.1111111111111111
109344,3273752,card_addr,0.1111111111111111
109344,3218459,card_addr,0.1111111111111111
109344,3225724,card_addr,0.1111111111111111
109630,3299077,card_addr,0.125
109630,3233926,card_addr,0.125
109630,3320102,card_addr,0.125
109630,3268872,card_addr,0.125
109630,3158668,card_addr,0.125
109630,3171281,card_addr,0.125
109630,3327861,card_addr,0.125
109630,3509557,card_addr,0.125
110028,3510657,card_addr,0.4
110028,3159372,card_addr,0.4
110028,3379316,card_addr,0.4
110028,3375321,card_addr,0.4
110028,3534814,card_addr,0.4
110149,3300102,card_addr,0.1904761904761904
110149,3159568,card_addr,0.1904761904761904
110149,3516690,card_addr,0.1904761904761904
110149,3336595,card_addr,0.1904761904761904
110149,3421330,card_addr,0.1904761904761904
110149,3211413,card_addr,0.1904761904761904
110149,3397277,card_addr,0.1904761904761904
110149,3430561,card_addr,0.1904761904761904
110149,3397282,card_addr,0.1904761904761904
110149,3505193,card_addr,0.1904761904761904
110149,3567019,card_addr,0.1904761904761904
110149,3328694,card_addr,0.1904761904761904
110149,3399222,card_addr,0.1904761904761904
110149,3519801,card_addr,0.1904761904761904
110149,3464762,card_addr,0.1904761904761904
110149,3325526,card_addr,0.1904761904761904
110149,3447899,card_addr,0.1904761904761904
110149,3391218,card_addr,0.1904761904761904
110149,3273971,card_addr,0.1904761904761904
110149,3350391,card_addr,0.1904761904761904
110149,3327485,card_addr,0.1904761904761904
110854,3538176,card_addr,0.3333333333333333
110854,3497813,card_addr,0.3333333333333333
110854,3160773,card_addr,0.3333333333333333
110876,3364768,card_addr,0.6666666666666666
110876,3362049,card_addr,0.6666666666666666
110876,3160812,card_addr,0.6666666666666666
111884,3305447,card_addr,0.5
111884,3305448,card_addr,0.5
111884,3221323,card_addr,0.5
111884,3305452,card_addr,0.5
111884,3211598,card_addr,0.5
111884,3162524,card_addr,0.5
112349,3163304,card_addr,1.0
112349,3164381,card_addr,1.0
112349,3164398,card_addr,1.0
112454,3178639,card_addr,1.0
112454,3163475,card_addr,1.0
112454,3164454,card_addr,1.0
112454,3164455,card_addr,1.0
112893,3543432,card_addr,0.1052631578947368
112893,3498769,card_addr,0.1052631578947368
112893,3309081,card_addr,0.1052631578947368
112893,3257639,card_addr,0.1052631578947368
112893,3297447,card_addr,0.1052631578947368
112893,3164209,card_addr,0.1052631578947368
112893,3282484,card_addr,0.1052631578947368
112893,3309111,card_addr,0.1052631578947368
112893,3321913,card_addr,0.1052631578947368
112893,3441476,card_addr,0.1052631578947368
112893,3296326,card_addr,0.1052631578947368
112893,3208792,card_addr,0.1052631578947368
112893,3574361,card_addr,0.1052631578947368
112893,3330787,card_addr,0.1052631578947368
112893,3489380,card_addr,0.1052631578947368
112893,3477489,card_addr,0.1052631578947368
112893,3539188,card_addr,0.1052631578947368
112893,3265525,card_addr,0.1052631578947368
112893,3295998,card_addr,0.1052631578947368
113298,3462883,card_addr,0.1428571428571428
113298,3164905,card_addr,0.1428571428571428
113298,3347181,card_addr,0.1428571428571428
113298,3371502,card_addr,0.1428571428571428
113298,3189368,card_addr,0.1428571428571428
113298,3167737,card_addr,0.1428571428571428
113298,3363931,card_addr,0.1428571428571428
113368,3352192,card_addr,0.1818181818181818
113368,3418753,card_addr,0.1818181818181818
113368,3415818,card_addr,0.1818181818181818
113368,3230512,card_addr,0.1818181818181818
113368,3372592,card_addr,0.1818181818181818
113368,3372597,card_addr,0.1818181818181818
113368,3165014,card_addr,0.1818181818181818
113368,3372599,card_addr,0.1818181818181818
113368,3403317,card_addr,0.1818181818181818
113368,3230521,card_addr,0.1818181818181818
113368,3214907,card_addr,0.1818181818181818
113734,3494938,card_addr,0.3333333333333333
113734,3165651,card_addr,0.3333333333333333
113734,3315237,card_addr,0.3333333333333333
113991,3258401,device,0.7
113991,3258404,device,0.7
113991,3258342,device,0.7
113991,3258406,device,0.7
113991,3258351,device,0.7
113991,3258354,device,0.7
113991,3166068,device,0.7
113991,3258358,device,0.7
113991,3475003,device,0.7
113991,3231807,device,0.7
114969,3167761,card_addr,0.6666666666666666
114969,3167811,card_addr,0.6666666666666666
114969,3390020,card_addr,0.6666666666666666
115131,3241920,card_addr,0.4
115131,3468000,card_addr,0.4
115131,3528069,card_addr,0.4
115131,3521462,card_addr,0.4
115131,3168026,card_addr,0.4
115209,3168385,device,0.2222222222222222
115209,3485765,device,0.2222222222222222
115209,3168401,device,0.2222222222222222
115209,3168370,device,0.2222222222222222
115209,3452593,device,0.2222222222222222
115209,3168372,device,0.2222222222222222
115209,3464601,device,0.2222222222222222
115209,3168154,device,0.2222222222222222
115209,3168383,device,0.2222222222222222
116205,3340778,card_addr,0.25
116205,3182757,card_addr,0.25
116205,3169846,card_addr,0.25
116205,3547261,card_addr,0.25
116239,3571777,card_addr,0.6
116239,3259436,card_addr,0.6
116239,3169905,card_addr,0.6
116239,3558907,card_addr,0.6
116239,3299869,card_addr,0.6
116831,3440547,card_addr,0.1111111111111111
116831,3243813,card_addr,0.1111111111111111
116831,3261766,card_addr,0.1111111111111111
116831,3262412,card_addr,0.1111111111111111
116831,3418417,card_addr,0.1111111111111111
116831,3355186,card_addr,0.1111111111111111
116831,3475059,card_addr,0.1111111111111111
116831,3505619,card_addr,0.1111111111111111
116831,3170879,card_addr,0.1111111111111111
117161,3171680,card_addr,0.6666666666666666
117161,3279846,card_addr,0.6666666666666666
117161,3215785,card_addr,0.6666666666666666
117161,3171406,card_addr,0.6666666666666666
117161,3171408,card_addr,0.6666666666666666
117161,3172020,card_addr,0.6666666666666666
118612,3348065,card_addr,0.0714285714285714
118612,3173890,card_addr,0.0714285714285714
118612,3352225,card_addr,0.0714285714285714
118612,3408004,card_addr,0.0714285714285714
118612,3381477,card_addr,0.0714285714285714
118612,3281990,card_addr,0.0714285714285714
118612,3477193,card_addr,0.0714285714285714
118612,3277738,card_addr,0.0714285714285714
118612,3510091,card_addr,0.0714285714285714
118612,3432464,card_addr,0.0714285714285714
118612,3405297,card_addr,0.0714285714285714
118612,3408019,card_addr,0.0714285714285714
118612,3394042,card_addr,0.0714285714285714
118612,3235807,card_addr,0.0714285714285714
119424,3251394,card_addr,0.0833333333333333
119424,3261734,card_addr,0.0833333333333333
119424,3205899,card_addr,0.0833333333333333
119424,3251404,card_addr,0.0833333333333333
119424,3356524,card_addr,0.0833333333333333
119424,3392461,card_addr,0.0833333333333333
119424,3251408,card_addr,0.0833333333333333
119424,3457587,card_addr,0.0833333333333333
119424,3175220,card_addr,0.0833333333333333
119424,3251444,card_addr,0.0833333333333333
119424,3294743,card_addr,0.0833333333333333
119424,3200441,card_addr,0.0833333333333333
119731,3458430,card_addr,0.1111111111111111
119731,3175747,card_addr,0.1111111111111111
119731,3175748,card_addr,0.1111111111111111
119731,3491912,card_addr,0.1111111111111111
119731,3304298,card_addr,0.1111111111111111
119731,3400877,card_addr,0.1111111111111111
119731,3175759,card_addr,0.1111111111111111
119731,3419759,card_addr,0.1111111111111111
119731,3423550,card_addr,0.1111111111111111
119828,3247077,card_addr,0.125
119828,3433702,card_addr,0.125
119828,3420935,card_addr,0.125
119828,3176619,card_addr,0.125
119828,3464076,card_addr,0.125
119828,3202797,card_addr,0.125
119828,3176598,card_addr,0.125
119828,3175932,card_addr,0.125
119854,3373058,card_addr,0.0714285714285714
119854,3325605,card_addr,0.0714285714285714
119854,3423592,card_addr,0.0714285714285714
119854,3175977,card_addr,0.0714285714285714
119854,3352490,card_addr,0.0714285714285714
119854,3533387,card_addr,0.0714285714285714
119854,3332332,card_addr,0.0714285714285714
119854,3300589,card_addr,0.0714285714285714
119854,3347506,card_addr,0.0714285714285714
119854,3540247,card_addr,0.0714285714285714
119854,3450136,card_addr,0.0714285714285714
119854,3514012,card_addr,0.0714285714285714
119854,3279261,card_addr,0.0714285714285714
119854,3293502,card_addr,0.0714285714285714
119971,3539171,card_addr,0.625
119971,3398053,card_addr,0.625
119971,3176174,card_addr,0.625
119971,3176273,card_addr,0.625
119971,3362898,card_addr,0.625
119971,3429363,card_addr,0.625
119971,3176244,card_addr,0.625
119971,3427157,card_addr,0.625
120981,3249088,card_addr,0.25
120981,3178025,card_addr,0.25
120981,3177915,card_addr,0.25
120981,3458547,card_addr,0.25
122622,3330180,card_addr,0.2222222222222222
122622,3333642,card_addr,0.2222222222222222
122622,3419147,card_addr,0.2222222222222222
122622,3341585,card_addr,0.2222222222222222
122622,3513110,card_addr,0.2222222222222222
122622,3236768,card_addr,0.2222222222222222
122622,3222817,card_addr,0.2222222222222222
122622,3493297,card_addr,0.2222222222222222
122622,3377972,card_addr,0.2222222222222222
122622,3331126,card_addr,0.2222222222222222
122622,3369142,card_addr,0.2222222222222222
122622,3331131,card_addr,0.2222222222222222
122622,3236798,card_addr,0.2222222222222222
122622,3420607,card_addr,0.2222222222222222
122622,3516863,card_addr,0.2222222222222222
122622,3259467,card_addr,0.2222222222222222
122622,3331019,card_addr,0.2222222222222222
122622,3390030,card_addr,0.2222222222222222
122622,3180623,card_addr,0.2222222222222222
122622,3516879,card_addr,0.2222222222222222
122622,3204441,card_addr,0.2222222222222222
122622,3331163,card_addr,0.2222222222222222
122622,3331036,card_addr,0.2222222222222222
122622,3316699,card_addr,0.2222222222222222
122622,3294300,card_addr,0.2222222222222222
122622,3317476,card_addr,0.2222222222222222
122622,3350764,card_addr,0.2222222222222222
122819,3459939,card_addr,0.5
122819,3180963,card_addr,0.5
122819,3459943,card_addr,0.5
122819,3461003,card_addr,0.5
122819,3223796,card_addr,0.5
122819,3570677,card_addr,0.5
122819,3460054,card_addr,0.5
122819,3180958,card_addr,0.5
123788,3182650,card_addr,1.0
123788,3184541,card_addr,1.0
123788,3182671,card_addr,1.0
123881,3329445,card_addr,0.25
123881,3514732,card_addr,0.25
123881,3281069,card_addr,0.25
123881,3329490,card_addr,0.25
123881,3487604,card_addr,0.25
123881,3254103,card_addr,0.25
123881,3182807,card_addr,0.25
123881,3254108,card_addr,0.25
123997,3312641,card_addr,0.3571428571428571
123997,3501731,card_addr,0.3571428571428571
123997,3193284,card_addr,0.3571428571428571
123997,3544394,card_addr,0.3571428571428571
123997,3183307,card_addr,0.3571428571428571
123997,3524110,card_addr,0.3571428571428571
123997,3544367,card_addr,0.3571428571428571
123997,3381424,card_addr,0.3571428571428571
123997,3202449,card_addr,0.3571428571428571
123997,3544369,card_addr,0.3571428571428571
123997,3562684,card_addr,0.3571428571428571
123997,3183004,card_addr,0.3571428571428571
123997,3185886,card_addr,0.3571428571428571
123997,3334655,card_addr,0.3571428571428571
124726,3184322,card_addr,1.0
124726,3188910,card_addr,1.0
124726,3184276,card_addr,1.0
124726,3184245,card_addr,1.0
124726,3184277,card_addr,1.0
124726,3184279,card_addr,1.0
124726,3184281,card_addr,1.0
124803,3208194,card_addr,0.1666666666666666
124803,3436579,card_addr,0.1666666666666666
124803,3263704,card_addr,0.1666666666666666
124803,3570812,card_addr,0.1666666666666666
124803,3273533,card_addr,0.1666666666666666
124803,3184382,card_addr,0.1666666666666666
125761,3186018,card_addr,0.25
125761,3186024,card_addr,0.25
125761,3553517,card_addr,0.25
125761,3554989,card_addr,0.25
125761,3556693,card_addr,0.25
125761,3290585,card_addr,0.25
125761,3555006,card_addr,0.25
125761,3556671,card_addr,0.25
125772,3326977,card_addr,0.8823529411764706
125772,3192349,card_addr,0.8823529411764706
125772,3282662,card_addr,0.8823529411764706
125772,3378559,card_addr,0.8823529411764706
125772,3192361,card_addr,0.8823529411764706
125772,3289642,card_addr,0.8823529411764706
125772,3215694,card_addr,0.8823529411764706
125772,3378554,card_addr,0.8823529411764706
125772,3238833,card_addr,0.8823529411764706
125772,3242418,card_addr,0.8823529411764706
125772,3276626,card_addr,0.8823529411764706
125772,3186039,card_addr,0.8823529411764706
125772,3237273,card_addr,0.8823529411764706
125772,3316666,card_addr,0.8823529411764706
125772,3190779,card_addr,0.8823529411764706
125772,3192445,card_addr,0.8823529411764706
125772,3253305,card_addr,0.8823529411764706
127693,3192481,card_addr,0.2857142857142857
127693,3189250,card_addr,0.2857142857142857
127693,3544129,card_addr,0.2857142857142857
127693,3544131,card_addr,0.2857142857142857
127693,3544142,card_addr,0.2857142857142857
127693,3544116,card_addr,0.2857142857142857
127693,3239480,card_addr,0.2857142857142857
128009,3367113,card_addr,0.4
128009,3237931,card_addr,0.4
128009,3189782,card_addr,0.4
128009,3207865,card_addr,0.4
128009,3237916,card_addr,0.4
128290,3191162,card_addr,1.0
128290,3190259,card_addr,1.0
128290,3193997,card_addr,1.0
128442,3336905,card_addr,0.6666666666666666
128442,3269354,card_addr,0.6666666666666666
128442,3340308,card_addr,0.6666666666666666
128442,3317173,card_addr,0.6666666666666666
128442,3190518,card_addr,0.6666666666666666
128442,3190522,card_addr,0.6666666666666666
128686,3521772,card_addr,0.3333333333333333
128686,3191300,card_addr,0.3333333333333333
128686,3190949,card_addr,0.3333333333333333
129207,3442025,card_addr,0.25
129207,3191810,card_addr,0.25
129207,3576827,card_addr,0.25
129207,3524821,card_addr,0.25
132343,3567280,card_addr,0.6666666666666666
132343,3566862,card_addr,0.6666666666666666
132343,3196983,card_addr,0.6666666666666666
132593,3197385,device,0.25
132593,3311515,device,0.25
132593,3352297,device,0.25
132593,3390597,device,0.25
132937,3253881,card_addr,0.3333333333333333
132937,3502635,card_addr,0.3333333333333333
132937,3197967,card_addr,0.3333333333333333
133206,3520260,card_addr,0.1111111111111111
133206,3214095,card_addr,0.1111111111111111
133206,3409808,card_addr,0.1111111111111111
133206,3434800,card_addr,0.1111111111111111
133206,3393363,card_addr,0.1111111111111111
133206,3333332,card_addr,0.1111111111111111
133206,3309017,card_addr,0.1111111111111111
133206,3256859,card_addr,0.1111111111111111
133206,3198428,card_addr,0.1111111111111111
133277,3252193,card_addr,1.0
133277,3249734,card_addr,1.0
133277,3252202,card_addr,1.0
133277,3250893,card_addr,1.0
133277,3204206,card_addr,1.0
133277,3251118,card_addr,1.0
133277,3249328,card_addr,1.0
133277,3250046,card_addr,1.0
133277,3200789,card_addr,1.0
133277,3250741,card_addr,1.0
133277,3251285,card_addr,1.0
133277,3231192,card_addr,1.0
133277,3250074,card_addr,1.0
133277,3215229,card_addr,1.0
133277,3198558,card_addr,1.0
134026,3496800,card_addr,0.125
134026,3443297,card_addr,0.125
134026,3329250,card_addr,0.125
134026,3392612,card_addr,0.125
134026,3496998,card_addr,0.125
134026,3365640,card_addr,0.125
134026,3403720,card_addr,0.125
134026,3360972,card_addr,0.125
134026,3491853,card_addr,0.125
134026,3505773,card_addr,0.125
134026,3199887,card_addr,0.125
134026,3493199,card_addr,0.125
134026,3487283,card_addr,0.125
134026,3472822,card_addr,0.125
134026,3270648,card_addr,0.125
134026,3430782,card_addr,0.125
134624,3365733,card_addr,0.25
134624,3309874,card_addr,0.25
134624,3200923,card_addr,0.25
134624,3345165,card_addr,0.25
134951,3485768,card_addr,0.3333333333333333
134951,3345905,card_addr,0.3333333333333333
134951,3201518,card_addr,0.3333333333333333
135015,3500000,card_addr,0.125
135015,3201633,card_addr,0.125
135015,3294979,card_addr,0.125
135015,3497475,card_addr,0.125
135015,3212651,card_addr,0.125
135015,3517364,card_addr,0.125
135015,3313531,card_addr,0.125
135015,3389405,card_addr,0.125
135920,3540291,card_addr,0.5
135920,3333797,card_addr,0.5
135920,3314502,card_addr,0.5
135920,3333357,card_addr,0.5
135920,3337360,card_addr,0.5
135920,3203220,card_addr,0.5
135920,3333946,card_addr,0.5
135920,3374013,card_addr,0.5
136339,3204964,card_addr,1.0
136339,3204868,card_addr,1.0
136339,3212167,card_addr,1.0
136339,3206473,card_addr,1.0
136339,3203914,card_addr,1.0
136339,3206926,card_addr,1.0
136339,3206486,card_addr,1.0
136339,3212152,card_addr,1.0
136339,3206905,card_addr,1.0
136339,3262588,card_addr,1.0
137072,3446947,card_addr,0.75
137072,3207509,card_addr,0.75
137072,3205150,card_addr,0.75
137072,3207343,card_addr,0.75
137558,3421440,device,0.625
137558,3421445,device,0.625
137558,3421450,device,0.625
137558,3421454,device,0.625
137558,3205971,device,0.625
137558,3285400,device,0.625
137558,3252473,device,0.625
137558,3421437,device,0.625
137757,3206401,device,0.9090909090909092
137757,3206467,device,0.9090909090909092
137757,3206532,device,0.9090909090909092
137757,3206312,device,0.9090909090909092
137757,3206415,device,0.9090909090909092
137757,3206355,device,0.9090909090909092
137757,3206421,device,0.9090909090909092
137757,3206424,device,0.9090909090909092
137757,3206457,device,0.9090909090909092
137757,3356123,device,0.9090909090909092
137757,3206428,device,0.9090909090909092
137861,3206496,card_addr,0.25
137861,3550890,card_addr,0.25
137861,3545412,card_addr,0.25
137861,3533192,card_addr,0.25
140758,3211455,card_addr,1.0
140758,3211430,card_addr,1.0
140758,3211415,card_addr,1.0
140840,3214536,card_addr,1.0
140840,3223643,card_addr,1.0
140840,3212907,card_addr,1.0
140840,3214539,card_addr,1.0
140840,3213359,card_addr,1.0
140840,3211543,card_addr,1.0
140840,3239896,card_addr,1.0
140840,3211579,card_addr,1.0
142188,3213888,device,0.3
142188,3404547,device,0.3
142188,3558308,device,0.3
142188,3429869,device,0.3
142188,3451376,device,0.3
142188,3464849,device,0.3
142188,3269234,device,0.3
142188,3423507,device,0.3
142188,3448181,device,0.3
142188,3423512,device,0.3
142581,3352936,card_addr,0.3333333333333333
142581,3375225,card_addr,0.3333333333333333
142581,3214498,card_addr,0.3333333333333333
142644,3346816,device,0.5714285714285714
142644,3571024,device,0.5714285714285714
142644,3341144,device,0.5714285714285714
142644,3214614,device,0.5714285714285714
142644,3214615,device,0.5714285714285714
142644,3214616,device,0.5714285714285714
142644,3214618,device,0.5714285714285714
142740,3256684,card_addr,0.6666666666666666
142740,3214782,card_addr,0.6666666666666666
142740,3214783,card_addr,0.6666666666666666
143970,3559169,device,0.3382352941176471
143970,3567874,device,0.3382352941176471
143970,3290371,device,0.3382352941176471
143970,3567871,device,0.3382352941176471
143970,3393414,device,0.3382352941176471
143970,3518854,device,0.3382352941176471
143970,3216904,device,0.3382352941176471
143970,3447304,device,0.3382352941176471
143970,3379722,device,0.3382352941176471
143970,3451539,device,0.3382352941176471
143970,3266324,device,0.3382352941176471
143970,3316373,device,0.3382352941176471
143970,3548947,device,0.3382352941176471
143970,3453719,device,0.3382352941176471
143970,3544087,device,0.3382352941176471
143970,3266329,device,0.3382352941176471
143970,3492764,device,0.3382352941176471
143970,3563297,device,0.3382352941176471
143970,3478051,device,0.3382352941176471
143970,3559718,device,0.3382352941176471
143970,3389225,device,0.3382352941176471
143970,3216939,device,0.3382352941176471
143970,3563307,device,0.3382352941176471
143970,3563309,device,0.3382352941176471
143970,3275694,device,0.3382352941176471
143970,3357231,device,0.3382352941176471
143970,3473201,device,0.3382352941176471
143970,3559218,device,0.3382352941176471
143970,3509813,device,0.3382352941176471
143970,3457846,device,0.3382352941176471
143970,3488695,device,0.3382352941176471
143970,3527991,device,0.3382352941176471
143970,3390267,device,0.3382352941176471
143970,3577534,device,0.3382352941176471
143970,3559105,device,0.3382352941176471
143970,3565377,device,0.3382352941176471
143970,3567683,device,0.3382352941176471
143970,3538759,device,0.3382352941176471
143970,3567687,device,0.3382352941176471
143970,3374025,device,0.3382352941176471
143970,3559114,device,0.3382352941176471
143970,3565388,device,0.3382352941176471
143970,3266381,device,0.3382352941176471
143970,3394510,device,0.3382352941176471
143970,3523791,device,0.3382352941176471
143970,3528784,device,0.3382352941176471
143970,3266385,device,0.3382352941176471
143970,3559118,device,0.3382352941176471
143970,3440979,device,0.3382352941176471
143970,3528788,device,0.3382352941176471
143970,3531603,device,0.3382352941176471
143970,3558996,device,0.3382352941176471
143970,3559133,device,0.3382352941176471
143970,3522398,device,0.3382352941176471
143970,3540706,device,0.3382352941176471
143970,3564514,device,0.3382352941176471
143970,3245669,device,0.3382352941176471
143970,3459686,device,0.3382352941176471
143970,3462373,device,0.3382352941176471
143970,3257577,device,0.3382352941176471
143970,3271787,device,0.3382352941176471
143970,3420908,device,0.3382352941176471
143970,3271792,device,0.3382352941176471
143970,3524465,device,0.3382352941176471
143970,3459698,device,0.3382352941176471
143970,3394931,device,0.3382352941176471
143970,3464830,device,0.3382352941176471
143970,3464831,device,0.3382352941176471
144204,3218577,card_addr,1.0
144204,3217298,card_addr,1.0
144204,3248276,card_addr,1.0
144204,3248322,card_addr,1.0
145079,3341873,card_addr,0.25
145079,3421215,card_addr,0.25
145079,3491849,card_addr,0.25
145079,3218655,card_addr,0.25
145145,3218754,card_addr,0.4285714285714285
145145,3260934,card_addr,0.4285714285714285
145145,3259918,card_addr,0.4285714285714285
145145,3565550,card_addr,0.4285714285714285
145145,3274298,card_addr,0.4285714285714285
145145,3259934,card_addr,0.4285714285714285
145145,3265247,card_addr,0.4285714285714285
145737,3500069,card_addr,0.5555555555555556
145737,3219718,card_addr,0.5555555555555556
145737,3249671,card_addr,0.5555555555555556
145737,3249579,card_addr,0.5555555555555556
145737,3244974,card_addr,0.5555555555555556
145737,3249681,card_addr,0.5555555555555556
145737,3249587,card_addr,0.5555555555555556
145737,3249461,card_addr,0.5555555555555556
145737,3500157,card_addr,0.5555555555555556
147661,3228872,card_addr,1.0
147661,3222769,card_addr,1.0
147661,3223341,card_addr,1.0
147904,3361529,card_addr,0.6666666666666666
147904,3223147,card_addr,0.6666666666666666
147904,3223175,card_addr,0.6666666666666666
148214,3258727,device,0.125
148214,3492745,device,0.125
148214,3252395,device,0.125
148214,3510485,device,0.125
148214,3223670,device,0.125
148214,3320119,device,0.125
148214,3283833,device,0.125
148214,3387930,device,0.125
148255,3430548,card_addr,0.6666666666666666
148255,3223732,card_addr,0.6666666666666666
148255,3240517,card_addr,0.6666666666666666
149393,3242640,card_addr,0.3333333333333333
149393,3324160,card_addr,0.3333333333333333
149393,3225566,card_addr,0.3333333333333333
149690,3227201,device,0.8333333333333334
149690,3303493,device,0.8333333333333334
149690,3227209,device,0.8333333333333334
149690,3226036,device,0.8333333333333334
149690,3227194,device,0.8333333333333334
149690,3226042,device,0.8333333333333334
150002,3226512,card_addr,0.75
150002,3387193,card_addr,0.75
150002,3387266,card_addr,0.75
150002,3387200,card_addr,0.75
150259,3313024,card_addr,0.2
150259,3517446,card_addr,0.2
150259,3226925,card_addr,0.2
150259,3416020,card_addr,0.2
150259,3399190,card_addr,0.2
151574,3336360,card_addr,0.6666666666666666
151574,3229107,card_addr,0.6666666666666666
151574,3384694,card_addr,0.6666666666666666
152177,3499512,card_addr,0.3333333333333333
152177,3420370,card_addr,0.3333333333333333
152177,3230053,card_addr,0.3333333333333333
152243,3230168,card_addr,0.25
152243,3294104,card_addr,0.25
152243,3313662,card_addr,0.25
152243,3359351,card_addr,0.25
153286,3249376,card_addr,0.5
153286,3535626,card_addr,0.5
153286,3262461,card_addr,0.5
153286,3231823,card_addr,0.5
155623,3235750,card_addr,0.4
155623,3369354,card_addr,0.4
155623,3553772,card_addr,0.4
155623,3235736,card_addr,0.4
155623,3462939,card_addr,0.4
155792,3256392,card_addr,1.0
155792,3260603,card_addr,1.0
155792,3236019,card_addr,1.0
155792,3260573,card_addr,1.0
156671,3237536,card_addr,0.4
156671,3264995,card_addr,0.4
156671,3395340,card_addr,0.4
156671,3260405,card_addr,0.4
156671,3257660,card_addr,0.4
157027,3468420,card_addr,0.75
157027,3485320,card_addr,0.75
157027,3557642,card_addr,0.75
157027,3238158,card_addr,0.75
157027,3468947,card_addr,0.75
157027,3485332,card_addr,0.75
157027,3468923,card_addr,0.75
157027,3469535,card_addr,0.75
157441,3238857,card_addr,0.6666666666666666
157441,3426018,card_addr,0.6666666666666666
157441,3238854,card_addr,0.6666666666666666
157500,3424005,card_addr,0.0909090909090909
157500,3466502,card_addr,0.0909090909090909
157500,3527430,card_addr,0.0909090909090909
157500,3505804,card_addr,0.0909090909090909
157500,3324685,card_addr,0.0909090909090909
157500,3268878,card_addr,0.0909090909090909
157500,3408528,card_addr,0.0909090909090909
157500,3254545,card_addr,0.0909090909090909
157500,3493904,card_addr,0.0909090909090909
157500,3476250,card_addr,0.0909090909090909
157500,3560858,card_addr,0.0909090909090909
157500,3328796,card_addr,0.0909090909090909
157500,3271453,card_addr,0.0909090909090909
157500,3283358,card_addr,0.0909090909090909
157500,3273247,card_addr,0.0909090909090909
157500,3268255,card_addr,0.0909090909090909
157500,3273254,card_addr,0.0909090909090909
157500,3276328,card_addr,0.0909090909090909
157500,3238960,card_addr,0.0909090909090909
157500,3294520,card_addr,0.0909090909090909
157500,3372089,card_addr,0.0909090909090909
157500,3439544,card_addr,0.0909090909090909
157500,3426107,card_addr,0.0909090909090909
157500,3294160,card_addr,0.0909090909090909
157500,3271125,card_addr,0.0909090909090909
157500,3460053,card_addr,0.0909090909090909
157500,3269337,card_addr,0.0909090909090909
157500,3426265,card_addr,0.0909090909090909
157500,3271658,card_addr,0.0909090909090909
157500,3274224,card_addr,0.0909090909090909
157500,3345013,card_addr,0.0909090909090909
157500,3371256,card_addr,0.0909090909090909
157500,3269754,card_addr,0.0909090909090909
158235,3340256,card_addr,0.7777777777777778
158235,3240197,card_addr,0.7777777777777778
158235,3332486,card_addr,0.7777777777777778
158235,3481799,card_addr,0.7777777777777778
158235,3337736,card_addr,0.7777777777777778
158235,3349239,card_addr,0.7777777777777778
158235,3481810,card_addr,0.7777777777777778
158235,3427670,card_addr,0.7777777777777778
158235,3240247,card_addr,0.7777777777777778
158438,3488733,device,0.75
158438,3432449,device,0.75
158438,3240538,device,0.75
158438,3432333,device,0.75
158939,3241385,card_addr,1.0
158939,3241387,card_addr,1.0
158939,3241388,card_addr,1.0
159892,3348100,device,0.6
159892,3410214,device,0.6
159892,3328976,device,0.6
159892,3243093,device,0.6
159892,3348089,device,0.6
160364,3392050,card_addr,0.4
160364,3243891,card_addr,0.4
160364,3420693,card_addr,0.4
160364,3489048,card_addr,0.4
160364,3420569,card_addr,0.4
160539,3245145,card_addr,1.0
160539,3244770,card_addr,1.0
160539,3245190,card_addr,1.0
160539,3244166,card_addr,1.0
161077,3408582,card_addr,0.2
161077,3408557,card_addr,0.2
161077,3408590,card_addr,0.2
161077,3245137,card_addr,0.2
161077,3363764,card_addr,0.2
162141,3548489,card_addr,0.6666666666666666
162141,3246913,card_addr,0.6666666666666666
162141,3548496,card_addr,0.6666666666666666
162630,3305473,device,0.5
162630,3305890,device,0.5
162630,3305479,device,0.5
162630,3247752,device,0.5
162630,3247755,device,0.5
162630,3305455,device,0.5
162630,3247760,device,0.5
162630,3313647,device,0.5
162630,3247799,device,0.5
162630,3247966,device,0.5
163779,3249731,card_addr,1.0
163779,3249789,card_addr,1.0
163779,3253319,card_addr,1.0
163779,3249853,card_addr,1.0
164117,3250274,card_addr,0.3333333333333333
164117,3258110,card_addr,0.3333333333333333
164117,3250278,card_addr,0.3333333333333333
165805,3253128,card_addr,0.3333333333333333
165805,3442018,card_addr,0.3333333333333333
165805,3439900,card_addr,0.3333333333333333
167986,3576580,card_addr,0.2
167986,3311247,card_addr,0.2
167986,3493968,card_addr,0.2
167986,3568627,card_addr,0.2
167986,3256895,card_addr,0.2
168117,3302105,card_addr,0.6666666666666666
168117,3257171,card_addr,0.6666666666666666
168117,3257131,card_addr,0.6666666666666666
168215,3461889,card_addr,0.2
168215,3289355,card_addr,0.2
168215,3465976,card_addr,0.2
168215,3257297,card_addr,0.2
168215,3349395,card_addr,0.2
168215,3323957,card_addr,0.2
168215,3429269,card_addr,0.2
168215,3492471,card_addr,0.2
168215,3429240,card_addr,0.2
168215,3319356,card_addr,0.2
170337,3261116,card_addr,0.8
170337,3279783,card_addr,0.8
170337,3444937,card_addr,0.8
170337,3463434,card_addr,0.8
170337,3453660,card_addr,0.8
170833,3338144,card_addr,0.6875
170833,3388418,card_addr,0.6875
170833,3304964,card_addr,0.6875
170833,3354948,card_addr,0.6875
170833,3353862,card_addr,0.6875
170833,3353927,card_addr,0.6875
170833,3398167,card_addr,0.6875
170833,3353641,card_addr,0.6875
170833,3367081,card_addr,0.6875
170833,3354351,card_addr,0.6875
170833,3338097,card_addr,0.6875
170833,3335575,card_addr,0.6875
170833,3261976,card_addr,0.6875
170833,3354935,card_addr,0.6875
170833,3353784,card_addr,0.6875
170833,3354175,card_addr,0.6875
171451,3492073,card_addr,0.2
171451,3263120,card_addr,0.2
171451,3563452,card_addr,0.2
171451,3492062,card_addr,0.2
171451,3492031,card_addr,0.2
174170,3486624,card_addr,0.0833333333333333
174170,3501400,card_addr,0.0833333333333333
174170,3459973,card_addr,0.0833333333333333
174170,3271398,card_addr,0.0833333333333333
174170,3458983,card_addr,0.0833333333333333
174170,3321065,card_addr,0.0833333333333333
174170,3458988,card_addr,0.0833333333333333
174170,3399564,device,0.0833333333333333
174170,3267699,card_addr,0.0833333333333333
174170,3572756,card_addr+device,0.0833333333333333
174170,3358872,card_addr,0.0833333333333333
174170,3395295,card_addr,0.0833333333333333
174534,3268339,card_addr,1.0
174534,3268340,card_addr,1.0
174534,3279678,card_addr,1.0
174900,3269021,card_addr,1.0
174900,3291966,card_addr,1.0
174900,3291959,card_addr,1.0
175734,3391921,card_addr,0.25
175734,3270490,card_addr,0.25
175734,3514187,card_addr,0.25
175734,3391935,card_addr,0.25
175743,3271776,card_addr,1.0
175743,3272163,card_addr,1.0
175743,3271685,card_addr,1.0
175743,3270505,card_addr,1.0
175743,3271626,card_addr,1.0
175743,3272393,card_addr,1.0
175743,3272541,card_addr,1.0
175743,3272778,card_addr,1.0
175743,3272535,card_addr,1.0
175743,3431785,card_addr,1.0
175743,3271698,card_addr,1.0
175743,3271703,card_addr,1.0
175743,3271796,card_addr,1.0
175743,3271223,card_addr,1.0
175743,3271706,card_addr,1.0
175743,3272157,card_addr,1.0
175743,3272382,card_addr,1.0
175920,3429572,card_addr,0.7142857142857143
175920,3429573,card_addr,0.7142857142857143
175920,3428330,card_addr,0.7142857142857143
175920,3429579,card_addr,0.7142857142857143
175920,3429581,card_addr,0.7142857142857143
175920,3526613,card_addr,0.7142857142857143
175920,3270808,card_addr,0.7142857142857143
176024,3538405,card_addr,0.4444444444444444
176024,3270985,card_addr,0.4444444444444444
176024,3281808,card_addr,0.4444444444444444
176024,3287729,card_addr,0.4444444444444444
176024,3418100,card_addr,0.4444444444444444
176024,3280437,card_addr,0.4444444444444444
176024,3433429,card_addr,0.4444444444444444
176024,3287735,card_addr,0.4444444444444444
176024,3565530,card_addr,0.4444444444444444
177495,3273454,device,0.5
177495,3558383,device,0.5
177495,3565011,device,0.5
177495,3418901,device,0.5
177495,3284023,device,0.5
177495,3284027,device,0.5
179069,3571635,device,0.25
179069,3276490,device,0.25
179069,3567467,device,0.25
179069,3276133,device,0.25
179924,3277696,device,0.1666666666666666
179924,3406564,device,0.1666666666666666
179924,3277702,device,0.1666666666666666
179924,3282739,device,0.1666666666666666
179924,3277652,device,0.1666666666666666
179924,3406653,device,0.1666666666666666
181888,3481163,card_addr,1.0
181888,3281005,card_addr,1.0
181888,3490654,card_addr,1.0
181888,3490663,card_addr,1.0
182751,3398666,device,0.3157894736842105
182751,3405578,device,0.3157894736842105
182751,3541386,device,0.3157894736842105
182751,3328535,device,0.3157894736842105
182751,3401757,device,0.3157894736842105
182751,3364658,device,0.3157894736842105
182751,3421747,device,0.3157894736842105
182751,3364660,device,0.3157894736842105
182751,3364661,device,0.3157894736842105
182751,3443135,device,0.3157894736842105
182751,3416904,device,0.3157894736842105
182751,3416909,device,0.3157894736842105
182751,3416910,device,0.3157894736842105
182751,3396314,device,0.3157894736842105
182751,3546216,device,0.3157894736842105
182751,3546230,device,0.3157894736842105
182751,3282552,device,0.3157894736842105
182751,3282556,device,0.3157894736842105
182751,3423229,device,0.3157894736842105
182941,3539746,device,0.8235294117647058
182941,3491845,device,0.8235294117647058
182941,3539877,device,0.8235294117647058
182941,3554758,device,0.8235294117647058
182941,3407848,device,0.8235294117647058
182941,3407849,device,0.8235294117647058
182941,3464873,device,0.8235294117647058
182941,3284875,device,0.8235294117647058
182941,3407851,device,0.8235294117647058
182941,3407853,device,0.8235294117647058
182941,3282894,device,0.8235294117647058
182941,3284879,device,0.8235294117647058
182941,3407854,device,0.8235294117647058
182941,3407855,device,0.8235294117647058
182941,3284882,device,0.8235294117647058
182941,3407857,device,0.8235294117647058
182941,3464875,device,0.8235294117647058
183356,3284100,card_addr,0.9411764705882352
183356,3467910,card_addr,0.9411764705882352
183356,3474086,card_addr,0.9411764705882352
183356,3284200,card_addr,0.9411764705882352
183356,3469800,card_addr,0.9411764705882352
183356,3467101,card_addr,0.9411764705882352
183356,3385166,card_addr,0.9411764705882352
183356,3288526,card_addr,0.9411764705882352
183356,3467124,card_addr,0.9411764705882352
183356,3470996,card_addr,0.9411764705882352
183356,3467103,card_addr,0.9411764705882352
183356,3467126,card_addr,0.9411764705882352
183356,3283672,card_addr,0.9411764705882352
183356,3472468,card_addr,0.9411764705882352
183356,3469852,card_addr,0.9411764705882352
183356,3466781,card_addr,0.9411764705882352
183356,3466335,card_addr,0.9411764705882352
183421,3283848,device,1.0
183421,3283825,device,1.0
183421,3283786,device,1.0
183421,3283838,device,1.0
183569,3284138,card_addr,0.2
183569,3499186,card_addr,0.2
183569,3531352,card_addr,0.2
183569,3480315,card_addr,0.2
183569,3284063,card_addr,0.2
183905,3469587,card_addr,0.75
183905,3284627,card_addr,0.75
183905,3464518,card_addr,0.75
183905,3458959,card_addr,0.75
184084,3284898,card_addr,0.5454545454545454
184084,3339620,card_addr,0.5454545454545454
184084,3408967,card_addr,0.5454545454545454
184084,3299849,card_addr,0.5454545454545454
184084,3351723,card_addr,0.5454545454545454
184084,3438444,card_addr,0.5454545454545454
184084,3438445,card_addr,0.5454545454545454
184084,3560941,card_addr,0.5454545454545454
184084,3389904,card_addr,0.5454545454545454
184084,3438450,card_addr,0.5454545454545454
184084,3299827,card_addr,0.5454545454545454
184732,3305411,card_addr,0.2
184732,3344772,card_addr,0.2
184732,3286015,card_addr,0.2
184732,3397117,card_addr,0.2
184732,3377567,card_addr,0.2
184803,3385930,card_addr,0.9
184803,3349199,card_addr,0.9
184803,3286133,card_addr,0.9
184803,3384598,card_addr,0.9
184803,3349305,card_addr,0.9
184803,3395481,card_addr,0.9
184803,3392511,card_addr,0.9
184803,3395452,card_addr,0.9
184803,3389437,card_addr,0.9
184803,3349247,card_addr,0.9
185074,3412396,card_addr,0.3333333333333333
185074,3525965,card_addr,0.3333333333333333
185074,3408658,card_addr,0.3333333333333333
185074,3542580,card_addr,0.3333333333333333
185074,3377174,card_addr,0.3333333333333333
185074,3286650,card_addr,0.3333333333333333
185122,3286737,device,0.5
185122,3394634,device,0.5
185122,3286749,device,0.5
185122,3376903,device,0.5
186375,3290383,device,1.0
186375,3290387,device,1.0
186375,3288983,device,1.0
186375,3380248,device,1.0
186375,3288985,device,1.0
186375,3290394,device,1.0
186375,3288986,device,1.0
186375,3288987,device,1.0
186375,3288988,device,1.0
186375,3288989,device,1.0
186375,3288991,device,1.0
186375,3290404,device,1.0
186375,3290412,device,1.0
186375,3290414,device,1.0
186375,3383086,device,1.0
186375,3383091,device,1.0
186375,3383092,device,1.0
186375,3383093,device,1.0
186375,3380414,device,1.0
186375,3380415,device,1.0
186375,3380419,device,1.0
186375,3358283,device,1.0
186375,3380301,device,1.0
186375,3380306,device,1.0
186375,3290341,device,1.0
186375,3290347,device,1.0
186375,3290475,device,1.0
186375,3295853,device,1.0
186375,3290478,device,1.0
186375,3290353,device,1.0
186375,3290481,device,1.0
186375,3290486,device,1.0
186375,3290491,device,1.0
186375,3290494,device,1.0
187317,3337220,card_addr,1.0
187317,3291877,card_addr,1.0
187317,3337198,card_addr,1.0
187317,3291896,card_addr,1.0
187317,3330451,card_addr,1.0
187317,3339349,card_addr,1.0
187317,3290648,card_addr,1.0
187317,3337278,card_addr,1.0
187886,3296100,card_addr,0.6666666666666666
187886,3291636,card_addr,0.6666666666666666
187886,3461637,card_addr,0.6666666666666666
187993,3574946,card_addr,0.5
187993,3575001,card_addr,0.5
187993,3402826,card_addr,0.5
187993,3291843,card_addr,0.5
188517,3321127,card_addr,1.0
188517,3323545,card_addr,1.0
188517,3292726,card_addr,1.0
188517,3330905,card_addr,1.0
188517,3297597,card_addr,1.0
190928,3296838,card_addr,1.0
190928,3296843,card_addr,1.0
190928,3296844,card_addr,1.0
190928,3296851,card_addr,1.0
190928,3296857,card_addr,1.0
191280,3299240,card_addr,1.0
191280,3299129,card_addr,1.0
191280,3297450,card_addr,1.0
191280,3299143,card_addr,1.0
191739,3362691,card_addr,1.0
191739,3359977,card_addr,1.0
191739,3341674,card_addr,1.0
191739,3298254,card_addr,1.0
191739,3309522,card_addr,1.0
191739,3354325,card_addr,1.0
191739,3332253,card_addr,1.0
191785,3533649,card_addr,0.25
191785,3298337,card_addr,0.25
191785,3485541,card_addr,0.25
191785,3431153,card_addr,0.25
193269,3566851,card_addr,0.1666666666666666
193269,3300869,card_addr,0.1666666666666666
193269,3575627,card_addr,0.1666666666666666
193269,3348077,card_addr,0.1666666666666666
193269,3454417,card_addr,0.1666666666666666
193269,3532632,card_addr,0.1666666666666666
195460,3472577,card_addr,0.6428571428571429
195460,3324803,card_addr,0.6428571428571429
195460,3472229,card_addr,0.6428571428571429
195460,3472584,card_addr,0.6428571428571429
195460,3343689,card_addr,0.6428571428571429
195460,3472524,card_addr,0.6428571428571429
195460,3472589,card_addr,0.6428571428571429
195460,3362063,card_addr,0.6428571428571429
195460,3472529,card_addr,0.6428571428571429
195460,3323378,card_addr,0.6428571428571429
195460,3472211,card_addr,0.6428571428571429
195460,3469716,card_addr,0.6428571428571429
195460,3472531,card_addr,0.6428571428571429
195460,3304603,card_addr,0.6428571428571429
196116,3305835,card_addr,0.6666666666666666
196116,3305756,card_addr,0.6666666666666666
196116,3305780,card_addr,0.6666666666666666
196728,3571000,device,0.9090909090909092
196728,3570979,device,0.9090909090909092
196728,3306820,device,0.9090909090909092
196728,3431687,device,0.9090909090909092
196728,3431370,device,0.9090909090909092
196728,3453359,device,0.9090909090909092
196728,3453423,device,0.9090909090909092
196728,3431698,device,0.9090909090909092
196728,3495186,device,0.9090909090909092
196728,3453432,device,0.9090909090909092
196728,3495166,device,0.9090909090909092
197688,3322000,card_addr,1.0
197688,3321562,card_addr,1.0
197688,3308378,card_addr,1.0
197688,3321997,card_addr,1.0
198566,3409798,card_addr,0.6666666666666666
198566,3309782,card_addr,0.6666666666666666
198566,3409807,card_addr,0.6666666666666666
199191,3341632,card_addr,0.3333333333333333
199191,3473861,card_addr,0.3333333333333333
199191,3429158,card_addr,0.3333333333333333
199191,3477415,card_addr,0.3333333333333333
199191,3310793,card_addr,0.3333333333333333
199191,3341646,card_addr,0.3333333333333333
199191,3504978,card_addr,0.3333333333333333
199191,3512788,card_addr,0.3333333333333333
199191,3511861,card_addr,0.3333333333333333
199191,3495610,card_addr,0.3333333333333333
199191,3325532,card_addr,0.3333333333333333
199191,3325535,card_addr,0.3333333333333333
205672,3380416,device,0.2666666666666666
205672,3321474,device,0.2666666666666666
205672,3398754,device,0.2666666666666666
205672,3407203,device,0.2666666666666666
205672,3321477,device,0.2666666666666666
205672,3435368,device,0.2666666666666666
205672,3374122,device,0.2666666666666666
205672,3484239,device,0.2666666666666666
205672,3398803,device,0.2666666666666666
205672,3440724,device,0.2666666666666666
205672,3407189,device,0.2666666666666666
205672,3440629,device,0.2666666666666666
205672,3514906,device,0.2666666666666666
205672,3555355,device,0.2666666666666666
205672,3407199,device,0.2666666666666666
205915,3330028,card_addr,0.3333333333333333
205915,3321868,card_addr,0.3333333333333333
205915,3460205,card_addr,0.3333333333333333
206006,3335552,card_addr,0.4
206006,3321986,card_addr,0.4
206006,3474243,card_addr,0.4
206006,3322116,card_addr,0.4
206006,3570249,card_addr,0.4
206684,3323209,card_addr,0.25
206684,3323210,card_addr,0.25
206684,3413203,card_addr,0.25
206684,3413818,card_addr,0.25
209107,3329409,card_addr,0.1111111111111111
209107,3330850,card_addr,0.1111111111111111
209107,3376354,card_addr,0.1111111111111111
209107,3384579,card_addr,0.1111111111111111
209107,3433218,card_addr,0.1111111111111111
209107,3339082,card_addr,0.1111111111111111
209107,3413579,card_addr,0.1111111111111111
209107,3450583,card_addr,0.1111111111111111
209107,3452779,card_addr,0.1111111111111111
209107,3500465,card_addr,0.1111111111111111
209107,3368692,card_addr,0.1111111111111111
209107,3336086,card_addr,0.1111111111111111
209107,3386999,card_addr,0.1111111111111111
209107,3455862,card_addr,0.1111111111111111
209107,3363065,card_addr,0.1111111111111111
209107,3511738,card_addr,0.1111111111111111
209107,3474590,card_addr,0.1111111111111111
209107,3327422,card_addr,0.1111111111111111
209117,3327714,card_addr,1.0
209117,3327440,card_addr,1.0
209117,3327445,card_addr,1.0
209117,3338454,card_addr,1.0
209117,3327705,card_addr,1.0
209486,3344163,card_addr,0.8888888888888888
209486,3408328,card_addr,0.8888888888888888
209486,3384174,card_addr,0.8888888888888888
209486,3328079,card_addr,0.8888888888888888
209486,3380177,card_addr,0.8888888888888888
209486,3368050,card_addr,0.8888888888888888
209486,3332372,card_addr,0.8888888888888888
209486,3395192,card_addr,0.8888888888888888
209486,3387326,card_addr,0.8888888888888888
209779,3328698,card_addr,1.0
209779,3328538,card_addr,1.0
209779,3331074,card_addr,1.0
209779,3330927,card_addr,1.0
210188,3329264,card_addr,1.0
210188,3329273,card_addr,1.0
210188,3329277,card_addr,1.0
210475,3530240,card_addr,0.0769230769230769
210475,3406689,card_addr,0.0769230769230769
210475,3379682,card_addr,0.0769230769230769
210475,3351204,card_addr,0.0769230769230769
210475,3329767,card_addr,0.0769230769230769
210475,3423849,card_addr,0.0769230769230769
210475,3476681,card_addr,0.0769230769230769
210475,3530797,card_addr,0.0769230769230769
210475,3433230,card_addr,0.0769230769230769
210475,3390641,card_addr,0.0769230769230769
210475,3365556,card_addr,0.0769230769230769
210475,3532149,card_addr,0.0769230769230769
210475,3508766,card_addr,0.0769230769230769
214595,3577088,card_addr,0.3333333333333333
214595,3401186,card_addr,0.3333333333333333
214595,3337784,card_addr,0.3333333333333333
214595,3336889,card_addr,0.3333333333333333
214595,3336890,card_addr,0.3333333333333333
214595,3336894,card_addr,0.3333333333333333
215073,3337760,card_addr,0.375
215073,3525156,card_addr,0.375
215073,3499655,card_addr,0.375
215073,3525161,card_addr,0.375
215073,3499665,card_addr,0.375
215073,3499634,card_addr,0.375
215073,3418613,card_addr,0.375
215073,3525141,card_addr,0.375
215466,3521008,card_addr,0.6666666666666666
215466,3411018,card_addr,0.6666666666666666
215466,3338420,card_addr,0.6666666666666666
215745,3338929,card_addr,1.0
215745,3338931,card_addr,1.0
215745,3338932,card_addr,1.0
216707,3352476,card_addr,0.6666666666666666
216707,3340612,card_addr,0.6666666666666666
216707,3457932,card_addr,0.6666666666666666
217789,3421857,card_addr,0.2
217789,3574916,card_addr,0.2
217789,3342514,card_addr,0.2
217789,3514870,card_addr,0.2
217789,3514810,card_addr,0.2
218265,3456909,device,0.53125
218265,3456910,device,0.53125
218265,3363995,device,0.53125
218265,3367071,device,0.53125
218265,3432740,device,0.53125
218265,3432744,device,0.53125
218265,3432746,device,0.53125
218265,3432748,device,0.53125
218265,3447985,device,0.53125
218265,3411250,device,0.53125
218265,3347127,device,0.53125
218265,3430588,device,0.53125
218265,3431489,device,0.53125
218265,3496899,device,0.53125
218265,3395140,device,0.53125
218265,3444166,device,0.53125
218265,3467344,device,0.53125
218265,3421139,device,0.53125
218265,3451480,device,0.53125
218265,3456858,device,0.53125
218265,3362782,device,0.53125
218265,3362790,device,0.53125
218265,3343334,device,0.53125
218265,3418854,device,0.53125
218265,3362797,device,0.53125
218265,3450989,device,0.53125
218265,3418863,device,0.53125
218265,3456878,device,0.53125
218265,3348721,device,0.53125
218265,3456883,device,0.53125
218265,3456884,device,0.53125
218265,3415294,device,0.53125
218304,3349446,card_addr,1.0
218304,3519243,card_addr,1.0
218304,3363889,card_addr,1.0
218304,3363602,card_addr,1.0
218304,3343412,card_addr,1.0
218304,3519258,card_addr,1.0
218304,3519195,card_addr,1.0
218304,3364253,card_addr,1.0
219092,3517249,card_addr,1.0
219092,3576001,card_addr,1.0
219092,3344774,card_addr,1.0
219092,3422982,card_addr,1.0
219092,3371635,card_addr,1.0
220230,3346722,card_addr,0.4
220230,3350755,card_addr,0.4
220230,3350853,card_addr,0.4
220230,3423572,card_addr,0.4
220230,3488027,card_addr,0.4
220486,3360290,device,0.8333333333333334
220486,3571748,device,0.8333333333333334
220486,3347141,device,0.8333333333333334
220486,3358830,device,0.8333333333333334
220486,3360316,device,0.8333333333333334
220486,3360254,device,0.8333333333333334
221786,3509764,card_addr,0.1428571428571428
221786,3471721,card_addr,0.1428571428571428
221786,3404620,card_addr,0.1428571428571428
221786,3349431,card_addr,0.1428571428571428
221786,3443381,card_addr,0.1428571428571428
221786,3360373,card_addr,0.1428571428571428
221786,3409974,card_addr,0.1428571428571428
222066,3349936,card_addr,1.0
222066,3349938,card_addr,1.0
222066,3349941,card_addr,1.0
222499,3350784,card_addr,1.0
222499,3350754,card_addr,1.0
222499,3350761,card_addr,1.0
222499,3350742,card_addr,1.0
222499,3350686,card_addr,1.0
222769,3452579,card_addr,0.2
222769,3366410,card_addr,0.2
222769,3427050,card_addr,0.2
222769,3351180,card_addr,0.2
222769,3468984,card_addr,0.2
222893,3351396,device,0.6666666666666666
222893,3468518,device,0.6666666666666666
222893,3466904,device,0.6666666666666666
222893,3387355,device,0.6666666666666666
222893,3466907,device,0.6666666666666666
222893,3466909,device,0.6666666666666666
224524,3397410,card_addr,0.1
224524,3416806,card_addr,0.1
224524,3405294,card_addr,0.1
224524,3433296,card_addr,0.1
224524,3416661,card_addr,0.1
224524,3354198,card_addr,0.1
224524,3415928,card_addr,0.1
224524,3442875,card_addr,0.1
224524,3362972,card_addr,0.1
224524,3415934,card_addr,0.1
225526,3533321,device,0.0714285714285714
225526,3566089,device,0.0714285714285714
225526,3505808,device,0.0714285714285714
225526,3424024,device,0.0714285714285714
225526,3562268,device,0.0714285714285714
225526,3537194,device,0.0714285714285714
225526,3424047,device,0.0714285714285714
225526,3537199,device,0.0714285714285714
225526,3424053,device,0.0714285714285714
225526,3542841,device,0.0714285714285714
225526,3424066,device,0.0714285714285714
225526,3424072,device,0.0714285714285714
225526,3560399,device,0.0714285714285714
225526,3501650,device,0.0714285714285714
225526,3368788,device,0.0714285714285714
225526,3408218,device,0.0714285714285714
225526,3562970,device,0.0714285714285714
225526,3408223,device,0.0714285714285714
225526,3408228,device,0.0714285714285714
225526,3504748,device,0.0714285714285714
225526,3425263,device,0.0714285714285714
225526,3424114,device,0.0714285714285714
225526,3355891,device,0.0714285714285714
225526,3425267,device,0.0714285714285714
225526,3531512,device,0.0714285714285714
225526,3486841,device,0.0714285714285714
225526,3423995,device,0.0714285714285714
225526,3408252,device,0.0714285714285714
225602,3356035,device,0.75
225602,3356036,device,0.75
225602,3412771,device,0.75
225602,3412870,device,0.75
225602,3412839,device,0.75
225602,3356040,device,0.75
225602,3412841,device,0.75
225602,3412778,device,0.75
225602,3389739,device,0.75
225602,3412877,device,0.75
225602,3390012,device,0.75
225602,3412830,device,0.75
227346,3532421,card_addr,0.1666666666666666
227346,3512973,card_addr,0.1666666666666666
227346,3359055,card_addr,0.1666666666666666
227346,3413329,card_addr,0.1666666666666666
227346,3461297,card_addr,0.1666666666666666
227346,3503320,card_addr,0.1666666666666666
228710,3361408,card_addr,0.3333333333333333
228710,3445484,card_addr,0.3333333333333333
228710,3566181,card_addr,0.3333333333333333
228763,3361507,device,1.0
228763,3367877,device,1.0
228763,3388965,device,1.0
228763,3388966,device,1.0
228763,3367880,device,1.0
228763,3367881,device,1.0
228763,3361491,device,1.0
228763,3367861,device,1.0
228763,3367868,device,1.0
228763,3367869,device,1.0
228763,3367870,device,1.0
229521,3362924,card_addr,1.0
229521,3362851,card_addr,1.0
229521,3362868,card_addr,1.0
230577,3364708,card_addr,0.4
230577,3476991,card_addr,0.4
230577,3364687,card_addr,0.4
230577,3506713,card_addr,0.4
230577,3476767,card_addr,0.4
230649,3364818,card_addr,1.0
230649,3376947,card_addr,1.0
230649,3368396,card_addr,1.0
230649,3376930,card_addr,1.0
231441,3372331,card_addr,0.1818181818181818
231441,3467627,card_addr,0.1818181818181818
231441,3424142,card_addr,0.1818181818181818
231441,3497263,card_addr,0.1818181818181818
231441,3440145,card_addr,0.1818181818181818
231441,3393171,card_addr,0.1818181818181818
231441,3366260,card_addr,0.1818181818181818
231441,3401304,card_addr,0.1818181818181818
231441,3378236,card_addr,0.1818181818181818
231441,3410109,card_addr,0.1818181818181818
231441,3391294,card_addr,0.1818181818181818
233929,3370659,device,1.0
233929,3370767,device,1.0
233929,3370768,device,1.0
233929,3370772,device,1.0
233929,3370773,device,1.0
237431,3381352,card_addr,1.0
237431,3380970,card_addr,1.0
237431,3376687,card_addr,1.0
237431,3380954,card_addr,1.0
237431,3381372,card_addr,1.0
237431,3381375,card_addr,1.0
238220,3378080,card_addr,0.0833333333333333
238220,3378017,card_addr,0.0833333333333333
238220,3378083,card_addr,0.0833333333333333
238220,3378085,card_addr,0.0833333333333333
238220,3378054,card_addr,0.0833333333333333
238220,3378022,card_addr,0.0833333333333333
238220,3378023,card_addr,0.0833333333333333
238220,3378341,card_addr,0.0833333333333333
238220,3378355,card_addr,0.0833333333333333
238220,3558261,card_addr,0.0833333333333333
238220,3378294,card_addr,0.0833333333333333
238220,3378010,card_addr,0.0833333333333333
238266,3378105,device,1.0
238266,3378115,device,1.0
238266,3378113,device,1.0
238266,3378101,device,1.0
238633,3378816,device,1.0
238633,3385344,device,1.0
238633,3378820,device,1.0
238633,3378792,device,1.0
238633,3378824,device,1.0
238633,3385323,device,1.0
238633,3385325,device,1.0
238633,3378767,device,1.0
238633,3385329,device,1.0
238633,3385337,device,1.0
238633,3378813,device,1.0
239460,3381576,card_addr,1.0
239460,3381579,card_addr,1.0
239460,3381585,card_addr,1.0
239460,3380277,card_addr,1.0
239460,3380279,card_addr,1.0
239510,3402274,card_addr,1.0
239510,3402275,card_addr,1.0
239510,3380351,card_addr,1.0
239681,3484385,card_addr,0.1666666666666666
239681,3484389,card_addr,0.1666666666666666
239681,3484362,card_addr,0.1666666666666666
239681,3380619,card_addr,0.1666666666666666
239681,3484365,card_addr,0.1666666666666666
239681,3486161,card_addr,0.1666666666666666
239776,3380800,card_addr,1.0
239776,3459010,card_addr,1.0
239776,3465187,card_addr,1.0
239857,3527585,card_addr,1.0
239857,3509062,card_addr,1.0
239857,3552714,card_addr,1.0
239857,3425270,card_addr,1.0
239857,3431160,card_addr,1.0
239857,3380927,card_addr,1.0
239902,3380997,card_addr,0.2857142857142857
239902,3527974,card_addr,0.2857142857142857
239902,3464940,card_addr,0.2857142857142857
239902,3464941,card_addr,0.2857142857142857
239902,3464942,card_addr,0.2857142857142857
239902,3527254,card_addr,0.2857142857142857
239902,3555000,card_addr,0.2857142857142857
239973,3429921,device,0.2857142857142857
239973,3381159,device,0.2857142857142857
239973,3381133,device,0.2857142857142857
239973,3546003,device,0.2857142857142857
239973,3546004,device,0.2857142857142857
239973,3405437,device,0.2857142857142857
239973,3569022,device,0.2857142857142857
240386,3381860,device,1.0
240386,3381864,device,1.0
240386,3381870,device,1.0
240386,3381903,device,1.0
240386,3381873,device,1.0
240386,3381876,device,1.0
240386,3381908,device,1.0
240386,3381881,device,1.0
241979,3384482,device,1.0
241979,3384548,device,1.0
241979,3384486,device,1.0
241979,3384551,device,1.0
241979,3384492,device,1.0
241979,3384472,device,1.0
242009,3388737,device,0.625
242009,3388710,device,0.625
242009,3388678,device,0.625
242009,3384531,device,0.625
242009,3389812,device,0.625
242009,3480339,device,0.625
242009,3388694,device,0.625
242009,3488405,device,0.625
242213,3384882,card_addr,1.0
242213,3438235,card_addr,1.0
242213,3430474,card_addr,1.0
242213,3438234,card_addr,1.0
242981,3554529,device,0.4285714285714285
242981,3386181,device,0.4285714285714285
242981,3554442,device,0.4285714285714285
242981,3546065,device,0.4285714285714285
242981,3551895,device,0.4285714285714285
242981,3549115,device,0.4285714285714285
242981,3554527,device,0.4285714285714285
243455,3406722,card_addr,1.0
243455,3406724,card_addr,1.0
243455,3387037,card_addr,1.0
243584,3387256,card_addr,1.0
243584,3387250,card_addr,1.0
243584,3387264,card_addr,1.0
243848,3544384,card_addr,0.8
243848,3542372,card_addr,0.8
243848,3387686,card_addr,0.8
243848,3501043,card_addr,0.8
243848,3544407,card_addr,0.8
244249,3496067,device,0.4090909090909091
244249,3496068,device,0.4090909090909091
244249,3528197,device,0.4090909090909091
244249,3415050,device,0.4090909090909091
244249,3541648,device,0.4090909090909091
244249,3572508,device,0.4090909090909091
244249,3406242,device,0.4090909090909091
244249,3507875,device,0.4090909090909091
244249,3528620,device,0.4090909090909091
244249,3403055,device,0.4090909090909091
244249,3504306,device,0.4090909090909091
244249,3520950,device,0.4090909090909091
244249,3520953,device,0.4090909090909091
244249,3549114,device,0.4090909090909091
244249,3388365,device,0.4090909090909091
244249,3485146,device,0.4090909090909091
244249,3502172,device,0.4090909090909091
244249,3507043,device,0.4090909090909091
244249,3499111,device,0.4090909090909091
244249,3491182,device,0.4090909090909091
244249,3566843,device,0.4090909090909091
244249,3533183,device,0.4090909090909091
244910,3395458,card_addr,0.4444444444444444
244910,3394786,card_addr,0.4444444444444444
244910,3389443,card_addr,0.4444444444444444
244910,3414498,card_addr,0.4444444444444444
244910,3565090,card_addr,0.4444444444444444
244910,3493618,card_addr,0.4444444444444444
244910,3394708,card_addr,0.4444444444444444
244910,3569147,card_addr,0.4444444444444444
244910,3394780,card_addr,0.4444444444444444
245728,3565728,card_addr,0.4
245728,3523618,card_addr,0.4
245728,3555978,card_addr,0.4
245728,3523605,card_addr,0.4
245728,3390842,card_addr,0.4
247374,3393609,card_addr,0.3333333333333333
247374,3547444,card_addr,0.3333333333333333
247374,3527989,card_addr,0.3333333333333333
247547,3450722,card_addr,0.875
247547,3453826,card_addr,0.875
247547,3453384,card_addr,0.875
247547,3450734,card_addr,0.875
247547,3393906,card_addr,0.875
247547,3453971,card_addr,0.875
247547,3450581,card_addr,0.875
247547,3456091,card_addr,0.875
248554,3395568,card_addr,1.0
248554,3396304,card_addr,1.0
248554,3485753,card_addr,1.0
248554,3485758,card_addr,1.0
248554,3485759,card_addr,1.0
250627,3420929,device,0.1136363636363636
250627,3459074,device,0.1136363636363636
250627,3464833,device,0.1136363636363636
250627,3421060,device,0.1136363636363636
250627,3458693,device,0.1136363636363636
250627,3566342,device,0.1136363636363636
250627,3421836,device,0.1136363636363636
250627,3431437,device,0.1136363636363636
250627,3457934,device,0.1136363636363636
250627,3428239,device,0.1136363636363636
250627,3514764,device,0.1136363636363636
250627,3498002,device,0.1136363636363636
250627,3450004,device,0.1136363636363636
250627,3470357,device,0.1136363636363636
250627,3462935,device,0.1136363636363636
250627,3480856,device,0.1136363636363636
250627,3421469,device,0.1136363636363636
250627,3411104,device,0.1136363636363636
250627,3472033,device,0.1136363636363636
250627,3502765,device,0.1136363636363636
250627,3450031,device,0.1136363636363636
250627,3450035,device,0.1136363636363636
250627,3564863,device,0.1136363636363636
250627,3410752,device,0.1136363636363636
250627,3450048,device,0.1136363636363636
250627,3542088,device,0.1136363636363636
250627,3522378,device,0.1136363636363636
250627,3450059,device,0.1136363636363636
250627,3445452,device,0.1136363636363636
250627,3522384,device,0.1136363636363636
250627,3542096,device,0.1136363636363636
250627,3542097,device,0.1136363636363636
250627,3543249,device,0.1136363636363636
250627,3560021,device,0.1136363636363636
250627,3445209,device,0.1136363636363636
250627,3466329,device,0.1136363636363636
250627,3478873,device,0.1136363636363636
250627,3517914,device,0.1136363636363636
250627,3478877,device,0.1136363636363636
250627,3399137,device,0.1136363636363636
250627,3500007,device,0.1136363636363636
250627,3462517,device,0.1136363636363636
250627,3513207,device,0.1136363636363636
250627,3399292,device,0.1136363636363636
256455,3409200,card_addr,0.6666666666666666
256455,3458871,card_addr,0.6666666666666666
256455,3413759,card_addr,0.6666666666666666
260257,3473048,card_addr,0.3333333333333333
260257,3415554,card_addr,0.3333333333333333
260257,3450634,card_addr,0.3333333333333333
260883,3416662,card_addr,1.0
260883,3416669,card_addr,1.0
260883,3416654,card_addr,1.0
264837,3496706,card_addr,1.0
264837,3489422,card_addr,1.0
264837,3508368,card_addr,1.0
264837,3489427,card_addr,1.0
264837,3508371,card_addr,1.0
264837,3489430,card_addr,1.0
264837,3493146,card_addr,1.0
264837,3427867,card_addr,1.0
264837,3493151,card_addr,1.0
264837,3491633,card_addr,1.0
264837,3491635,card_addr,1.0
264837,3427797,card_addr,1.0
264837,3427798,card_addr,1.0
264837,3498715,card_addr,1.0
264837,3425500,card_addr,1.0
264837,3498721,card_addr,1.0
264837,3423464,card_addr,1.0
264837,3453161,card_addr,1.0
264837,3502573,card_addr,1.0
269734,3435009,card_addr,1.0
269734,3434884,card_addr,1.0
269734,3436516,card_addr,1.0
269734,3432074,card_addr,1.0
269734,3451533,card_addr,1.0
269734,3461937,card_addr,1.0
269734,3432210,card_addr,1.0
269734,3443378,card_addr,1.0
269734,3434965,card_addr,1.0
269734,3454423,card_addr,1.0
269734,3431935,card_addr,1.0
270055,3432450,card_addr,0.2352941176470588
270055,3488870,card_addr,0.2352941176470588
270055,3503974,card_addr,0.2352941176470588
270055,3535720,card_addr,0.2352941176470588
270055,3549512,card_addr,0.2352941176470588
270055,3489484,card_addr,0.2352941176470588
270055,3555948,card_addr,0.2352941176470588
270055,3532313,card_addr,0.2352941176470588
270055,3526447,card_addr,0.2352941176470588
270055,3480049,card_addr,0.2352941176470588
270055,3466450,card_addr,0.2352941176470588
270055,3570935,card_addr,0.2352941176470588
270055,3475449,card_addr,0.2352941176470588
270055,3482906,card_addr,0.2352941176470588
270055,3561787,card_addr,0.2352941176470588
270055,3525917,card_addr,0.2352941176470588
270055,3573534,card_addr,0.2352941176470588
273044,3439235,card_addr,0.3333333333333333
273044,3437612,card_addr,0.3333333333333333
273044,3450620,card_addr,0.3333333333333333
274532,3538849,device,0.5
274532,3440323,device,0.5
274532,3477382,device,0.5
274532,3491495,device,0.5
274532,3491464,device,0.5
274532,3491479,device,0.5
274532,3499400,device,0.5
274532,3499596,device,0.5
274532,3505292,device,0.5
274532,3444015,device,0.5
274532,3491472,device,0.5
274532,3491503,device,0.5
274532,3499600,device,0.5
274532,3497140,device,0.5
274532,3491509,device,0.5
274532,3477975,device,0.5
274577,3440410,device,1.0
274577,3440419,device,1.0
274577,3440418,device,1.0
274577,3440420,device,1.0
275728,3447689,card_addr,1.0
275728,3447690,card_addr,1.0
275728,3442372,card_addr,1.0
275728,3447694,card_addr,1.0
275789,3444900,card_addr,1.0
275789,3442476,card_addr,1.0
275789,3446246,card_addr,1.0
280677,3496564,card_addr,0.6666666666666666
280677,3451084,card_addr,0.6666666666666666
280677,3451397,card_addr,0.6666666666666666
288374,3464856,device,1.0
288374,3464819,device,1.0
288374,3464815,device,1.0
288934,3559921,device,0.5
288934,3529475,device,0.5
288934,3510852,device,0.5
288934,3465837,device,0.5
291724,3493897,card_addr,0.3333333333333333
291724,3470947,card_addr,0.3333333333333333
291724,3493862,card_addr,0.3333333333333333
293029,3537792,device,1.0
293029,3553122,device,1.0
293029,3473290,device,1.0
293029,3537710,device,1.0
293029,3537713,device,1.0
293029,3536916,device,1.0
293029,3553114,device,1.0
293029,3537499,device,1.0
293029,3537500,device,1.0
293029,3540349,device,1.0
293029,3537502,device,1.0
293029,3537503,device,1.0
294795,3485632,card_addr,1.0
294795,3532555,card_addr,1.0
294795,3476659,card_addr,1.0
294795,3485621,card_addr,1.0
294795,3533021,card_addr,1.0
294795,3489535,card_addr,1.0
298630,3483712,card_addr,1.0
298630,3483482,card_addr,1.0
298630,3483722,card_addr,1.0
300376,3486692,card_addr,1.0
300376,3486484,card_addr,1.0
300376,3490037,card_addr,1.0
300597,3486883,device,0.75
300597,3486886,device,0.75
300597,3488935,device,0.75
300597,3488936,device,0.75
300597,3565350,device,0.75
300597,3486863,device,0.75
300597,3542643,device,0.75
300597,3559987,device,0.75
300597,3486934,device,0.75
300597,3486939,device,0.75
300597,3486876,device,0.75
300597,3486943,device,0.75
301614,3565538,device,0.375
301614,3559045,device,0.375
301614,3562662,device,0.375
301614,3538730,device,0.375
301614,3538732,device,0.375
301614,3502932,device,0.375
301614,3488669,device,0.375
301614,3531550,device,0.375
304083,3492864,card_addr,1.0
304083,3492865,card_addr,1.0
304083,3492863,card_addr,1.0
305706,3495696,device,1.0
305706,3495689,device,1.0
305706,3495695,device,1.0
309414,3501816,card_addr,1.0
309414,3501819,card_addr,1.0
309414,3501812,card_addr,1.0
311106,3504739,card_addr,1.0
311106,3504717,card_addr,1.0
311106,3504767,card_addr,1.0
311628,3534585,card_addr,0.3333333333333333
311628,3505598,card_addr,0.3333333333333333
311628,3505599,card_addr,0.3333333333333333
314595,3510880,device,1.0
314595,3521505,device,1.0
314595,3521485,device,1.0
314595,3514767,device,1.0
314595,3510876,device,1.0
320184,3520640,device,1.0
320184,3520625,device,1.0
320184,3520636,device,1.0
320184,3520645,device,1.0
322070,3523824,card_addr,1.0
322070,3523826,card_addr,1.0
322070,3523819,card_addr,1.0
324028,3541411,device,1.0
324028,3541415,device,1.0
324028,3541419,device,1.0
324028,3541008,device,1.0
324028,3541425,device,1.0
324028,3527059,device,1.0
324028,3541013,device,1.0
324028,3540663,device,1.0
326511,3573319,device,0.5
326511,3575017,device,0.5
326511,3542703,device,0.5
326511,3565488,device,0.5
326511,3565489,device,0.5
326511,3575023,device,0.5
326511,3573813,device,0.5
326511,3531382,device,0.5
326511,3565463,device,0.5
326511,3573302,device,0.5
326511,3569113,device,0.5
326511,3573310,device,0.5
327324,3533487,device,0.3333333333333333
327324,3532782,device,0.3333333333333333
327324,3532831,device,0.3333333333333333
328879,3543501,card_addr,1.0
328879,3543504,card_addr,1.0
328879,3543507,card_addr,1.0
328879,3543510,card_addr,1.0
328879,3535482,card_addr,1.0
328934,3537056,card_addr,1.0
328934,3535586,card_addr,1.0
328934,3536965,card_addr,1.0
328934,3538854,card_addr,1.0
328934,3541670,card_addr,1.0
328934,3538600,card_addr,1.0
328934,3538890,card_addr,1.0
328934,3535595,card_addr,1.0
328934,3541388,card_addr,1.0
328934,3536845,card_addr,1.0
328934,3538605,card_addr,1.0
328934,3541357,card_addr,1.0
328934,3538577,card_addr,1.0
328934,3537042,card_addr,1.0
328934,3536983,card_addr,1.0
328934,3538810,card_addr,1.0
329139,3536088,card_addr,1.0
329139,3536329,card_addr,1.0
329139,3535954,card_addr,1.0
332845,3542625,card_addr,1.0
332845,3544194,card_addr,1.0
332845,3542532,card_addr,1.0
338441,3551728,card_addr,1.0
338441,3561457,card_addr,1.0
338441,3561465,card_addr,1.0
338537,3551907,device,1.0
338537,3552840,device,1.0
338537,3552791,device,1.0
338537,3552797,device,1.0
338537,3552831,device,1.0
343133,3560139,device,0.1666666666666666
343133,3562541,device,0.1666666666666666
343133,3577529,device,0.1666666666666666
343133,3562581,device,0.1666666666666666
343133,3562521,device,0.1666666666666666
343133,3575194,device,0.1666666666666666
348556,3569809,card_addr,1.0
348556,3569810,card_addr,1.0
348556,3569814,card_addr,1.0
349927,3572418,card_addr,1.0
349927,3572470,card_addr,1.0
349927,3572423,card_addr,1.0
